:1020000000800020AD200000A9200000A9200000D1
:1020100000000000000000000000000000000000C0
:10202000000000000000000000000000A9200000E7
:102030000000000000000000A9200000A92000000E
:10204000B5A90000A92000008DA90000FD25000011
:10205000A920000011490000A9200000A9200000CB
:10206000A920000011130100A9200000A9200000F0
:10207000ABBF0000A9200000A9200000A92000009B
:10208000A1BB0000A9200000A9200000A920000099
:10209000A9200000A9200000A9200000A92000001C
:1020A000A9200000A9200000FEE7FFFF10B50A4AA2
:1020B0000A4B0B498B420AD300210A4B0A4A93422E
:1020C00008D30A4B0A4A936000F036FFFEE701CAC4
:1020D00001C3EFE702C3F2E7A8810200000000207D
:1020E000780A0020780A00209421002000200000B7
:1020F00000ED00E0FEE7FFFF06220C4B1A750C4BCB
:102100000C4A1A6001220C4B9A7192189A709A79B3
:10211000002AFCD0094B0A4A0A499A620A4A91826B
:1021200004211174094ADA627047C0460010004069
:10213000780A002000127A0000040040001C0040D1
:1021400003210100DE0300000014004004212000F0
:1021500080220021114B52009A601983D9681142E4
:10216000FCD080210E4A89001268920E92020A4326
:10217000DA61922252001A830A4A1A6280225200BD
:10218000D9681142FCD00222198B0A431A83064AED
:10219000064B536253681B07FCD470470010004085
:1021A0002060800080BB0104001C00400603010089
:1021B000014B18687047C046780A0020154B9842BA
:1021C00021D007D8144B98420CD0144B98420FD012
:1021D00000207047124B9842FAD10C23114A117D0E
:1021E0000B4303E00C210F4A137D8B43137506E06C
:1021F0000C230C490A7D9A43083B13430B750A4B89
:1022000018600120E5E70C2306490A7D9A43043B48
:10221000F3E7C046001BB70000093D0000127A003A
:102220000024F40000100040780A00200723074A29
:1022300051789943033B0B43537053785B075B0F13
:10224000042BFAD1BFF34F8F30BF7047000400401A
:10225000F8B5040E070026000E4D002E0AD1230605
:10226000E41AE4196C60AC60802464022B68234299
:102270000DD0F8BD084B013E6B60F6B2AB6080221A
:102280002B6852021342E7D110F0A0FFF7E710F0DD
:102290009DFFEBE710E000E0FFFFFF00024B034A69
:1022A0005A6005221A60704710E000E0FFFFFF004F
:1022B00010B50400FFF77CFF084B984208DC084982
:1022C00014F092FC44430A206043FFF7C1FF10BDA5
:1022D000044914F089FC44436420F5E77F96980094
:1022E00010270000A0860100024A138C002BFCD1AD
:1022F0007047C0460030004210B50C4C2389DB0605
:10230000DB0E834207D01F222389104093430343EF
:102310002381FFF7E9FF0223227E13432376A3796B
:10232000DB07FCD5A08C80B210BDC0460030004257
:102330001F214209064B520108409B181B560020E2
:1023400010B5834202DBD8B2FFF7D6FF10BDC046FE
:10235000A44702008023244A5B01D16970B50B4376
:10236000D3614022214B224C1A6023789B0705D56C
:1023700023783E3A93432370FFF7B6FF0125237875
:102380002B432370FFF7B0FF07210323E02062787F
:10239000C0008A4313436370164B1B681A02DB08A4
:1023A00002400B401343A385FFF79EFF0F21052337
:1023B000A2788A431343A370302362899A43203B57
:1023C0001343638122890C4B1A40C0235B011343E2
:1023D00023810423227B8A4313433F222373637B9D
:1023E00093436373657170BD00080040E41C0040B6
:1023F0000030004220608000FFE0FFFF0223054A1A
:1024000010B511780B431370FFF76EFF1A20FFF71A
:1024100073FF10BD00300042024B18788007C00FD8
:102420007047C046003000420221064A10B51378BA
:102430008B431370FFF758FF034A0449D3690B40DD
:10244000D36110BD0030004200080040FFEFFFFFE5
:10245000024A5368002BFCD17047C0460028004058
:1024600080230C4ADB00516910B50B4353610222F3
:10247000094C237893432370FFF7EAFF0123227866
:1024800013432370FFF7E4FF1023227813432370D4
:1024900010BDC04600080040002800400223074A43
:1024A00010B511780B431370FFF7D2FFC02108223B
:1024B000034B49005A501A6010BDC0460028004026
:1024C00000E100E0F0B51F2587B02D4B44090592CF
:1024D000620105409B185E5701900491002E4CDB71
:1024E0000123072E00DC0023DBB20393072302271E
:1024F000244A33409B0002931378E401BB431370DA
:10250000FFF7A6FF01221300AB401F4964186519AD
:10251000636040352B781F432F702B7813432B704B
:10252000019B59100F23194064180199303411424E
:102530001FD0227813402370039B02989A00114BFE
:10254000D2180F238340D1699943049B83400B43E6
:102550000599002902D0082181400B43D361022351
:1025600008490A7813430B70FFF772FF300007B079
:10257000F0BD22789A432270DEE701267642F5E725
:102580000448020000280040006000411F21F8B507
:1025900042090C4B520108409B181E5600208642EF
:1025A0000FDB0227084D2B78BB432B70FFF750FF42
:1025B0000123B3402B612B781F432F70FFF748FF97
:1025C0000120F8BD04480200002800400221064A0C
:1025D00013788B4313700822044B191DCA67C0215E
:1025E00049005A507047C0460028004000E100E012
:1025F000014B18607047C0467C0A0020064B70B53E
:10260000064C1D686069002D03D014F06FFCC0B249
:10261000A847034B636170BD7C0A0020002800407E
:10262000FFFF000010B5012000F038F910BDFFFFDA
:102630000C224243224B70B5D4580D0000F004F92F
:102640000222236893432360E3699B07FCD40123A0
:10265000226813432360E369DB07FCD4E3699B072B
:10266000F9D40123226813432360E369DB07FCD418
:102670002368DB07F9D414232360EC336360E36938
:102680005B07FCD4FFF794FD6900060014F022FA02
:102690000C49451F300014F01DFA9623FA215B0007
:1026A0005843C90014F016FAFF23281AE5681840A9
:1026B0009D430543E560E3695B07FCD470BDC046FC
:1026C0003047020040420F0010B501200149FFF7DA
:1026D000AFFF10BDA086010010B5040000F0D0F8D7
:1026E0000C2030226043054BC358598B9143203A4C
:1026F0000A435A83DA695207FCD410BD30470200FE
:1027000010B50120FFF7E8FF10BDFFFF30B50C2525
:102710004543204C2C59608B8006800F032833D012
:10272000606A4900C00AC00208431B496062207EFB
:10273000C00702D401390029F9D1618B8906890FBC
:10274000022921D1618B490721D42000D3182830D8
:102750009A4209D1C02362689B0213436360E06917
:102760004007FCD4C00F30BD11780170217EC9072D
:1027700005D5618B01324907EAD5042005E0618B5C
:10278000C907F3D5032000E002204042EBE7012017
:10279000FBE7C04630470200A086010010B51300D9
:1027A0000A0001000120FFF7B1FF10BD30B50C2574
:1027B00045431E4C2C59608B8006800F032830D077
:1027C00001204D00616A2843C90AC90201436162C0
:1027D00061681748014061601649207E800702D475
:1027E00001390029F9D1618B8906890F022918D195
:1027F000618B490718D42000D31828309A4209D198
:10280000E0236268DB0213436360E0694007FCD4A5
:10281000C00F30BD01781170217E8907FCD50132CF
:10282000ECE702204042F4E70120FBE730470200DA
:10283000FFFFFBFFA086010010B513000A00010096
:102840000120FFF7B3FF10BD0C224243094B0A4998
:102850009A18137A526810B5CC69D2B22243CA6171
:102860004021064A20339B0099505368002BFCD12D
:1028700010BDC0463047020000080040001C004068
:102880000C224243044BD358022219680A431A60AF
:10289000DA699207FCD47047304702000C2202210B
:1028A0004243044BD3581A688A431A60DA69920784
:1028B000FCD4704730470200024A53691842FCD1E9
:1028C0007047C046003C0042F0B50700012085B0CB
:1028D00003930BAB1B780E00019322490CAB1D78C0
:1028E0000AAB02921A784B7C0240834313434B7429
:1028F00080231D4A1B02D1691C4C0B43D361236802
:102900009B0705D52368001883432360FFF7D4FF96
:10291000012023682D0303432360FFF7CDFFC0226E
:10292000029B92021B041340E022D2011540C022F8
:102930001D43019B92001B0213401C221D43039B5D
:10294000E7619B0013401D43094B26622B43236024
:102950008123A380013B04202372FFF7ADFF05B064
:10296000F0BDC0460014004000080040003C00429A
:1029700040003005FF2300011840014BD88070470C
:10298000003C0042022010B5034A13680343136061
:10299000FFF792FF10BDC046003C00420022094BE9
:1029A0005A62DA625A63DA635A64DA645A65DA653B
:1029B0009A621A639A631A649A641A659A651A6627
:1029C0007047C046003C004230B501254B099D4090
:1029D0004000C018054A800080182B0004681F2999
:1029E00001D801238B402343036030BD243C0042C7
:1029F00030B501254A0995404000064B80188000FB
:102A0000C0182A0003681F2901D801228A40934375
:102A1000036030BD243C004201280CD0022812D0B3
:102A2000002807D1012353401F22DB010A40134332
:102A3000094A137670471F2350400B40C0011843CA
:102A4000054B5876F6E7012353401F22DB01114066
:102A5000014A0B439376EDE7003C004210B5012894
:102A600010D0022817D0002808D101220A401021D6
:102A70000D481201037A8B43134303720420FFF7BE
:102A80001BFF10BD08402021074A4001137A8B43E9
:102A900003431372F2E70120034A0140137A3F30E7
:102AA000890183430B43F4E7003C004270B50326E1
:102AB0000F4C3340A56EB6195B00B5431D43A566A8
:102AC0000123002803D0A26E9A43A26670BDA06EB7
:102AD00009020343A366A36E0648120403400B4396
:102AE000A366A36E04490B401343A366EEE7C046FA
:102AF000003C0042FF00FFFFFFFF00FF01210840F4
:102B00008840054A10B5137A49188B430343137262
:102B10000420FFF7D1FE10BD003C004270B5032633
:102B20000E4C3340E56EB619B5435B001D43E566B8
:102B30000F25E36E2940E135AB4309010B43012129
:102B4000E366E36E0A408B431343E366E36E044A95
:102B5000000213400343E36670BDC046003C0042E0
:102B6000FF0000FF012202400420054910B50B7A46
:102B70009200834313430B72FFF79EFE10BDC046C5
:102B8000003C0042022010B5034A136883431360DF
:102B9000FFF792FE10BDC046003C0042054A064BBE
:102BA0001278821A0C205043C2581369002BFCD1B2
:102BB0007047C0467047020074470200F8B5174BD3
:102BC00016001D78164B451B1A780023954222DA11
:102BD0000C246C43134AA5582B1E1CD0124F1219FB
:102BE000FB6954682343FB610727137A40220124C1
:102BF0003940114320330D4A9B0099502B683E40C9
:102C000023432B60FFF7CAFF2A68094B36021A409C
:102C1000230032432A601800F8BDC0467047020006
:102C2000714702007447020000080040001C004089
:102C3000FFF8FFFF074A10B512780324801A0C2210
:102C40005043054B2140C0588900036893430B4310
:102C5000036010BD7047020074470200074A084B2A
:102C60001278821A0C205043C25801201368014088
:102C70003F30890183430B43136070477047020064
:102C800074470200074A084B11780C22411A4A4344
:102C9000D258022310B511680B431360FFF77EFF73
:102CA00010BDC0467047020074470200044A054B3D
:102CB0001278821A0C205043C358D9767047C04608
:102CC0007047020074470200074A10B511780C22C1
:102CD000411A4A430221054BD25813688B431360B3
:102CE000FFF75CFF10BDC04670470200744702004A
:102CF0000C224243024BD2589368002BFCD1704700
:102D000064470200F7B5154B16001B7800240191AB
:102D1000834221D9124F0C34FB6944431900114AF4
:102D200015196B681943F96107272B7A402501991A
:102D30002033394029430C4D9B005951A55801249B
:102D40002B683E4023432B60FFF7D2FF2A68074BD6
:102D500036021A4032432A602000FEBD604702005E
:102D60000008004064470200001C0040FFF8FFFF1D
:102D70000C2242430120054B0140D25804481368FD
:102D8000C90203400B4313607047C046644702000A
:102D9000FFF7FFFF0C2242430720044B0140D258AB
:102DA000D36B83430B43D3637047C0466447020031
:102DB00010B50C244443074B1031E05801238B40DD
:102DC000012A03D182691343836110BD82699A434A
:102DD0008261FAE7644702000C224243044B10B5BB
:102DE000D258022311680B431360FFF781FF10BD17
:102DF000644702000C224243024BD35818688007F4
:102E0000C00F70476447020010B50C2444430A4BBE
:102E10000902E458002A08D0E36E090A1B0E1B06BB
:102E20000B43E366FFF764FF10BD236C090A1B0E1A
:102E30001B060B432364F5E7644702000C22424360
:102E4000024BD358186C0002000A70476447020016
:102E500070B50C2646430D4C15023459002B0AD090
:102E60001C3189000A592D0A120E12062A430A51F2
:102E7000FFF73EFF70BD10318B00E3185A682D0A32
:102E8000120E12062A435A60F2E7C0466447020057
:102E90000C220221424310B5034BD25813688B43D6
:102EA0001360FFF725FF10BD644702000C22424368
:102EB00030B51B4BD258157E6B0712D5538B194971
:102EC000148D53830B6818480133034003D517480A
:102ED000013B03430133486883421AD10121144B5B
:102EE000197001231D4213D012494C6808688442AE
:102EF00014D04B680C4CCB18187A4B68C0B2013315
:102F0000234003D5094C013B234301334B6010851B
:102F100030BD0868081804720B60E2E71375F7E724
:102F2000304702008C0B0020FF00008000FFFFFFF5
:102F3000800A0020840A002010B5FFF7DDF8FFF7B3
:102F4000ADF910F073FD10F055FE10F055FE10F0C5
:102F50000FFF0028FBD0FFF769F9F8E710B5002054
:102F600000F068FB10BD02780300D207D00F002AE2
:102F700010D11A7852070CD41978C907C80F002944
:102F80000AD11A78520704D40422012019780A437E
:102F90001A7070470020FCE7D00FFAE702780300B0
:102FA0005207D00F002A06DA1A78D20704D4042177
:102FB0001A788A431A7070470020FCE74379027937
:102FC0001B021343C2785B0592075B0D920F022A26
:102FD0000DD00020032A16D0012A13D102394A420B
:102FE00051410D4A891899424041C0B20AE09142CC
:102FF00004D10A4A981843425841F6E7002040227B
:103000009A42404170474022022901D18022D200D9
:103010009A424041E9E7C046FF03000000FEFFFF7F
:1030200070B57F268A18914200D370BD4C78052C6C
:1030300006D18D782C0034406400ED0904196355E5
:103040000C780919EFE78A1892B24000914201D832
:10305000824201DB121A92B21000704770B5040070
:103060000800D11AA58889B29A4202D26E00891945
:1030700089B20E1E11D08D4204D295420FD8521B38
:1030800093B263819D420CD9E28821685204520CAC
:103090005343C91819F056FB0126300070BDAA1819
:1030A000EEE75B1B9BB2EDE7F7B506009008030067
:1030B0000C00002B0ED1032415002540224208D01D
:1030C000800009182A0001A8019319F03BFB019B1D
:1030D0003360F7BD657827782D023D43A778013B23
:1030E0003F042F43E5789BB22D063D433560043401
:1030F000DFE7F0B5060089B00D000EA908880FA91A
:1031000009781C1A8C46A4B2B188834202D24F00BF
:10311000E419A4B2002C2AD0A14205D2994229D8A0
:103120005B1A0C0098B27081231C944200D9131CC6
:103130009CB2814220D9F2880B1A5204520C17001B
:103140009BB2611A41185F4351435043BFB201978C
:103150008FB231680291091803916146012918D094
:103160009C420CD828006243039919F0EBFA200026
:1031700009B0F0BDCB18D4E7401A80B2D9E7019A64
:103180000399280019F0DEFA019B3A003168E8182B
:10319000EBE79C4206D86243039992B22800FFF7FE
:1031A00083FFE4E70326019B2800B3431A00039939
:1031B0000493FFF779FF019B33400593019B334252
:1031C00021D0049B0399059AC91804239B1A181C43
:1031D0009BB2BB4200D9381C002280B23F1ABFB25A
:1031E000079207AB8E5CD654059E0132B242F9D1EC
:1031F00002999B181A18C91A934209D1029B1B18ED
:103200000293079B2B60002FB1D03A000299C5E7CB
:10321000CE5C1E700133EFE7F7B59608350003006A
:10322000002D0DD1032314001C401A4207D00B6857
:10323000B6002200801901A9019319F083FAF7BDA5
:103240000C68013D270A1C705F70270C240E9F70CC
:10325000DC70ADB20433E3E7F0B5040087B003934C
:1032600000910089E37967891600A58880B2BFB212
:103270001B0637D4C31BB84202D26B00DB1BC3183A
:103280009BB2AB4200D3A6E0EB1A1A1C9BB2B3422E
:1032900000D9321C96B207003B00AB4245D2E2880F
:1032A000E91A5204520C100089B2751B5D1948438B
:1032B0005543534380B20290A8B225680190ED189F
:1032C000039B012B3FD0B14232D3280072430099B7
:1032D00019F038FA32003900A088FFF7B4FE350043
:1032E00020810EE0AA420FD3039B002B07D1E38875
:1032F000561B5B045B0C7343009AD31800932E1E7D
:10330000CAD1280007B0F0BD6A00C31BB84201D281
:10331000D31BC3189BB29B199342BCDBAA1B390079
:10332000280092B2FFF78FFEB5E75B1B9BB2B4E7B4
:10333000029A0099280019F005FA0099029B20686A
:10334000019AC918C4E7B14206D328007243009914
:1033500092B2FFF761FFBDE70323029A00999A43F7
:1033600028000392FFF758FF03230299029A19409D
:103370001A422ED0039B0198ED1804235B1A1A1CE5
:103380009BB2834201D96B469A8893B29C466246AF
:10339000019B9B1A00229BB20193009B1B68059323
:1033A00005ABD05CA85401328A42FAD19B18624620
:1033B0002068D518C21A9D4207D16044019B002B9A
:1033C00000D187E71A000099C3E71978D154013377
:1033D000F1E72068F2E7002593E770B58026040046
:1033E00004A8057836020020B24209D85B04ED0338
:1033F0005B0C1D43608121602081A280E58001304B
:1034000070BD10B5048941898288A3B288B28C420C
:1034100007D31B1A9BB2101C9A4200D9181C80B209
:1034200010BD5100091A5B18F4E703894089181A86
:1034300043425841C0B2704710B50489428981881F
:10344000A3B290B2944205D31B1A00209BB28B42C8
:10345000404110BD4A00121A9B18F6E710B50489C6
:1034600041898288A3B288B28C4207D31B1A9BB2CF
:1034700000209A4201D9D21A90B210BD5100091A07
:103480005B18F4E770B50289438992B29BB20400DD
:10349000FFF7E4FD050061892A00A08889B2FFF7E3
:1034A000D2FD6081280070BD37B504000025038976
:1034B00040899BB2019500902000FFF71AFE05009D
:1034C00061892A00A08889B2FFF7BDFD60812800CC
:1034D0003EBD70B5058904000E00ADB2FFF7ACFF2C
:1034E000002804D0E3791B06D80F002B13DA28003C
:1034F000A388834210D9E28823685204520C5043B7
:103500003100181819F01EF901222900A088FFF7D0
:103510009AFD2081012070BDC01A80B2E9E710B584
:10352000002A03D00023FFF797FE0200100010BD11
:10353000002343810381012070477F22CB01C179A1
:1035400011401943C17101207047FFFF0A4A03006F
:10355000002A0BD0094A1278824205D9182208495C
:1035600053430868C0187047831ADBB25A4253416C
:1035700004485B421840F6E700000000580D0020A8
:103580005C0D00206448020070B505000C001600B8
:10359000C86800F0DDFC320028000121E36898478C
:1035A00070BDFFFF70B5050000240F4B1B78A342D0
:1035B0000FD2332200210D4818F0B8FE1022FF214F
:1035C0000B4818F0B3FE1022FF210A4818F0AEFE97
:1035D00070BD2000FFF7BAFF0028F9D0436801341E
:1035E00028009847E4B2E0E7580D0020600D002065
:1035F000630D0020730D002010B5054A03001078FC
:10360000002B02D000F060FF10BD00F063FFFBE76D
:1036100010000020024B5878431E9841C0B27047FA
:10362000600D0020024B18784007C00F7047C0465D
:10363000600D0020F8B5184E05003378FF2B1ED121
:1036400033220021154818F071FE1548FFF770FF6E
:10365000144B154A154F1A60154B002B04D0380037
:1036600000E000BF134B186000243B78A34208D24F
:103670002800357000F0E0FE280000F025FF012052
:10368000F8BD2000FFF762FF0028F9D0036801347D
:103690009847E4B2E9E7C04610000020600D002022
:1036A00004000020940C002000000020580D002091
:1036B000000000005C0D00207FB5050040780C0084
:1036C000023803281AD813F0E7F902621128012101
:1036D000304B1A788A431A701A7849188A431A703C
:1036E00000225A7004211A788A4306E0294B1A787E
:1036F000D20716D5042219780A431A70264B1E6881
:10370000002C02D12000336898472900301DFFF7B4
:10371000E0FE002C05D1336836E01E4B1A78D20744
:10372000E0D47FBD3000FFF711FF002805D04369CA
:10373000002B02D02878696898470136F6B2174BFB
:103740001B78B342EED2134B1A785207E9D5042105
:103750001A7801AE8A431A706B460A22981D00211E
:1037600018F0E4FD2B783370052373700A4B1D6845
:10377000002C02D120002B6898473100281DFFF74C
:10378000A8FE002CCDD12B6801209847C9E7002660
:10379000D5E7C046600D0020940C0020580D002095
:1037A000782270B58B780C001A4201D0002070BDD1
:1037B000064B20001D78064B9978FFF7FFFB002889
:1037C000F4D02100280000F0ADFEF0E7100000204A
:1037D000600D0020F7B50C0016001F0000250190B9
:1037E000AE4201DC012003E06378052B01D000200C
:1037F000FEBDE3789B079B0FBB42F8D121000198E7
:10380000FFF7CEFF0028F2D0A378DA09012A05D10C
:10381000099A137023780135E418E1E7089AF8E76C
:103820007F2010B50840C909044B233140004018DF
:10383000C0180021FFF797FB10BDC046600D0020A7
:103840007F2010B50840C909044B233140004018BF
:10385000C0180021FFF7A2FB10BDC046600D00207C
:1038600070B57F240E480C4064000419CD0964191A
:103870000434E07FC00710D40125E67F09482E43B9
:103880000078E67700F09AFE031E07D10422E37F5A
:10389000AB43E377E37F9343E3770023180070BDE6
:1038A000600D0020100000207F2210B50B4B0A4055
:1038B00052009C18C80924180434E37F9B070BD4DA
:1038C000074B187800F0D2FE0223E27F1343E37720
:1038D0000123E27F1343E37710BDC046600D002053
:1038E000100000207F2210B50B4B0A4052009C189C
:1038F000C80924180434E37F9B070BD5074B1878BD
:1039000000F0C2FE0222E37F9343E377E37F013AB4
:103910009343E37710BDC046600D002010000020E7
:103920007F22054B0A405200C9099B185B180433DB
:10393000D87F8007C00F7047600D0020F0B5BF4BE7
:103940008BB01B78FF2B00D17EE2BD4B00201E68A0
:1039500007AC350008CD984728002100FFF792FDFD
:103960003368050001209847002D00D16CE2607893
:1039700001380728E9D813F099F808001100E8FF8A
:10398000450254021C001F0260022078FFF70AFE65
:1039900000F0D4FAAB4B22799A70D6E72078FFF783
:1039A00001FE00F0CBFAA84B002BCED000E000BF08
:1039B000CBE701270421A34D00202B7826783B4339
:1039C0002B702B1DDA7FBA43DA77DA7F8A43DA77F6
:1039D0006B1DDA7FBA43DA77DA7F8A43DA7700F051
:1039E000B7FA602223791A400192602A28D0402A2F
:1039F0000CD19648002823D000F0AAFA39003000F4
:103A000008AA00E000BF00289FD119E0DB06DB0E0A
:103A10000093012B00D159E1022B00D180E1002B52
:103A20000ED1019B202B15D1227A0F2A08D8237A98
:103A3000EB18D878FFF78AFD08AA011E00D087E1AD
:103A400007AC2078002100F011FE8021207800F0E2
:103A50000DFE7AE7019B002BF2D160790928EFD89F
:103A600013F024F829012101EEFF1801EEFF0A00EE
:103A7000B600EEFF1600200008A800F06FFA300034
:103A8000A17900F0E7FD02232A7813432B705CE74D
:103A900006AA6B78023213700123300008A900F0E7
:103AA00025FA52E7A37900936B78009A9A4235D0B1
:103AB0006B78002B07D0300000F07EFDAC78300032
:103AC000FFF770FDAC70009B002B27D0581EC0B2D2
:103AD00008F074FA0028B3D043780393022BAFD1D7
:103AE00001210400C2790934931152110B400A409C
:103AF00012015B0113432A782F318A4313432B7041
:103B0000C37882781B021343C3180493049BA34217
:103B10000CD84F4B002B01D000E000BF494B009A5E
:103B20005A70300008A900F0CFF90EE7012263783F
:103B300001920B2B03D1E37801932378E418637887
:103B4000042B00D07CE70027049B1B1B9BB2059332
:103B5000404B1B78BB4200D272E73800FFF7F6FCFF
:103B6000051E00D16CE7836821003000059A984754
:103B70000290082829D9059B834226D3019B012B5B
:103B800005D1354BAA689A4201D1039B01930022CB
:103B90002C49019B9A420CD13B0021002F48029AEC
:103BA000FFF73EFA029BE4182A4B1B78BB42ADD2CA
:103BB00046E7A378D318DBB2CB18D878FF2800D01B
:103BC0003EE70132DF70D2B2E3E70137FFB2BFE771
:103BD000E3881A0A501EDBB20E2800D930E712F033
:103BE00065FF0F00260049002FFF2FFF520026001F
:103BF0002FFF2FFF2FFF2FFF2FFF2FFF2FFF18006B
:103C000008F0D8F912230200300008A900F06EF97C
:103C1000F9E6134B002B00D112E700E000BF021EB3
:103C200000D10DE7C37881781B020B43ECE7022A31
:103C300018D1180008F0C2F9F1E7C04610000020C2
:103C4000940C0020600D0020000000000000000027
:103C500000000000580D0020D9410000730D002025
:103C600000000000794A002A00D1E9E6180000E0CF
:103C700000BFD4E71800218908F0A4F9021E00D182
:103C8000DEE60378C0E7724B002B00D1D8E600E0F7
:103C900000BFF3E7E388012B00D0D1E62A78073391
:103CA00013432B703DE7E388012B00D0C8E60822C0
:103CB0002B789343F5E72B7806AA980699080223F8
:103CC000C00F1940023201431180E6E6227A0F2A22
:103CD00000D9B5E6237AEB18D878FFF737FC011E38
:103CE00000D1ADE6300008AAFFF74EFC002800D056
:103CF0002BE66025602223791D401A4200D09FE602
:103D000063790A3B012B00D99AE6280000F020F9DC
:103D100063790A2B00D004E706AB9A1C1570BBE64A
:103D20007822237ADFB21A4200D089E67F233B4013
:103D30005B00FA09EB189B18D87CFFF707FC019B86
:103D40000290002B08D0002800D179E6010008AAD3
:103D50003000FFF719FC56E6637900991A008A4390
:103D6000012A0BD0002B00D06AE639003000FFF7A3
:103D7000D7FD06AB9A1C1080009B8EE6E288002AD5
:103D800005D139003000012B13D1FFF7ABFD029BA9
:103D9000002B00D1D9E5190008AA3000FFF7F4FB89
:103DA0000535002000F0D4F8EB7FDB0700D5CCE52B
:103DB000B7E6FFF779FDEAE77F2201262579254B53
:103DC0002A405000E9091B185B18191DC87FB04331
:103DD000C877C87F0336B043C877002A06D12900C8
:103DE00062792078A36800F0C7F8AEE5D87CFFF7C9
:103DF000ADFB031E28D01E69290062792078A368D4
:103E0000B047A2E5134B1A78D20700D49DE5124AB9
:103E1000002A00D199E518780007C00F00E000BF24
:103E200093E50C4B1B78DB0700D48EE50B4B002B86
:103E300000D18AE500E000BF87E56368002B00D170
:103E400083E5A068984780E50BB0F0BD0000000056
:103E500000000000600D00200000000000000000D5
:103E600070B5124B06009C89D889221A151C92B293
:103E7000402A00D940251A78ADB27F2A09D9844258
:103E800010D099682A000A4818F05CFC8021084A82
:103E900003E000210A008442F9D12B003000FFF733
:103EA000DFFC70BD80210022F7E7C046D40D002062
:103EB000940D002080238B431900002310B51A00B5
:103EC000FFF7CEFC10BDFFFF70B5074C06000D00DC
:103ED0000822200018F036FC002330002978A36067
:103EE000E360FFF7E7FF70BDD40D0020F7B5124D7A
:103EF00016000190082228000C001F0018F022FC78
:103F00000023AE60EB81E379A2791B0213431A1CF4
:103F1000BB4200D93A1C91B2AA81002B07D00029DC
:103F200001D0301E02D00198FFF79AFFFEBD217824
:103F30000198FFF7BFFFF9E7D40D002010B5142258
:103F40000021024818F0F2F910BDC046D40D00203F
:103F5000014B18617047C046D40D002010B5054CC8
:103F600001000822200018F0EDFB0023A360E360AD
:103F700010BDC046D40D002070B5254C1E0023781E
:103F80000500DA09C9098A4212D0002086420ED102
:103F9000204B834203D02100280000F0A1FA2369BE
:103FA000002B03D02200032128009847012070BD78
:103FB0007F2B06D8A368181EF9D03200164918F0D6
:103FC000C1FBA268E3899219F318A260E2889BB250
:103FD000E3819A4201D03F2E15D82369002B04D1EA
:103FE00028002178FFF766FFE1E702212200280080
:103FF0009847011EF4D1280000F038FB80212800EA
:1040000000F034FBD2E72800FFF72AFFCFE7C046D5
:10401000D40D0020E1440000940D002070B505008F
:10402000103504002800FFF719FA3F2811D90020A5
:10403000E178FFF7F5FB00280BD02800FFF70EFA18
:10404000E1783F2806D9220040230020A832FFF75C
:1040500007FC70BD0020FFF7F3FBFAE794235B0039
:10406000434310B502481818FFF7CBF910BDC046FE
:10407000F80D002070B59424640044432000064DE0
:10408000103092B24019FFF70FFA06006019FFF7DF
:10409000C5FF300070BDC046E80D0020F7B5050033
:1040A000FFF7B8FA00282CD0FFF7BCFA061E28D17B
:1040B000942464006C432500134F1C35E819FFF766
:1040C000A0F9B0421DD03B19300099780193FFF759
:1040D000A7FBB04215D0E834E119E8194022FFF7F8
:1040E000E3F9019B05009978B04208D00300E2197A
:1040F0003000FFF7B5FBB04203D02800FEBDFFF74C
:104100009FFB0020FAE7C046E80D002070B594241C
:1041100064004443084B0500E418200092B2FFF706
:10412000FEF906002000FFF76CF93F2802D92800AD
:10413000FFF7B4FF300070BD040E002094235B0035
:10414000434310B502481818FFF788F910BDC04660
:10415000040E0020942213B50E4C002120005200C2
:1041600018F0E4F8FF236371E1235B02A3600823E6
:10417000A373002340220093074901330748FFF748
:104180002CF901234022064900930648FFF725F940
:1041900013BDC046E80D0020100E0020F80D0020D1
:1041A000500E0020040E002010B505220021074803
:1041B00018F0BCF80648FFF7BBF90648FFF7B8F956
:1041C00001210448FFF7B9F910BDC046E80D0020F1
:1041D000F80D0020040E0020F0B585B003904B7957
:1041E000022B03D00025280005B0F0BD8B79022BEF
:1041F000F8D11E4EB378002BF4D109258B7833709B
:104200000C780C196378242B20D1954219D9637846
:10421000042B12D163790A2B0FD1154B2778019308
:10422000144B039800930223E1191A00FFF7D2FA06
:104230000028D7D00E357D19ADB23000FFF7EEFE65
:10424000D1E723785D19ADB2E418DBE7052BDED1A9
:1042500021000398FFF7A4FA0028C3D0A378737055
:1042600023785D19ADB2E418D1E7C046E80D00200F
:10427000EA0D0020EB0D0020F8B504000B001078CB
:104280001100602200250240202A17D12A4F4A79C6
:104290000E7938781202324390420FD14878203894
:1042A00003280BD812F0F8FB02161938012B07D19E
:1042B00007232000214AFFF719FE01252800F8BD39
:1042C000032BFAD11E4B002BF7D000201B4900E036
:1042D00000BFF2E7012BF0D1EAE7012B03D1200068
:1042E000FFF7F2FDE9E7032BE7D10126CC788B78C5
:1042F000310024021C4325001248A1433C71FFF702
:104300001CF9114B3540002BD7D062082900002042
:10431000324000E000BFD0E7012BE0D0032BCCD12E
:104320000A4B002BC9D08B78C978002009021943A9
:1043300000E000BFC1E7C046E80D0020F00D0020FE
:1043400000000000040E002000000000000000003B
:10435000F0B5324C85B003901D00E3780F008B421E
:1043600027D0A37800208B4239D12D4B002B02D0CF
:10437000002000E000BF0020FFF790FE00282DD1B4
:104380002848FFF73EF8002828D1854226D03F2351
:104390002E001E401D4221D1A1780398FFF740FA5C
:1043A00000281BD033003200A1780398FFF758FA99
:1043B00014E01D4BAAB202931C4B02991800019302
:1043C000FFF7ADF81A4B002B0BD11A4B002B1DD168
:1043D0002000FFF723FEA378BB42C6D0012005B022
:1043E000F0BD63790026FF2BEFD0AE42EDD0029BEB
:1043F00062799B5D9A4207D10198FFF716F8002871
:1044000002D1617900E000BF0136EEE70198FFF7C5
:104410000CF80028DCD100E000BFD9E7E80D00204F
:1044200000000000040E0020900E0020F80D002077
:10443000000000000000000082230122DB05197843
:1044400010B50A431A709A78D207FCD59A78D20729
:10445000FCD41F24184A198D1268A143900C2040E7
:1044600001431985500B198D2040144C80012140C7
:1044700001431985198D12489201520F0140120310
:104480000A431A850322D9780A43DA700C22D978B4
:104490000A43DA700B4A5A6200221A8106321A70F5
:1044A0008223DB059A789207FCD4998B9A8B0A4376
:1044B0009A8308221A8310BD206080003FF8FFFF16
:1044C000FF8FFFFF1C0F00202022014B1A60704756
:1044D00000E100E02022014BDA67704704E100E0D0
:1044E0000B785B0609D14B78052B06D180228B789F
:1044F000524213438222D2059372074B074A1A6035
:104500005968074A1140802292020A435A605A6849
:10451000920B92035A6070471C0F0020100F00206E
:10452000FF3F00F0F0B54B790A791B0213430022DC
:104530005805400D0126D51CAE40864205DA0132F1
:10454000072AF7D100205B0525D47F23072488782C
:10455000164D03405E00C00936183601AD192240E1
:104560006E681707124A5B0132403A436A60114A8B
:104570009B18CA7819789207920F013222400028BE
:104580000AD1A1430A431A7011221A71597A103ABA
:1045900001200A435A72F0BD7020120181430A4380
:1045A0001A7022221A71597A203AF1E71C0F002062
:1045B000FFFFFF8F000100417047FFFFF0B57F272D
:1045C00020480F407E01C9097D0034186D181E482F
:1045D0002D012A501D4D002F13D1BA4211D1934203
:1045E0000FD11B4F3A78D2098A420AD08022076045
:1045F000476892022F403A4342604268920B92030E
:1046000042609B04801900290FD1426819091300E8
:104610002B400B43436043689B0B9B034360402349
:1046200023713C3B0120E371F0BD4269990C2A40A3
:1046300042614269930B9B030B4343618023637187
:10464000783BEFE7000100411C0F0020FF3F00F026
:10465000100F0020002310B51A008021FFF7AEFFD5
:1046600082230122DB059A831A8310BD7F23054A2A
:104670000B405B019B18C9092022012900D01022A0
:104680005A717047000100417F23054A0B405B01CE
:104690009B18C9092222012900D011221A717047E2
:1046A000000100418223F0B500240125DB051B8CAD
:1046B00087B09BB201932B00A340019A1A4230D0DD
:1046C00002221A4B67010094FE18F37900931342FB
:1046D00013D0E022164BD200FB185B680392002235
:1046E0009B040492803A9B0C03A822438360290018
:1046F0000271FEF7E1FF0223F371009B2B4210D001
:10470000E0220C4BD200DB195B68039200229B0471
:1047100003A89B0C0492290004718360FEF7CCFF70
:10472000F5710134082CC6D107B0F0BD000100417D
:104730002C0F00201C0F0020822330B5DB059A8B44
:104740001C8B85B01440042214420FD09A836B4610
:1047500000210632981D17F0E9FD00236A46137107
:1047600003330121537101A8FEF7A6FF01252C4256
:1047700014D082231022DB059D839A831A836B4613
:104780000021063A981D17F0D1FD00236A461371E7
:1047900004332900537101A8FEF78EFF10231C4239
:1047A00012D08222D205938393826B460A22002183
:1047B000981D17F0BBFD00236A46137105330121D4
:1047C000537101A8FEF778FF0822144230D08223EB
:1047D000C021DB059A8309329A82204B101C204CA1
:1047E0005A68890522400A435A605A692240114397
:1047F000596113211B4A107051721B4A1A60596883
:104800001A4A1140802292020A435A605A680021D3
:10481000920B92035A606B460A22981D17F086FD90
:104820006A46002301211371517101A8FEF744FF6C
:104830000F4C237ADB060CD5C023DB0001930A4B17
:1048400002AA03CB03C2012101A8FEF735FF112301
:104850002372FFF727FF05B030BDC0461C0F0020B4
:10486000FFFFFF8F00010041100F0020FF3F00F00D
:10487000FF00004170B5FDF76BFC1022194B196960
:104880000A431A61012299690A439A614123164A2F
:10489000136013685B06FCD5802502208024134931
:1048A000134B6D048D601A78A40402431A70114AE8
:1048B0008C601678304310704D614C61012118787E
:1048C0000F250843187006200B4B1C78AC4320437F
:1048D00018701078014311706022197829400A433A
:1048E0001A7070BD00080040981C00400060004134
:1048F00058600041596000413C60004110B5FEF72E
:104900002DFB10BD8223DB0518788007C00F704790
:1049100010B50020FFF710FF10BD01204042704786
:10492000012040427047002070470020704701205E
:104930004042704701204042704702680300012056
:10494000013204D05868013043425841C0B2704728
:1049500010B50A68046803000020944208D05B6820
:1049600049688B4204D08C4202D0D01A431E984131
:1049700010BD83059B1501335A4253411818800519
:10498000800D043070470A680368534003604A682A
:104990004368534043608A6883685340836070472C
:1049A000030002680020824205D15A68824202D187
:1049B000986843425841704710B5E0240268E4000B
:1049C000120D0023224204D00430FFF7C1FF01235F
:1049D00043400120184010BD82B0019001AB002877
:1049E00001D102B070471B688B4201D01868F6E70E
:1049F0000120F6E710B504000800E16E636D0818A9
:104A0000C01A12F0EDF8A36D8B4209D9626ECB0883
:104A1000D21807231940063B8B4011780B431370C3
:104A2000002010BD80235B050B405A425341184AB9
:104A30005B421340174A30B59B18026814004C4083
:104A400023420BD093059B15013307D0124D114C17
:104A5000124B15400C402B439C4203D100230360B2
:104A6000012030BDE02480250B0DE400ED001C404A
:104A7000AC4205D114030903A40D890D8C4201D267
:104A80000020EEE75BB29B029B180360F8E7C0468C
:104A9000000010F000FCFF7F00FC0F000000F04F52
:104AA00010B504000800FFF764FF23681B1823609B
:104AB000002010BD03680133036000207047FFFF32
:104AC000F0B589B00F9E0793119B1700F218836E03
:104AD0000290DB6903919A4205D8C36E002B29D05E
:104AE0000E9A934226D854204042BFE0039B002BED
:104AF00047D01B680E9A119C934225D1039B59689D
:104B00009B68CB18B3421FD9B14218D89C1B119B8C
:104B10009C4200D91C00039B711ADB6822005918C3
:104B2000109817F00FFE109B36191B191093119B4C
:104B30001B1B1193119B002BD8D1119896E0119B50
:104B40008C1B9C4200D91C003B680E9A93421ED1DC
:104B50007968BD684D19B54219D9B14213D8AD1B5A
:104B6000A54200D92500FB68711A59182A0010982F
:104B700017F0E8FD109B76195B191093119B5B1BD6
:104B8000D7E7119CE0E7891B8C4200D90C00119BF0
:104B9000079A934228D3029B30009B6E5D69049371
:104BA000290012F01DF800291ED1119B9D421BD82F
:104BB0002900200012F014F8631A00930593049B57
:104BC00006915B6832001D000E99109B0498A8475F
:104BD00000284BD1109B059A9B181093069BB61882
:104BE0001C1B119B1B19A4E7029BDB6E002B08D03A
:104BF0000E9A934205D86B211D4B1E4A1E4815F094
:104C00007BFA0E9B30003B60029B9D6E6B69190026
:104C1000049311F0E5FF731A06937B60079B0591DF
:104C20005C1E049BE418A4191900200011F0D8FFA1
:104C3000EB69641A9C4200D91C00059B9A1BAB6A65
:104C4000A4189C4200D91C00BC60009428006C6829
:104C5000FB68069A0E99A047002804DD7621074BD1
:104C6000044A0548CBE7002800D13FE709B0F0BD72
:104C70007C480200F3600200AA480200B948020022
:104C8000F0B51C008BB0CB680D6905903C300F006F
:104C9000079206930995FFF78FFE002800D17AE06E
:104CA000079B1E03B60D0BD0059B2203DB6B920DF9
:104CB0001B039B0D93424AD093429B419B0A9E0249
:104CC0002800FFF756FE069A031D93423FD8069B25
:104CD000059A1B1A06930423039309AB0293069BC0
:104CE000002101933B68100000930423FFF7E8FEC6
:104CF000011E2ED1099B079A1BBA6B405B005B0813
:104D000012030993920D824218D0E02080212A0DCF
:104D1000C000C9001040884210D1A01B0103890DBA
:104D20008C462903890D8C4508D31D4908401D492F
:104D30000143A9420BD052B292029619A21B0799C5
:104D40006A40114229D1AC05A315013304D10221D7
:104D5000494208000BB0F0BD129BA40D9C4200D943
:104D60001C00119B069A0293109B039404339B181A
:104D700001933B68059A0021009310002300FFF780
:104D80009FFE011EE5D1129B1A1B119B181917F0EB
:104D9000CDFA7119DDE7060092E71D0090E7C046E5
:104DA00000FC0F00000010401FB59C05A40D0294EC
:104DB000069C019400240094FFF762FF04B010BD2C
:104DC00030B587B003AC1500084B094A0094FFF7D3
:104DD000EBFF002804DA831C00D1002007B030BDAF
:104DE00021002800FFF7CFFDF7E7C0460C00F07F59
:104DF0000000F07F70B508250400006886B001004F
:104E0000836E039504AD02955668103101961268C1
:104E10000092DB690200FFF753FE002803D128004F
:104E2000211DFFF795FD06B070BDFFFF70B5074966
:104E3000040017F03FFB05490500201817F090FB10
:104E40002418605D43425841C0B270BDC2480200A0
:104E5000F0B51C0006002000194B0F0085B008308B
:104E60009A4207D1174917F021FC02232370002032
:104E700005B0F0BD336F950201330090124A300047
:104E80002B43FFF791FF0028F2DB104B000D2B4363
:104E900002AD2070390030000D4A0095FFF784FF05
:104EA0000028E5DB0B4A030D934202D1039B6360AC
:104EB000DDE7094A9342DAD18005800D6060D6E7CC
:104EC000FF030000C248020000FC0F780800002029
:104ED00000FC0F700202000001020000C36E10B55A
:104EE0008B4206D88A21084B084A0948490015F028
:104EF00003F9806EC3689847002804DD8B21054BB9
:104F0000024A0348F2E710BDAF4E0200CE60020035
:104F1000AA480200B9480200F0B50027B1B00693D4
:104F200039AB1B88150007933AAB1B880D900B9388
:104F30003BAB00229B5E09910822002110A8089338
:104F40003E0017F0F3F90698FFF713FD4319059398
:104F5000099B059ADB689A4239D2042303930FAB6D
:104F60000293099B01921B680D9A00930021042370
:104F70001000FFF7A5FD002800D018E10F9B069A4E
:104F80001BBA5A401300802212061A431400099BD0
:104F900006921B680F921093059B0433119310AB7C
:104FA0000A933300389A634013401D00814A15402C
:104FB00013424AD1389B1B039B0D00D19DE0022F69
:104FC00016D97D4B7D4A7E487E4915F095F8379B72
:104FD000002B00DCE9E0369B05951C685B680F94AC
:104FE0000A93369B08333693379B013B3793D8E7B8
:104FF0003C227A43099B059912A8135083185960E3
:1050000006999E6199603699DC62D96037992C3295
:105010001961389901375961079999830B99D98397
:10502000089919843C9959623D9999620A991963C2
:1050300010A9343350C950C32E0083183D933895BE
:10504000614B08953C930B950795059D7BE7812265
:10505000520093421ED100250A9C0F998A05920D99
:105060009542F2D2C022089B0903890DC918A36892
:1050700089021943237892009B181B051943626823
:105080003D983C9B9847002800DA90E0DDD10C3435
:105090000135E2E7089B0A9A99023D983C9B091961
:1050A0009847002800DA82E0CFD0002F00D17EE0C0
:1050B0003C22013F7A4312ABD1589B185A680991A0
:1050C00005929A68DC6A0692DA689E6936921A69D5
:1050D0000F9437925A6938929A8B0792DA8B0B9217
:1050E00020215A5E08925A6A3C929A6A3D921A6B43
:1050F00034330A9210AA21CB21C2389B1B039B0D8B
:1051000007D0079A23039B0D93429ED30B9A934299
:105110009BD263005B0D98D00222FF32934296D15E
:10512000294B3C9A9A4290D03C2213007B430C932B
:105130000C9912AB5D182800002117F0F7F80999B7
:105140000C9A0AAB20339950059BAE616B60069BAD
:105150008026AB60369B0137EB60379BB6052B6131
:10516000389B6B61079BAB830B9BEB83089B2B846A
:105170003C9B6B623D9BAB62A3059B0D0793013388
:105180000B932403079BA40DE41A089B1C1923B25C
:1051900008930A9B09930D4B38930023379336935A
:1051A000013B0693002305934FE700207DE731B0D4
:1051B000F0BDC0460000F07FC448020078600200E5
:1051C000AA480200C2030000254A000000FC0F604C
:1051D000F0B58BB0119F0993139B1500FA18836EDD
:1051E0000600DB6908919A4221D9542040424EE0E2
:1051F000EB6805932B6802331ED16968AC680C1903
:10520000A74219D28F4217D3139BE41B9C4200D9AB
:105210001C00059B791A59182200129817F092FA6F
:10522000129B3F191B191293139B1B1B1393139B68
:10523000002BDDD113982AE002235B422B60B36E72
:10524000380006935B691900049311F0C9FC7B1ABE
:1052500007936B60099B5C1E049BE418E41919001A
:10526000200011F0BDFC069B641A9B6A9C4200D989
:105270001C00059BAC600193079B30000093054A1E
:10528000109B08990294FFF7FBFC0028B0DA0BB0E2
:10529000F0BDC04600FCF7FFF0B500248BB0129EB5
:1052A0000490059106920793119BA34202D8002017
:1052B0000BB0F0BD119B1D1B082D00D90825109ABD
:1052C000069BA2180192079A08AF00920021059A46
:1052D00004981B1B03950297FFF7F2FB0028E7D108
:1052E0002A003900306803F0EDF964193060DBE71B
:1052F000F0B59BB00F93C36E07000C001600002B97
:1053000007D01268934200D818E27268934200D81E
:1053100014E2002512AB129513950693079504230A
:1053200000210393069B01910293AB00F3583A00CE
:10533000009338000423FFF7C3FB031E059004D03D
:1053400054330DD005981BB0F0BD0123069A6B4075
:105350009B0012A912685B58D31A002B00DD079539
:10536000069B6A1C043301250693022AD7D1280024
:10537000079B0C92990073582360079B5B19184098
:1053800003009340F3580B90636012ABCB58A360BB
:105390000023E360013B0593CB4B14AA21CB21C230
:1053A0002100012004220831404203F08BF9059BC3
:1053B00001260693002310900E930D9309937642D5
:1053C00008933000FFF7D5FA0422089B00211B1830
:1053D0000893BB6E039211AA0292089A38000192B8
:1053E00022680092DB693A00FFF76AFB051E05D0D0
:1053F0002B00543300D124E10595A3E70422109833
:1054000011A903F05FF9119B10901BBA7340079329
:105410001193AB421CDAF023360DDB001E40AB4B80
:10542000F61873425E41F6B2E568002D00D00AE13D
:105430000B9A12A99200525825686368A2600C9AD0
:1054400023606560012A00D170E101230C93A3E77A
:105450000798FFF78EFABB6EDA69089BC318934270
:1054600000D9EEE0A026F600B446F0260899F60032
:1054700004310A9107992368090D3140614538D1FB
:105480000421039118A902910A9900930191130034
:1054900029003A003800FFF713FB051EA8D1189A1F
:1054A000109B9A4200D0CCE0119B079A1B0DDB07A2
:1054B0005A40079210A90422F86A03F003F9F8622F
:1054C0001198FFF756FA089BC018079BE06023610C
:1054D000099BA382149BA361159BE3610D9BE3755C
:1054E00001235B421093069B069A079E0592069342
:1054F00067E710A902910A990438019000913800D9
:105500003900FFF7C9FE051E00D071E7119BE021AD
:105510001E0D3200C9000A400E421DD1099A1B031C
:105520009B0D9A4201D8013309931199209B0F9E3C
:105530000F9A4B401E401A4269D123682398189352
:105540000A9B18AA1993229B9847051E5BDA030051
:10555000543300D168E74FE78021C9008A4220D147
:10556000099A76B2921992B259490992069A114053
:10557000584A0A43934205D18023069A1B061A43D0
:105580000692D2E7069A0132CFD0069A1B03120385
:105590009B0D920D9342C8D8069BB602F318069352
:1055A000C3E7C0212368C9008A4214D10821BA6E1A
:1055B000039114A902910A9900930191D369010002
:1055C0003A003800FFF77CFA051E00D010E70123EF
:1055D0001E400D96A9E7404A7605760D9642A4D165
:1055E0000821BA6E039116A902910A9900930191BC
:1055F000D36901003A003800FFF762FA543020D036
:1056000001230E9391E71199002804D10691059A80
:10561000069B069268E7069B304A4B4013420DD02A
:105620000228F4D1069B1A030B03920D9B0D9A429C
:10563000EDD380231B060B430693E8E701235B426F
:10564000FAE70026F0E60023A3759E4224D0BE6E42
:105650002800B16911F0C4FA00291DD10E9B8B42BC
:105660001AD001235B42189318AB0293169B009546
:105670000193390038002368F269FFF70DFE002816
:1056800004D00300543301D005905BE6189A179BB1
:105690009B1A5A425341A375380021003C30FFF752
:1056A0008BF9002825D0FB6B059A1B0312039B0D79
:1056B000920D9A4214D18023059A1B061A43059233
:1056C000219B002B18D124E00047020000FBFFFFC4
:1056D00000FC0F000000F04FFF05000000FCFF7F02
:1056E00005990131ECD09A4203D9059B144A9B18C5
:1056F0000593219B002B08D0059BA28A1B039B0DC1
:10570000934200D91300219A1380059B002B00DBE4
:1057100018E60021059BA28A1B039B0D05919A4266
:1057200000D80FE602235B4205930BE6054A0649C3
:1057300001920648064A009516F0A6F95423F2E7AE
:1057400000FCFFFFB8560200AA480200CB48020046
:10575000650500001FB5012300245B4203940294F9
:1057600001940093FFF7C4FD04B010BDF0B593B0F1
:105770000D93036A15688B61436A0F00CB612B7828
:1057800006900B92002B00D190E04B4C63005B0D18
:105790000993022B04D12800484916F0E1FE2D1888
:1057A0002800464916F086FE0490012806D12B7881
:1057B0002E2B0ED16B1C0793079DE7E7049B022B52
:1057C00007D128003E49049A16F08EFD002800D12A
:1057D0006CE0049BEB181E00079301230593374BE5
:1057E0000A93374B0C9330000A9916F0B9FE36181D
:1057F00030000A9916F05EFE089000281CD001289F
:1058000005D133782E2B13D1089BF618EBE7089BB4
:10581000022B0DD11A0030000C9916F065FD0028FE
:1058200006D1059B013B05938342EDD1B31CC2E732
:10583000059B01330593E7E72B78002B33D00B9BB7
:105840001D60099B022B34D11E4A23039B0D9342FA
:105850000DD01D4A1D4B224013433A0018320092CE
:1058600039001B4A0698FFF79FFA041E1BDB0FAB9B
:10587000069A0393174B0F920293049A0D9B119271
:1058800001930092F0233A0039000698DB051832A4
:105890001095FFF72DFD041E05DB00288CD1FB7D44
:1058A0008342E4D1023C200013B0F0BD16246442D0
:1058B000F9E71424FBE7C04600FC2F00C2480200B1
:1058C00000490200FF03000000FC0F000800002058
:1058D00000FC0F7039590000F0B5160000248BB0A1
:1058E000059006910793129BA34201D800201FE068
:1058F000129B1D1B082D00D90825109A08AFA2186D
:105900000192079A002100920598069A331B03958D
:105910000297FFF7D5F800280AD1119B2A0038001A
:10592000191916F0E1FC002804D0C043C00F013063
:105930000BB0F0BD6419D6E730B505001300AA68B6
:105940008C05006885B0A40DA24200D92200029205
:1059500069680191596800911B680100FFF7BCFF5D
:10596000002805D1AB68A34202D0A34240410130D8
:1059700005B030BD036B10B59A05940D002A07D110
:10598000914210DA0D4B0E4A0E480F4914F0B4FB49
:10599000FF225200944206D9002904DD0B4B084A2D
:1059A00008480B49F2E7C9188B055A1E9341490074
:1059B0004908DB070B43036310BDC04603490200DF
:1059C000A2600200AA4802001A130000394902002E
:1059D0001B130000836E10B55B6B0400002B02D11B
:1059E000C06814F0D5FBA36E9B6B002B02D1E0695D
:1059F00014F0CEFBA36EDB6B002B02D1606E14F0B3
:105A0000C7FB10BDF8B5C7690C68083F0E00002041
:105A1000BC4215D33900200011F05CF8013811F0B8
:105A2000CDFA023080003900201A11F053F8050039
:105A300011F0C4FA8000241A28006F43E41B34607C
:105A4000F8BDF0B58BB0070006910792002B08D186
:105A50000122119952420A600020129A13600BB081
:105A6000F0BD856E013B09A928000993FFF7CAFF25
:105A700010A904002800FFF7C5FF0590059B079EAD
:105A8000A34203D3119B1E60109BE5E7059BE01A20
:105A900011F00EFA0500200011F028FA1F235D1BFB
:105AA000854200D905000423039307AB0293AB00A2
:105AB0000193002104233800069A0096FFF700F8AE
:105AC0000028CCD10123AB40E41AD7E7F0B589B068
:105AD0000C0006924A6BC96A070000208A4227D24E
:105AE0008A1A05929A4200D90593059E002E01D18B
:105AF00005981DE08023206BDB02184204D0BB6EAA
:105B0000E26BDB699A421ED180225203636B104222
:105B100010D1220021003C320292043A01920093FB
:105B20003800E36AA26A4031FFF78BFF002805D0F6
:105B300009B0F0BD02225242A263E3638023206BCE
:105B4000DB0218432063BB6EE26BDB6994469D1A4F
:105B5000B54200D9350080214903014007918021D9
:105B6000220049034032039508421AD00699029157
:105B700061460191A08810498002014300912100F3
:105B800038000831FFF724FB0028D1D1636B761B66
:105B90005B196363E36B5B19E363069B5B19069315
:105BA000A4E70699029161460191A06B07990090C4
:105BB0003800FEF785FFE7E700001020F0B58DB054
:105BC000059000201D00129B06910792834236D05B
:105BD000013B0993059B09A9986EFFF713FF012765
:105BE000040029001498139B9847002827D1844269
:105BF00025D023003B4004930223049A0AAE9B1A4B
:105C00009B000190079A06990598039302960095C8
:105C1000FEF756FF002812D13D00A543A84205DB40
:105C2000049BAD00023C7559E418DAE7139B316818
:105C30001498984703003800002BEFD018000DB0DF
:105C4000F0BD10B50C00826AFF21E06816F06EFB13
:105C500001235B42236010BDF0B50B6A85B0C366BB
:105C60004B6804000D008166002B05D1A74BA84AA4
:105C7000A848A94914F040FA8B68002B04D1A74B1F
:105C8000A34AA448A649F5E7CB68002B04D1A54B4D
:105C90009F4AA048A449EDE70B69002B04D1A34B10
:105CA0009B4A9C48A249E5E74B690293002B04D12B
:105CB000A04B974A9748A049DCE78B690393002BD8
:105CC00005D184219D4B924A92484901D2E78E6AC0
:105CD000002E04D19A4B8E4A8E489A49CAE730006A
:105CE000029910F07DFF002904D0974B884A89481B
:105CF0009649BFE73000039910F072FF002904D0E5
:105D0000934B834A83489349B4E7EB693100180009
:105D1000009310F065FF0F1E04D08F4B7C4A7D4826
:105D20008E49A7E7009B7F2B04D88D4B784A794892
:105D30008C499FE76B6A002B04D18B4B744A7548E2
:105D40008A4997E72B6B002B12D0009A5208934296
:105D500004D2874B6E4A6F4886498BE75A1C07D09E
:105D6000009A9A4204D2844B694A6A48834981E77F
:105D7000EB6C0193002B20D01800029910F030FF3B
:105D8000002904D07E4B624A62487E4972E703993B
:105D9000019810F025FF002904D07B4B5C4A5D4838
:105DA0007A4967E70199009810F01AFF002904D09A
:105DB000774B574A574877495CE76B6B002B16D0F7
:105DC000E360AB6B002B1ED0E36128002100FFF7DE
:105DD00038FF2100A06E1031FFF733FFA56EE86A8F
:105DE000002817D16C4B4A4A4A486C4942E73000B8
:105DF00014F0C4F9E0600028E3D12000FFF7EAFDC9
:105E00000C2040427FE0300014F0B8F9E061002837
:105E1000DBD1F2E7EB6B002B08D063662B6CFF2B1A
:105E20000AD95F4B3A4A3B485E4923E714F0A6F98A
:105E300060660028F2D1E0E7002B00D1FF33236732
:105E40006B6C002B04DA584B314A3248574911E742
:105E5000002B00D1564B6367AA6C564B9A4204D96B
:105E6000554B2B4A2B48554904E7002A00D11A000C
:105E7000A267EE6CEB699E4204D9514B244A254837
:105E80005049F7E6286D411C22D0A96A884204D9FE
:105E90004D4B1F4A1F484D49ECE6904204D94C4BEC
:105EA0001B4A1C484B49E5E6DB08002E00D0F308EE
:105EB000984204D9484B164A16484849DAE6071E64
:105EC00006D1914200D911000F00994200D91F005C
:105ED0000123002520005B42236263620C2229001B
:105EE000E767A562E5623C3016F020FA20000C223C
:105EF0002900303016F01AFA20000C222900483010
:105F000016F014FA280005B0F0BDC0466F49020033
:105F1000FF600200AA480200761000008D490200CE
:105F200078100000AB49020079100000CA49020055
:105F30007A100000E84902007F100000014A0200C8
:105F40001A4A020081100000344A02008510000045
:105F5000644A020086100000944A02008710000084
:105F6000C54A02008A100000E14A020096100000B3
:105F7000FD4A02009C100000514B02009E100000E0
:105F8000B04B0200A3100000FD4B0200A510000062
:105F90004A4C0200A7100000984C0200C6100000F6
:105FA000B54C0200D2100000CF4C0200D810000007
:105FB000FFFFFF7FFE030000F04C0200DE10000038
:105FC0000B4D0200E41000003A4D0200E610000004
:105FD000914D0200E8100000E14D0200EA100000BF
:105FE000F0B589B007930B6805000C000692059385
:105FF000033302D9002009B0F0BDC36E059A9A425E
:1060000005D3B3211D4B1E4A1E4814F075F8866E49
:10601000A768B169CF19013F380010F0E1FD7F1A80
:106020000097B36830009C466268E3680599E047D2
:10603000002804DDB721144B114A1248E5E7002877
:10604000D9D1079B834204D12100A86EFFF7F9FD47
:10605000D0E70123069A5B4213600297E3683A0097
:10606000019363682800009323680699FFF734FCC6
:106070000028C0DBE8D054204042BCE7704E02004C
:10608000B5600200AA480200B9480200F7B50193C2
:10609000089B05000C00099E0092023309D0C36ED4
:1060A000089A934205D8E8212C4B2D4A2D4814F02C
:1060B00023F8AA6E0B9BD269F318934249D9E921C0
:1060C000294B274A2748F2E7013305D08321274B84
:1060D000234A24484900EAE7089B30002360AB6E5E
:1060E000996910F07DFD0023711A6160A360236837
:1060F000089A9342E8D16068B042E7D8AB6E9B6AD9
:10610000C318B342E2D99F1B0B9B9F4200D91F00CB
:10611000E368301A3A0018180A9916F013FB6368FE
:10612000A268F619F31A934200D21300AA6EA36074
:10613000926A9A4207D121002800019B009AFFF73A
:106140004FFF002809D10A9BDB190A930B9BDB1B2D
:106150000B930B9B002BCAD10B98FEBD914E0200F6
:10616000C2600200AA480200C84E0200EB4E0200C4
:10617000F0B50C00010085B0029203931E00636825
:106180001700019323680200009310310023FFF7EA
:106190007DFF051E08D132003900E06802F092FA56
:1061A0006368E0609B196360280005B0F0BDF0B53E
:1061B0000C008BB00490100017000593FEF7D9FB7C
:1061C00063686269C3180690934244D87B005B08F9
:1061D0000793079AA368210053401BBA09930498B8
:1061E000042309AAFFF7C4FF061E0DD1069B1D1F3D
:1061F00087422DDB2B002100059A0498FFF7B8FF9A
:10620000B0422BD1079BA36030000BB0F0BD01233F
:106210001327039304ABFF18059B02975B68069A4C
:10622000043B9B185B1B0193059B049A1B68002190
:10623000009310002B00FEF743FC00280ED1012331
:106240003A0021000498FFF793FF002806D1013D92
:10625000002DDCD1D6E71C267642D5E70600D3E731
:1062600010B513000A0003C8FFF7A1FF10BDFFFF20
:1062700001235B4210B5136000230400FFF7B0FE5A
:1062800000280AD1A06E03699847002805DDDD21AA
:10629000024B034A034813F02FFF10BDB948020018
:1062A0006C600200AA480200F0B50D00826E6B68B7
:1062B0009169D269143304008DB0934200D9130060
:1062C0004F1EDF19380010F08BFC00237F1A069355
:1062D00004936B68BB4228D301222B690499524274
:1062E000C91A0A920AAE049A0191029600932100FB
:1062F00020002B680432FEF7CFFF002858D10A9BFC
:10630000069A93420ED10422049B029601920093B6
:10631000210020002B68FEF7BFFF002848D10A9B10
:10632000834245D05420404242E004225242D61AD1
:10633000504AF619964200D9160017220433F6186F
:1063400004ABD218FF23BE4234D31370A16E8B6905
:10635000C969C91AB14235D301210292039101964C
:106360002A680021009220002200FEF7A9FB0028E5
:1063700002D0030054331BD1A36E21009A6901237C
:106380005B420B930BAB02930192009620002B68AB
:106390000A92FEF781FF002802D00300543307D190
:1063A00029002000344A0AABFFF701FF002809D07A
:1063B0000DB0F0BD390014398E4200D90E001370B3
:1063C000BE42C3D204ABDB7DA022DB430421DBB29F
:1063D000D200DB099B186A6849428A1A92191B0588
:1063E0001343264A0AA91A43AB68079253401BBAC3
:1063F0000422E8680A9302F065F92300103305933C
:106400000823E86003930AAB02936B680B90019337
:106410002B6822000093200000230599FFF736FE29
:106420000028C5D1049B834204D16B6804330493D4
:10643000EB68069304ABDB7D079ADB431B06DB0F9F
:10644000DB075340AB6001235B426E60EB60B742F9
:1064500006D9A36E62699B6A9B18B34200D938E7DC
:10646000220020000599FFF703FF002800D130E744
:106470009EE7C046FE03000008FCFF5F00FC0F0023
:1064800082690B6810B54C689A420BD1C369A3426C
:106490000CD10D4B0D490E480E4A15F0F5FA54205B
:1064A000404210BDA24201D1C469F0E78B68CC68BC
:1064B000A34205D15B000A60C269CB6000234A6039
:1064C000013300208B60ECE7B8560200AA480200B6
:1064D0000E4F02006F1100000023F0B58FB09361E2
:1064E0000133D361194B059014000AAA0F0023CB86
:1064F00023C21B681360250018352800FEF71DFA1B
:10650000002801D002201FE020000AA9FFF7B8FFF1
:10651000002818D1059A07AB07923A682100089223
:106520007A6803930A4B099202930A4B2A0001905E
:1065300000930598084BFEF7DBFE0222831C934371
:10654000D9D00FB0F0BD54204042FAE7084702000E
:10655000F54D000008000020FF03F07FF0B597B074
:106560000591069205001C2200210EA8079315F044
:10657000DDFE012315934F4B0AAA51CB51C21B6874
:10658000136014A8FEF7D9F9002808D088268027C0
:10659000AC6A76037F02002C58D1200040E00AA9A3
:1065A0000EA8FFF76DFF041E00D080E00EAEB169AB
:1065B0000698059B9847002832D1631C04360124B5
:1065C000022BF4D1280014AA0EA9FFF7C3F8002863
:1065D00026D104000EA98B8AA342D2D9364BA2023F
:1065E00008AF13432800354A0097FEF7DDFB00286B
:1065F00004DA831C14D10134A4B2EBE7304B000D54
:1066000098420FD1069B2A000293059B002101931B
:106610007B6828000093089BFFF7D0FA0028EAD097
:1066200017B0F0BD079B002BE5D080239B0098425C
:10663000E1D10026B300F9580698059B9847002839
:10664000EED1731C0126022BD5D0F3E7A379012BE1
:1066500001D024689FE7236B3340BB4217D09022C0
:10666000236B52031340802292029342F1D1210006
:10667000069B2A000293059B28000193636B40311F
:106680000093A36BFFF79AFA0028E2D0C8E7210035
:10669000069B2A000293059B28000193E36A403180
:1066A0000093A36AFFF78AFA0028D8D0B8E75420ED
:1066B0004042B5E7084702000800002000FC0F70C8
:1066C0000202000010B50400406DE36DE16EC018D9
:1066D00010F086FA0023E365A36E6165DA6A216E25
:1066E000D3008B4200D90B000021A365606E15F02A
:1066F0001DFE0123220020000549FFF72FFF00287F
:1067000004D00023A365E365E36E236610BDC04695
:10671000F5490000F7B504000F000126A26DE06DF9
:10672000904212D3236E002B37D1636DE16EC018F7
:1067300010F056FA1D4A0B0000921D481D4A1E49D2
:1067400015F0A2F91C20404220E00721656EC30825
:10675000EB5C0140CB40334219D1636DE16EC01850
:1067600010F03EFA012239600721A66DE36D206E1C
:1067700001330138E3652066B34214D2D808285C9F
:106780000B40D840030010401342EFD1FEBD236EF2
:106790000130013BE0652366C1E72000FFF792FF6F
:1067A0000028BBD0F2E70020F0E7C046B856020050
:1067B000394F0200BD020000AA4802007FB50D005B
:1067C00004310600FFF7A6FF041E2FD12900300078
:1067D000FFF7A0FF041E29D12A0004230832A86075
:1067E0000190039302922A68010000923000320067
:1067F000FEF766F9A04202D00300543319D1B36EFC
:106800005B6A002B0ADD0121AE6801331943013EAA
:106810007618300010F0E4F9761AAE6004230022F6
:10682000EB60053B2B616A61AB61EB61200004B05A
:1068300070BD0400FAE7FFFFF0B504000D0089B059
:10684000200007A9FFF766FF061E0AD1079B20005C
:1068500019000593FEF742FB061E62D00300543375
:1068600061D0300009B0F0BD802029002A6B4003C0
:10687000DB1B4031024229D0012202A803921232CE
:10688000121802920197A8882D4A800202430092B2
:1068900020000A003839FEF79BFC002814D10123A0
:1068A000210002AA039312339B180293059B220036
:1068B00000932000012301971031FFF7E7FB002828
:1068C00012D0030054332ED00600CAE7012202A8DA
:1068D00003921232121802920197AA6B20000092C2
:1068E0002200FEF7EDF8D8E70137EB6BBB42BBD8CF
:1068F000A36EE1699A6AE86C15F024FF2100236910
:10690000A06E2B64636910316B64A369AB64FFF7FD
:1069100098F9059B2A6BAB6380239B0213432B637F
:106920009FE70700E1E7074B074900930748059BEE
:10693000074A15F0A9F801235B42236180E7C046AE
:1069400000001020B8560200AA480200624F020060
:10695000FF0C0000F0B593B00A930B6B06000D001E
:106960000992DB021DD54A6B0A9BC96AD3188B4278
:1069700000D20B00F16F994213D2F36EEA63290043
:1069800033663000FFF758FF2B6B041E06D08022C1
:10699000120313432B63200013B0F0BD8A4A134047
:1069A0002B630A9B0593059B002B01D10A9CF2E700
:1069B000802180232A6B89029B0211401A4204D055
:1069C000B36EEF6BDB699F4253D16B6BD20200D584
:1069D000E5E000291AD18B4218D011AA02922A00B0
:1069E0002F003832013B01920093403739003000CC
:1069F000EB6AAA6AFFF725F8041E03D080232A6BEE
:106A00001B03C6E73900B06EFFF71BF9F36E336660
:106A10002B0040330B93AB6B0C936B6B07933000E5
:106A20000FA9FFF777FE041EE8D10F9B3000190075
:106A30000493FEF753FA041E0ED023005433DDD125
:106A4000624B634900936348049B634A15F01CF84A
:106A500001235B422B64E2E7079B83422BD1049B1B
:106A6000AB63079B1F00EB6380232A6B9B021343DE
:106A70002B63B36EDB69DF1B059B9F4200D91F00B0
:106A80002900099B03970293EB6B32000193AB6BD8
:106A90003000009340310123FFF7F8FA041E00D1C3
:106AA00082E003005433A9D129003000FFF7C4FE6F
:106AB000041EE5D0A2E7B76E079B3800013B10A982
:106AC0001093FEF79FFF109B01330893089AFB6910
:106AD00006929A4249D1013010F008FA2700431C6F
:106AE00006930C9B08901193BB000D930423039312
:106AF00011AB0293BB000193049B32000093300062
:106B000001230B99FFF7C2FA041E96D1089BBB42E2
:106B100034D1069B0137BB42E6D8049BAB63069B8E
:106B20009F0029E0012311AA02920C9A039300927C
:106B3000002132003000069B0197FDF7C1FF041EC3
:106B400000D05BE70123039311AB0293049B320057
:106B50000093300001230B990197FFF797FA041E69
:106B600000D06AE7069B013B0693089B069A9F1A92
:106B7000002AD7D1049BAB63EF6375E7042303932B
:106B800011AB0293BB000193119B010000933200F3
:106B900004233000FDF794FF041EBAD02EE7022232
:106BA00052421F00AA63E7E76B6BDB196B63EB6B69
:106BB000DB19EB63099BDB190993059BDB1B059331
:106BC000F36E3366EFE6C046FFFFEFFFB8560200F4
:106BD000AA480200624F0200C30B0000F0B50B6B25
:106BE00005000C0099B05A0307D5DA0202D401223D
:106BF00052420A64354A134023639A0302D40020A8
:106C000019B0F0BD802219005203666BE76A11408B
:106C1000134248D1542203A815F088FBA36A2A0026
:106C20000D9301230E970F93109613AB83CA83C362
:106C3000012712687F421A602F60626BE36A9A42F2
:106C40001AD3210001232A0028004031FFF7C8F998
:106C500000282DD003005433D2D11D4B1D49009381
:106C60001D48A36B1D4A14F00FFF21002800FFF7F9
:106C7000E3FD0028E5D0C3E70B22012328006A4486
:106C800003A9FEF723FF0028BADB0B220123210012
:106C900028006A44FFF75EFE0028B1DB2B68013351
:106CA000CBD01397C8E73300BE4200D23B006363EA
:106CB000A36B226BA362636B6663E362084B1A40AB
:106CC00080235B021343236399E7C046FFFFFBFF6A
:106CD000B8560200AA480200624F02004E0D0000A2
:106CE000FFFFFDFFF0B51F000B6B85B005000C002A
:106CF00001929A0705D4204B204A2148214913F0DC
:106D0000FBF95B0316D4236B1A0519D4666B6A6F03
:106D1000F11991422DD89B0318D53B002100280082
:106D2000019AFFF717FE002808DB236B164A134071
:106D3000236303E0FFF752FF0028E4D005B0F0BD65
:106D4000E26A616B8A42E1D96263DFE7E36A9E42ED
:106D5000E3D96363636B9E42DFD9002302AAD37138
:106D60002100280001330732FFF7F4FD0028F1DA93
:106D7000E4E71B204042E1E7854F0200E75F0200A5
:106D8000AA480200490E0000FFFFF7FF002307B5E5
:106D9000044901AA0193FFF7E1FB002800D1019803
:106DA0000EBDC046B54A00000023F0B587B0936120
:106DB0000133D361144B0190140002AA0F0023CBBE
:106DC00023C21B681360250018352800FDF7B5FDA8
:106DD000002802D00220404212E0200002A9FFF762
:106DE0004FFB00280ED139002800FDF7B1FD002827
:106DF00006D02A0021000198FEF7ACFC0028E2D062
:106E000007B0F0BD5420E6E708470200F0B50D00DA
:106E10009DB00F9322AB0E9204CB04001B880D9201
:106E20000A9324AB1B880C93836EA868596A0130BF
:106E3000A86000292BDC00230993002701220023EE
:106E4000696816AE52421691B260F260A26E73602B
:106E50003361D36C002B47D0083B20007361FEF7F1
:106E60003DF8002842D00300543300D0D6E001237F
:106E70005B422361099B002B1CD1714B714900932C
:106E800071486B68714A14F0FFFD099F13E00126F9
:106E9000013131430FF0A4FE0029CCD11691280016
:106EA00016A91796FDF754FD09960028C5D00123B1
:106EB0005B422361012700260123280016A91696AC
:106EC0001793FDF745FDB04200D0A9E05C4B5D494A
:106ED00000935F486B685F4A14F0D6FD1C20404267
:106EE0009CE001270990A9E7D369B5E72A000423AC
:106EF000310020000832FFF73BF90028B3D111AB75
:106F00000793554B020006930A9B20005B421BB27D
:106F100005930C9B0D9904930A9B119403934F4B7B
:106F2000129602930F9B01930E9B009301235B42E9
:106F3000FDF7F2FF002896D12B00183318000B93B1
:106F4000FDF7FBFC00280DD1C022EB7DD2009B1881
:106F5000434A1B051A43310020000B9BFFF727F91A
:106F6000002880D10C22002113A815F0DFF9002F92
:106F700009D1210013A83C31FDF705FD210013A81C
:106F80003031FDF700FD210013A84831FDF7FBFC6F
:106F9000139B29009B0A9B02200013AA1393FDF761
:106FA0000FFF00283AD113A8FDF7FAFC002808D1FA
:106FB00020002C4A13AB16A9FFF7F9F8002800D0DF
:106FC00051E7200016A9FFF76FF9002800D04AE723
:106FD000179EA36E300099690FF002FE002905D0BC
:106FE000214B224A1748224913F086F820002B68CB
:106FF0006A686B602A600C9B0A9AEE609B1AAB82EF
:10700000189B0C222B61483015F090F9002F04D109
:10701000230030343C3307CC07C338001DB0F0BD2B
:107020002000291DFFF776FB002800D159E7030057
:107030001C33F3D1002F00D150E70996FEE6C0467D
:10704000B8560200AA480200624F0200330800004E
:10705000D84F0200380800006162000000FC0F40B9
:1070600008FC0F000CFCFF7FB24F02005C600200C6
:1070700021080000F0B593B0099318AB089204CB37
:107080000AAD1B880C00069329001AAB06001F8866
:107090000792FFF793FB0590002824D1E37D290098
:1070A000EB75A36930001093E369089A1193069B6E
:1070B00002970193079B0093099BFFF7A7FE002807
:1070C00014DB012331000A9F0B9D2000A761E561BD
:1070D000E3752031FDF73CFC002804D1069B834278
:1070E00001D137627562059813B0F0BD0590FAE7DB
:1070F000F0B59DB00A93229B0D920A9ADB00D3183B
:107100000F93E023DB0007000E0000209C460124C3
:107110000F9B9A4200D085E0002800D0ACE0B37D00
:10712000002B00D0C8E001235B423B61B38A099386
:1071300000230B930B9A099B9B1A0C93012B00D9EC
:1071400052E10B9B002B1BD06B469D8D099B3100A0
:1071500002933800229B0A9A01950096FFF78AFF56
:10716000041E00D13EE103001C3357D1C54BC64974
:1071700001937368C54800933368C54A14F084FCD2
:10718000BB6E596A00293DDD0125B068013101302F
:1071900029430FF025FD002934D11691300016A99E
:1071A0001795FDF7D5FB0E9000282BD13800FFF77F
:1071B000EDFD041E76DBFB6E1C1ADB089C4221D918
:1071C000B14BB44A0B93AF4B0B9900930C93B2485D
:1071D000B36814F059FC099B310002930E9B3800F0
:1071E00001930A9A229B0096FFF744FF041E00D1E8
:1071F00034E103001C3311D1A8480C9BA84A0B9919
:1072000014F042FC099B31000293002338000193E3
:107210000A9A229B0096FFF7F9FD0400002C00DB80
:10722000C8E03FE013689F4D1B0D5905490DA94269
:1072300004D1B38A0133B382083269E79A4DA94277
:107240000CD1B38A002B05D1984B994A8E489949A5
:1072500012F052FF013B2000B382EDE76146C025EA
:107260001940ED00A942E7D1516823400D68B5618E
:107270004968F375F161DFE7B38A002B00D04EE770
:10728000239B002B04D18C4B894A7F488B49DFE735
:1072900031003800239AFFF787FD041E05D0831CB8
:1072A00000D13CE720001DB0F0BD239BDB7D834275
:1072B00000D134E702247DE001213368B86E16ADB9
:1072C00049421693F2683369E960C16C6A60AB6049
:1072D0002A6100291ED00839696111A907917849EE
:1072E00038000691002105910491039102912299A1
:1072F000119701910A99129500913100FDF70CFE4A
:10730000041E09D023001C3300D10CE723005433A2
:10731000C8D108E7C169DEE70C22010013A815F007
:1073200005F8390013A83031FDF72DFB390013A8FB
:107330003C31FDF728FB390013A84831FDF723FB4A
:10734000139B13A89B0A9B021393FDF729FBA042F2
:107350000ED13100380013AAFDF732FD041EA1D171
:1073600029003800574A13ABFEF721FF041EC9D18C
:10737000380016A9FEF798FF041EC3D1179DBB6EF7
:10738000280099690FF02CFCA14204D04E4B484ACA
:107390003D484E495CE7189B3A0033613B00F5607D
:1073A0003C33303223CA23C338000C22210048303A
:1073B00014F0BCFF0D9B1B6816930D9B5B68179325
:1073C000BB6A0993099B002B00D16BE7099B16A9A7
:1073D000083318000B93FDF7BBFA002840D0099B37
:1073E0001B68EEE70995A3E66B4616A99B8D0791EE
:1073F0003749039306915942364B00220293229B50
:1074000009B201930A9B0591009301230999380061
:1074100004915B4231001692FDF77EFD041E00D000
:10742000FCE6BB6EDD6C854200D1DD690C9AFE2A5C
:107430000FD899696B084C1EE41820000FF0D0FBA0
:10744000283D641AAC4200D92C00169B9C4200D304
:1074500077E60C9B0B9A5B08D3186AE60995D1E690
:1074600032000B9B23CA23C323CA23C303CA03C30B
:107470000B9B0D9A934247D00A4B0A9A9C460A48A6
:107480003FE0C046B8560200AA480200225002005F
:107490008C080000A208000050500200805002003A
:1074A000AC08000001040000FF0400000E500200C0
:1074B00089600200C50800001D500200D2080000CB
:1074C000616200000CFCFF7FB24F02001C0900004B
:1074D000A14A000000FC0F4013685900490D814289
:1074E00048D109991B0389889B0D994234D1099B86
:1074F0009B79022B04D0012309995B428B60CB60FE
:1075000008320F9B9A42E7D1099B9B880C93099BF9
:107510009B8B0E930E9A0C9B934200D25FE7099BC4
:10752000DB7F002B00D15AE73900099B2031203343
:1075300018001D00FDF70CFA002804D00E9A0C9BD1
:107540009B1A099A93802A0038000B99FEF702F9DA
:107550000028D9D00400A5E69942D1D9099B013968
:1075600099809B79022BCBD1099B9B6A013B09999E
:107570008B62C5E76145C3D109991B0389889B0DBF
:107580009942BDD3099B013199809B79022BB7D1D8
:10759000099B9B6A0133EAE7F0B505000F00A1B033
:1075A000866A06920793002E61D13A003B680493E5
:1075B0007B68059310AB13CA13C313CA13C303CA62
:1075C00003C30193079B3A0000932800069B10A970
:1075D000FFF78EFD0400B04275DB049B3800089372
:1075E000059B08A90993FDF7B3F9B04207D13B0009
:1075F00010AA43CA43C343CA43C303CA03C3022CEA
:107600002AD12A00390028004832FDF7D9FB041E90
:1076100059D1C022189BD2000493199B18A9059335
:10762000FB7D01909B18A94A1B0513430C933B005B
:1076300018330D93049B28000893059B08AA09930F
:10764000012300930CABFFF753FD041E3BDB20220C
:1076500018A910A815F076F800230693012C00D184
:1076600099E00024069BA3422DD003342BE0300088
:107670000830B84201D1366895E73900FDF768F95E
:107680000028F8D1B379012BF5D18022336B520356
:107690001342F0D0AB6EF26A9B6A9A42EBD9736BDD
:1076A0003100F363EB6E28002B66FFF7C5F8041E6C
:1076B00009D1336B864A3100134028003363FFF74A
:1076C0008DFA041ED7D0200021B0F0BD210008A8FB
:1076D0000831FDF73DF9002801D1A760E660A379E4
:1076E000022B08D1210008A82C31FDF731F9002820
:1076F00001D1E762266324686BE001212800FEF7D0
:1077000039F9280018A93030FDF756F9714E3A00C2
:1077100000281AD02B6B704A1B039E0D6F4B7049CB
:107720000293199B6F4800930196189B14F0ACF9D3
:107730002B6B6D4A6C6313402B633B033A00AC63C5
:107740009B0D9E4201D2694BFA18189B6149049324
:107750000A93199B05930B9300238E4202D0644B2E
:10776000B60233430C9300230D93019302330E9220
:107770000093280010AE0CAB0AAA18A90F96FFF7C9
:10778000B7FC041E9FDB012848D12022300018A935
:1077900014F0D8FF0694514B51490393119B554A5D
:1077A0000293109B54480193059B0093049B14F093
:1077B0006BF92900049B20310893059B08A80993C5
:1077C000FDF7C6F8109F119E002801D12F626E624E
:1077D000AC6A049B0893059B0993002C00D075E7C5
:1077E000280018AA08A9FEF777FE0700A04284DA4D
:1077F000831C69D12600280018AA08A9FFF7D4FA2B
:10780000041E0DD0831C00D05DE7023700D128E7AD
:107810003A4B3B4A32483B4912F06EFC0126EAE7FC
:107820002B6B9B05834203D028007142FEF7A2F820
:10783000280018A93030FDF7BFF8264E3400002884
:1078400014D02C6B254B24030293199BA40D2E4AB4
:1078500000932349189B2348019414F015F92B6BCE
:10786000214A13402B6300236B63AB63189B049383
:10787000199B05930023B44202D01D4BA40223435D
:107880000022C0210D920C9318AEF37DC9005B1845
:107890000E491B050B430E93049B01920893059B15
:1078A0003100099302232800009310AF0CAB08AA03
:1078B0000F97FFF71DFC041E00DA04E720223100B9
:1078C000380014F03FFFC9E60400FCE608FC0F0096
:1078D000FFFFEFFFFF030000D6090000B8560200CB
:1078E000AA480200E7500200FF03008000FCFFFFEF
:1078F0000000F04FA9090000AB5002002A5102001D
:10790000DB600200F90900000A0A0000F0B5036B11
:10791000A9B0040009919B0500D187E0002710ADB4
:107920001C220021280014F001FD0123EB75EB61FE
:107930000023059316A8FDF700F8002804D0059B46
:10794000002B69D00027EBE718AE3100200016AA03
:10795000FDF700FF00280DD1EB7D834200D07BE0D6
:10796000200020AA16A9FEF7B7FD002860DA831CC4
:1079700000D177E029B0F0BD8A4202D10B98834252
:107980006AD04B4E4B48089603960B9E0790019188
:10799000009207994848494A029614F075F8200069
:1079A00010A93030FDF708F8002815D10026002373
:1079B0000D93434B0C960E930AAB0F9302230CAA24
:1079C00010A92000FFF7E8FD0028D3DB033843426D
:1079D0005841059B0343ACE7266B3A4A33039B0DA2
:1079E0000693089B38480293069B07990193119BC5
:1079F0000093109B14F048F8236B344A1340236320
:107A00000023069A6363A363314B9A42CED0314B75
:107A10001E40314B1E43CAE7012F01D001277FE7EB
:107A2000216B2000494249B2FDF7A4FF0020A1E7E5
:107A3000002F11D10AAB0093284A030020A920008F
:107A4000FDF7B2F9002895DB0A99169B179A99421F
:107A500092D10B98824294D12022280018A914F0C8
:107A600071FE67E7002FF7D0099B002BF4D0104B75
:107A700010490193EB691A4A00931A48AB6914F054
:107A800003F82200310020004832FDF799F9002860
:107A900000D06FE7C022F37DD2009B18124A1B056D
:107AA00013430C931EAB0D93290001230CAA88E706
:107AB000B8560200AA4802004F510200A913000064
:107AC00008FC0F60B413000093510200FF03008014
:107AD000FF03000000FC0F000000F04F00FCFF7FE0
:107AE000D4130000DA51020008FC0F0010B50400A6
:107AF000FFF752FD002804DB03D000212000FFF730
:107B000005FF10BD30B5036B040095B09B052ED565
:107B1000384B39490193636A384A00933848236ADD
:107B200013F0B2FF2200200020320CA9FDF712FE54
:107B3000002826D1334A06AB0692A26E0593D2697D
:107B400001230792E26E20000892226F0CA909928D
:107B5000626F0A92A26F0B922B4A049204AAFFF75B
:107B6000C5FF00280DD1236B284A13402363E02270
:107B7000E36BD200190D114205D101212000FFF75E
:107B8000C5FE15B030BD1B4A1B039B0D029201932D
:107B9000636C1F4A0093236C1E48174913F074FF4F
:107BA000E36B1D4A5B005B0D934205D01B4B1C4AE7
:107BB0001C49114812F0A0FA2200200040320CA902
:107BC000FDF7C8FD0028DCD1236B1749E26B0B40A1
:107BD0002363164B60631A40154BA063134306934F
:107BE00007900123200006AA0CA9FFF77FFF0028B9
:107BF000C3D0C6E7B8560200AA48020034130000FA
:107C0000075202000100020018001020FFFDFFFFD4
:107C10005C1300003B520200FF0400006C520200A3
:107C20004E60020063130000FF03008000FC0F00A1
:107C30000000F04F73B5140002000E00483221001E
:107C40000500FDF7BDF800280FD1C022E37DD2006A
:107C50009B18064A1B0513430093183401236A46F8
:107C6000310028000194FFF741FF76BD08FC0F00AA
:107C7000F0B580270B6B3F0305000C0089B03B4239
:107C80004ED1FEF7ABFF266B002803D037432763A6
:107C900009B0F0BDF30343D5230008331800019366
:107CA000FCF74BFE00283BD180277F033E4220D0CB
:107CB000E36CE06A1B49A288090592021043014364
:107CC0000491216D05938B6828001A4381235B057D
:107CD000134306934B6804AA079301990223FFF705
:107CE00005FF236B002818D080221203134323635F
:107CF000CEE729002A0028001031FEF7B9FA002843
:107D0000C6D1236B3B42D3D1220002AB19002832EB
:107D100041CA41C108200449CDE7044A1340236306
:107D20000020B5E70102000002020000FFFFFEFF95
:107D300070B505000C00FFF79BFF2B000600AA6A38
:107D40002833002A04D01A6894420AD122681A60A3
:107D5000236D1B68002B02D1E06C12F019FA300081
:107D600070BD13001268ECE7F0B51F008BB0060081
:107D70000D000392BB0731D4109B30002B6500230C
:107D80006B63EB63EB642B000833029302992F6360
:107D90002B1D03AAFDF7EAFC041E08DA831C00D0A1
:107DA00075E00398FDF742F8002800D16FE0012349
:107DB000AB71B36A2B60B562A31C49D1FF0566D5D0
:107DC000039C6C49200014F075FB225C002A3DD115
:107DD000336F834209D22424644258E0FFF792FEB5
:107DE000041EC9D020000BB0F0BDAB8862499B02D5
:107DF000194304918021614F1843490301433B43D8
:107E0000059206910893099203233000029904AA6F
:107E10000794FFF76BFE030004001C33DBD000283F
:107E200035D13C0000272B6D9A68BA4239D81B68BF
:107E3000002B68D0EB642900B06E4031FDF701FFE4
:107E40004F4A230D934267D00024CBE71424C3E7A5
:107E5000BB0500D587E0240D012C00D085E0AA8861
:107E600092027F0507D58023444C5B0214432A6BA2
:107E700013432B63D6E7434B300013432A002832C9
:107E800000920299404AFCF78FFF041ECADA802351
:107E90002A6B1B031343290030002B63FFF748FFB5
:107EA000A0E701212A6B0A4204D1296B8B071CD45D
:107EB0000137B8E70C21C02079435A68AB885218C3
:107EC00091689B020B4311788000526809180905DC
:107ED0000B43009230002D4A0299FCF765FF002801
:107EE000E3DA831CE1D00400D1E70C222B6D7A4346
:107EF0005B689B189A68B36F9A4238D880235B02FC
:107F00000B432B63D4E7B36E986A12F037F9E86439
:107F1000002890D10C245FE78023296B5B030B437F
:107F20002B63002302226B64B36EA4059B6A52424A
:107F3000A40DAA62EC622A64AB6485D0AA881449B5
:107F400092028B4200D90B001A4380239B051343F6
:107F5000EA6C3000009202990B4AFCF725FF041EE0
:107F600000DB71E793E7112436E7152434E71C247E
:107F700032E7C046C2480200000010400000102056
:107F8000010200000800002000FC0F7000FCFF7FD1
:107F9000FE03000070B596B005000E00FDF75CFE14
:107FA000041E04D00C246442200016B070BD336A55
:107FB000834205D12A4B2B4A2B482C4912F09CF8BE
:107FC000AB6E2100DA6A686E14F0B0F9AB6EEA6E3F
:107FD000DB6A6C65DB00934200D91300AB650023BC
:107FE0000EAE31002800EB652A66FEF7E7FB041EA3
:107FF00031D11F4A02AB0292AA6E0990D2690D9349
:108000000392EA6E032304922A6F310005926A6F8D
:1080100028000692AA6F0792164A0892164A0A92F8
:10802000164A0B92164A0C9208AAFFF75FFD041E2F
:1080300011D103000200B07531002800FFF756FD92
:10804000041E08D1012300906A46310028000193E4
:10805000FDF780FB04002800FDF7BCFCA4E7C04648
:108060009D52020008610200AA4802002A11000085
:1080700001000200000010400800F00FB35202009F
:1080800018001020F0B59DB00400FDF7E5FD061EB8
:1080900000D0F6E01C22010014A814F047F90123D7
:1080A0001B93794B0AAAA1CBA1C21B6813601AA823
:1080B000FCF743FC0590002825D02500303528002A
:1080C000FCF76EFC00280BD1704B71490293A36B37
:1080D00070480193636B704A0093236B13F0D4FCD8
:1080E000226BD30F9B18236323003C3307CD07C3B8
:1080F000E56EE06A29000EF073FD00236165A3655B
:10810000E3652566B8E00AA914A8FEF7B9F90028C6
:1081100000D0B4E0614A07AB089208220393604B99
:1081200009920293059B200001935E4B1AAA0093CB
:1081300014A95D4B0794FDF7DBF8051E00DA97E004
:10814000002800D18BE08505AD15013500D186E012
:10815000149B0EAF2362159B20006362524A534B5F
:10816000009714A9FCF720FE051E00DA80E00E9AA5
:10817000130C022B02D191B201290FD9434D92B2B7
:108180000395012502956D19009241494848494AD5
:10819000019513F079FC16256D4269E000290CD198
:1081A0003A4D92B203950125009239494248434A1B
:1081B0000295019313F068FC0595236B404A134028
:1081C000059A520213432363FB68002B0CD0226FE5
:1081D000934208D92D4D00922D493A483A4A0195CB
:1081E00013F052FCD7E723673B69002B0AD0626F7C
:1081F000934206D9254D009225493448344A0195C9
:10820000EEE763677B69002B0FD0A26F934206D91C
:108210001E4D00921E492F482F4A0195E0E7E26F5C
:10822000A3679A4200D91A00E267A16EBB680A6A86
:10823000002A08D09A4206D0144D009214492748CB
:10824000274A0195CCE7E366CA697B68934206D06A
:108250000E4D00920E492348234A0195C0E72200A3
:108260002000303214A9FCF7ABFD051E00D11EE73B
:108270002000FDF7AFFB2E0030001DB0F0BD5425EF
:108280008AE70C267642F7E708470200B856020054
:10829000AA480200235402000E120000B35202004A
:1082A000395900000800F00F00FCFF7F1800102073
:1082B000BC520200B2110000F1520200C1110000D4
:1082C000FFFDFFFF2F530200D0110000605302009A
:1082D000DB11000091530200E6110000C2530200BE
:1082E000F5110000F3530200FE11000010B5FDF778
:1082F00071FB002010BDFFFFF0B59BB0040005919D
:10830000FFF700FC002846D1030005AA200008A9B9
:10831000FDF72CFA00283EDB2D4A03039B0D934208
:1083200053D0A36A10AD1093030D0293294B06AEF0
:108330001840029B0390022B1DD1274B274A034371
:108340000096200008A9FCF72FFD002823DB32004F
:10835000200012A9FDF7FEF900281CD1AB8B834247
:108360001BD1EF7F874218D101212000FDF702FBCE
:10837000AF71AF80A562039A194B20001343069397
:1083800000233200736008A90133FFF7AFFB109B95
:10839000A362002804D01BB0F0BD27204042FAE7BA
:1083A000029B022BF7D1012120004942FDF7E2FA9E
:1083B000200008AA12A9FEF7F7FC0028EBD1200044
:1083C00012AA08A9FFF736FCE5E71620E6E7C04643
:1083D000FF03000000FC0F000800002000FC0F70ED
:1083E0000000F04F70B58AB001911600002301AA79
:1083F00002A90500FDF7BAF9041E10DB2F21019830
:1084000013F0FEFF002802D0230D022B0AD1220315
:1084100033002800920D02A9FCF71AFD0400200089
:108420000AB070BD14246442F9E7FFFFF7B50400F9
:10843000806A0D0016001F00FCF7CEFA002805D058
:10844000074B084A0848094911F056FE084B32000C
:108450002900009320003B00FFF786FCFEBDC046CC
:108460005A54020040600200AA480200E5170000CA
:108470003460020070B50400806A0D00FCF7ACFAAD
:10848000002805D1054B064A0648074911F034FE7D
:1084900029002000FFF74CFC70BDC0465B54020071
:1084A00023600200AA48020009180000F8B5050080
:1084B000806A0C0016001F00FCF78EFA002805D118
:1084C0000E4B0F4A0F48104911F016FE236BDA07C6
:1084D00004D40E4B0E4A0B480E49F5E79B0306D415
:1084E0003B00320021002800FDF7F0FAF8BD210022
:1084F0002800FEF773FB0028F2D0F7E75B54020078
:1085000015600200AA4802002B18000091540200D6
:1085100006600200E20D0000F8B50400806A0D005C
:1085200016001F00FCF758FA002805D1064B074A31
:108530000748084911F0E0FD3B0032002900200007
:10854000FEF7D0FBF8BDC0465B540200F75F0200A7
:10855000AA4802003D180000F0B5050087B0806A07
:108560000C001600FCF738FA031E05D0204B214AF8
:108570002148224911F0C0FD03962600083631003B
:10858000280003AAFDF7F2F800282BDB030D022BCD
:108590002AD11B4A03039B0D04AF934216D12B6AC9
:1085A00004936B6A7B603A0031002800FDF7D2F833
:1085B000002817D1A368A080E362E368A062236368
:1085C0000223A371AB6A2360AC620BE00D4B310058
:1085D00018400D4B0D4A034300972800FCF7E4FBBD
:1085E0000028E0DA07B0F0BD14204042FAE7C046A8
:1085F000BE540200DA5F0200AA480200AC18000074
:10860000FF03000000FC0F000800002000FC0F70BA
:108610000300826A2833002A04D01A68914203D1E9
:108620000A681A600020704713001268F3E7FFFF22
:10863000F8B5150084220C00060000212800520025
:1086400013F074FEA36A002B0BD1023318492B7070
:108650002800083014F02AF80120A36A0133A3622D
:10866000F8BD0227012B02D112492F70F0E7A28832
:10867000A38B93420DD1E07F0028F1D0220021008E
:10868000300020320831FDF765F80028E8D10200FB
:10869000A08021002B0030000831FCF7D9FB831C9F
:1086A000BB43DDD1A3880133A3800230DFD0D3E701
:1086B000014902000049020010B50123FDF74EFFF9
:1086C00010BDFFFF70B50F250A4C8A18914200D1EA
:1086D00070BD0B78060958402840800000591B09DE
:1086E000464073402B409B001B59300958400131D4
:1086F000ECE7C04614610200036801330360002008
:10870000704710B5080011001A00029B03F092F8A0
:1087100001235840C0B210BD10B5080011001A0066
:10872000029B03F0BBF801235840C0B210BD10B546
:10873000080003F0EDF801235840C0B210BD10B599
:1087400003F06CF801235840C0B210BD30B5D1B071
:10875000020001A91348FFF7FFFE00281FDB0EAD42
:108760002A00104801A9FFF763FF002817DB12D089
:108770002B780D48012B03D00C48022B00D00C485D
:1087800013F082F969680B4813F07EF910A90A48C2
:1087900013F07AF9E3E7034801A9FFF739FF51B075
:1087A00030BDC04678110020F4540200FA54020093
:1087B0000055020006550200C7560200002307B507
:1087C0000649074801AA0193FFF776FF002803DB5B
:1087D0002020019BC01A00020EBDC046F986000091
:1087E0007811002073B510491048FFF74BFC041EA8
:1087F00015DA0F4813F08EFA0B490C48FFF7CAFB45
:108800000024A0420EDB08490848FFF73BFC444225
:108810004441FFF7D3FF0100064813F035F96342E6
:108820005C41E4B2200076BD546102007811002062
:10883000125502003F55020070B50E48FFF756FD75
:10884000002802DA0C4813F065FA0C490948FFF7D2
:10885000A1FB00280CDB09490648FFF713FC0028A0
:1088600006DBFFF7ABFF0100054813F00DF9002010
:1088700070BDC046781100206955020054610200A5
:10888000B5550200002310B5064C01002200064831
:108890002370FFF7A7FD2078013843425841C0B24A
:1088A00010BDC0461C1000207811002070B50023B8
:1088B00005000C4A01000C481370FFF793FD2800D7
:1088C000FFF7E0FF041E08D029000748FFF714FD5A
:1088D00043425841C4B2200070BD2900034813F040
:1088E000D3F8F8E71C10002078110020E2550200B0
:1088F00010B5FFF7C7FF002802D0034B586810BD22
:1089000001204042FBE7C0461C100020F7B5019152
:10891000009000210198140013F008FD0098FFF763
:10892000E7FF061E01DC0020FEBD0E4F01233900CB
:10893000009A0D48FFF77AFD0028F4DB2300B442CB
:1089400000DD33003900019A0748FFF7AFFD00282A
:10895000E9DB39000448FFF78DFD43425841C0B2BE
:10896000E2E7C0462411002078110020F7B5070087
:1089700016000191FFF722FF80235B00984204DC80
:108980000E4813F0C7F90020FEBD3A000C4B0D490C
:108990000D48FFF74BFD0028F5DB3300019A09492C
:1089A0000948FFF7B9FD0028EDDB06490648FFF747
:1089B00061FD43425841C0B2E6E7C046F9550200A6
:1089C000030500002411002078110020F7B50700EE
:1089D00016000191FFF7F2FE80235B00984204DC51
:1089E0000E4813F097F90020FEBD3A000C4B0D49DC
:1089F0000D48FFF71BFD0028F5DB3300019A0949FC
:108A00000948FFF789FD0028EDDB06490648FFF716
:108A100031FD43425841C0B2E6E7C046F955020075
:108A200002090000241100207811002010B501284F
:108A300004DD4868FFF78AFE002010BD0048F9E712
:108A4000C2480200F8B54C680021164E1648317035
:108A500032002100FFF7C6FC2000FFF713FF0028BB
:108A60001BD07768002F14D0781C11F087FB3A00D8
:108A7000050001002000FFF749FF0022736829006C
:108A80000A48EA5413F000F8280011F081FB002096
:108A9000F8BD074813F03EF9F9E72100054812F048
:108AA000F3FFF4E71C10002078110020C7560200E5
:108AB000CB5F020008560200F0B500230C001E4DEB
:108AC00087B02A001D4849682B70FFF78BFC60684F
:108AD000FFF7D8FE002829D06F68002F22D0781C1D
:108AE00011F04CFB3A00010006006068FFF70EFF32
:108AF00000246968A14205D8300011F049FB00202C
:108B000007B0F0BD091B0C2900D90C2101AA3019AE
:108B100000F008FE01A813F0FDF80A20F9F7C8FBE1
:108B20000C34E6E7064813F0F5F8E8E76168054815
:108B300012F0AAFFE3E7C0461C10002078110020C5
:108B4000CB5F02002056020010B5FFF737FE010090
:108B5000024812F099FF002010BDC0463E560200A8
:108B600010B54868FFF7A2FE002010BD0B0010B53D
:108B70000649586813F056FD002802D1FFF75CFE45
:108B800010BD034813F0C6F80120F9E7B157020001
:108B900056560200F7B54C680D00200013F026FE73
:108BA00023780600222B01D0272B03D10023013488
:108BB000861EA355EF682F21380013F021FC0028F2
:108BC00005D0134813F0A6F80220404212E0AB682B
:108BD00010491800019313F025FD00280BD1320035
:108BE00021003800FFF7C2FE01220B49E868FFF7B9
:108BF000EDFE0020FEBD0949019813F013FD002889
:108C0000E2D1320021003800FFF7E0FEECE7C04679
:108C1000695602008C560200675502008B5602000E
:108C200070B50023150002228A425B410E006421C8
:108C3000C01AC0B20A4B841004194942E4180DF05E
:108C4000D3FF084B2018F35C0F38C01807214019D8
:108C50000EF0B0F8002900D10731C8B270BDC0468F
:108C6000C4090000B7610200C838431E9841C0B271
:108C70007047FFFF10B50C00022904D1FFF7F4FF85
:108C80001D23002801D1024B1B5D180010BDC046FA
:108C9000AB61020010B50A7804780300A01A944270
:108CA00016D15C784A78A01A944211D19C788A78BF
:108CB000A01A94420CD11C790A79A01A944207D1C7
:108CC0005C794A79A01A944202D198798B79C01ABA
:108CD00010BDFFFFF0B514000727037985B00E0023
:108CE00011709B0681781A0F05000192627039425B
:108CF0001BD1C9080F22EB78A1709B06DB0E2371F4
:108D0000EB781B069B0F53436371EB781D4ADB071F
:108D1000DB0FE3712B799B079B0FD35C23722B79BD
:108D20001B069B0F637205B0F0BD4B075B0F07334B
:108D30000393072917D8012201993000FFF770FF2C
:108D4000039B3900181A0EF035F80F003000019916
:108D5000FFF790FF3B0039001C33DBB21D3183422B
:108D6000C8D30739C6E7CB081A000199300002932F
:108D7000FFF756FF039B3900181A0EF01BF8029BF1
:108D80005918B7E7A8610200F0B5002716001C00CB
:108D90000500012285B00190039100970520009BFA
:108DA0005843019B1818039BBB4201D0052A0DD1E3
:108DB00022003100FFF78EFF01236370A3700023B0
:108DC000267023716371A37105B0F0BD2B78B34297
:108DD00017D86B78B34214D32979037989069B0697
:108DE000090F1B0F994201D9FBB20093531C029348
:108DF0000A235A433100A2182800FFF76BFF6B4685
:108E00001A7A01370535C9E7F8B5060004000F00E6
:108E100001250A36337A002B04D10A23013D5D4334
:108E20006019F8BD31003800FFF734FF0028F4DB8B
:108E300001350A36052DEDD120002830F1E7FFFF7E
:108E4000F7B54369144F01930E0015003B680A788B
:108E500001990400994203D1104B1B78934209D029
:108E60000F4B217BA068FFF78FFF019B32783B609F
:108E70000A4B1A700527237953202B70E7576F7020
:108E8000237B002B07D031000548FFF7BDFF437A55
:108E9000FF186F70007AFEBD2C1200202A120020ED
:108EA000F811002010B511600021104B415650619F
:108EB0000B4004D50424013B6442234301330F24B7
:108EC000634303241371CB1723405B189B1053712A
:108ED000052341784B4306495B1893608378054925
:108EE000137383885B18136110BDC04603000080B4
:108EF00028650200486402000023F0B595B0019394
:108F00005C4D2B68FE2B09D95B4812F0BDFD5B4818
:108F100012F0BAFD00232B6015B0F0BD12F0AAFDCF
:108F2000061EF9DB082809D12B68002BE8D054482D
:108F300012F0AAFD2B68013B2B60E1E70A2803D061
:108F40000D2801D012F078FE2B684E4CE654013308
:108F50000A2E01D00D2EEFD100274022390004A89F
:108F6000E75413F0E3F9230021000826FF331F70B4
:108F700004AB0293444A0B00944609E01A78002A95
:108F80000BD06146895C32000A400E420DD001339D
:108F9000A34202D33D4A9342F0D3002F20D10023B5
:108FA00036482B6012F070FDB6E7029901370B606E
:108FB0001978002914D0002A07D1222941D0272965
:108FC00033D127220192263A04E0019A521A511E07
:108FD0008A41D2B20133A34202D32C498B42E7D358
:108FE00000242B4B2B4E1B680293049B01937B1E8A
:108FF0000393029B9C42D2D00199306813F0DCF9B4
:10900000002833D10823F356BB4204DA0923039A1C
:10901000F3569A4218DD1F4B24011C1961681E4843
:109020000029BCD012F030FDB9E71748415C0E4270
:10903000D0D0591C1A70029B04330293102F99D17F
:10904000CEE701220191C5E7F368002B0ED013484B
:1090500012F060FE0F4B24011C193800E36804A9CC
:10906000984702309BD10C486168DBE70134103629
:10907000BFE7C046301200208E560200AC560200F8
:10908000B556020034120020C579020034130020C6
:109090008C65020014000020B9560200CB5F02006C
:1090A000FFB5FFB007000E001E4A002101A813F013
:1090B0003DF9012F17DD706811F03EF8041E2ED027
:1090C00080239B0098422ADC0025022F03D0B06841
:1090D00011F032F805000026A64208DB00208323A9
:1090E0009B009D44F0BD80240025A400F3E701AB64
:1090F0009F1901360A2130000DF05CFE0A4A0B0070
:109100003800022112F052FF3100084801AA12F083
:10911000BBFC002DE0DDA8B2F9F7CAF8DCE70120BE
:109120004042DCE701020000C0560200C3560200C4
:1091300010B501F0C7FF002010BDFFFF70B500257E
:10914000084812F0E7FD084C62682168002A00D147
:10915000064A0748013512F097FC10340B2DF3D165
:10916000002070BDCC56020014000020B85602004A
:10917000DB56020070B5094A094B0D0004000FF0E0
:1091800067FF0BF049FF0022064B0FF061FF020062
:109190000B002000290010F013FA70BD176CC116E7
:1091A0006CC1663F00807640F0B589B004920593AB
:1091B000614A624B009001910FF04AFF604A614B97
:1091C0000EF0FCFEFFF7D6FF5F4A02900391009875
:1091D00001995E4B0FF03CFF02000B005C485D49BB
:1091E00010F0EEF95C4A04000D00029803995B4B05
:1091F0000FF02EFF06000F000BF042FD06900791C6
:10920000300039000BF0F6FC554A06000F00200034
:109210002900544B0FF01CFF069A079B0FF018FF14
:1092200022002B0006900791300039000FF010FF4C
:1092300000224D4B0EF0C2FE02000B00069807996B
:109240000FF006FF029A039B0EF0B8FE424A434B12
:109250000FF0FEFE06000F000BF0CCFC22002B00EE
:1092600010F0AEF922002B0002900391200029009B
:109270000FF0EEFE02000B0000203B4910F0A0F9B9
:109280000BF000FB04000D00300039000BF0F8FC7F
:1092900002000B00200029000FF0DAFE029A039B67
:1092A00006000F00100019000FF0D2FE320004007B
:1092B0000D003B00300039000FF0CAFE02000B0029
:1092C000200029000EF07AFE0BF0DCFA059B03C3A8
:1092D000029A039B300039000AF0C2FF234A0400BF
:1092E0000D0000980199224B0FF0B2FE214A224B4B
:1092F0000EF064FE1A4A06000F0020002900194BE8
:109300000FF0A6FE02000B00300039000EF056FEF2
:1093100000221A4B04000D000DF086FD002807D036
:10932000200029000022154B10F04AF904000D001E
:10933000049B30C309B0F0BD01F9A58D098AEF3F48
:10934000986E1283C0407640D95BF3CA26C6133E9E
:10935000680932022A1C913F399D52A246DF913F93
:10936000F8C1631ADCA54C400000F03F46C9BD5669
:10937000C8B0083F89D2DEE00BAF71400080764074
:10938000F0B589B00E9C0492059306AA23000090C4
:109390000191FFF709FF0698079930CC374A384BFF
:1093A0000FF056FE029003910BF024FC02000B001C
:1093B000200029000FF04CFE06000F0002980399D0
:1093C0000BF05EFC02000B00200029000FF040FEB5
:1093D0002C4A02900391009801992B4B0FF038FE14
:1093E00002000B0029482A4910F0EAF8234A244BCE
:1093F0000FF02EFE04000D000BF042FC00900191D6
:10940000200029000BF0F6FB029A039B0FF020FED0
:1094100032003B0004000D000AF022FF1D4A1E4BE3
:109420000FF016FE049B320003C33B0030003900EE
:109430000FF00EFE220006000F002B002000290076
:109440000FF006FE02000B00300039000EF0B6FDF2
:109450000BF018FA029A039B04000D000098019982
:109460000FF0F6FD22002B000AF0FAFE094A0A4B23
:109470000FF0EEFD059B03C309B0F0BD399D52A26C
:1094800046DF913FDADACEF82FE9973EFF21FDF66D
:1094900075703740F8C1631ADCA54C4070B50B4AB3
:1094A0000B4B0D0004000FF0D3FD0022094B0EF012
:1094B00085FD0BF0B1FD0022074B0FF0C9FD020046
:1094C0000B002000290010F07BF870BD176CC1164E
:1094D0006CC1663F0000E03F0080764010B5054A51
:1094E000054B0FF0B5FD054A054B0EF067FDFFF784
:1094F00041FE10BDF853C7506C8AEF3F90A0F83181
:10950000E6978940F0B50700080093B00E000930D7
:109510000C2115000DF068FBC319072003225843E6
:109520007024C31713401B181420FF347C43FF30F2
:109530009B1009217043E41A0DF056FB6B4B201869
:109540004019C01810F09EFC0022694B0EF036FD49
:10955000002204000D0018981999664B0FF042F98B
:1095600002000B002000290010F02AF804000D0072
:10957000FFF7B4FF0022604B0EF020FD189A199BF4
:109580000EF01CFDFFF7F6FD06000F000CAB2000EF
:10959000290000930EAA10ABFFF7F2FE0E9A0F9B64
:1095A0003000390010F00CF8FFF778FF0022534B21
:1095B0000FF018F90B0002005149002010F000F8DC
:1095C0001E9B02900391002B0DD00C9A0D9B4D48D1
:1095D0004D490FF007F902000B001C981D990FF080
:1095E000EFFF1C901D911C981D99484A484B0FF0A5
:1095F0002FFD0BF045FB454A454B049005911A9809
:109600001B990FF025FD04000D000BF039FB3F4ABC
:109610003F4B06900791109811990FF019FD060025
:109620000F000BF02DFB08900991200029000BF092
:10963000E1FA0A900B91300039000BF0DBFA089A3E
:10964000099B06000F00069807990FF001FD020024
:109650000B00049805990FF0B3FF32003B000400A3
:109660000D000A980B990FF0F3FC02000B0020008C
:1096700029000FF0B7F80022264B06000F000DF06E
:10968000D3FB002828D1002230003900224B0DF0F6
:10969000B7FB041E25D1300039000AF0B7FD1F4A80
:1096A0001F4B0FF0D5FC0022144B0FF09BF8060067
:1096B0000F000298039932003B000FF081FF1F9BBF
:1096C00003C3029A039B300039000EF077FC209B05
:1096D00003C3200013B0F0BD01240026002764421C
:1096E000E7E701240026064FE3E7C0465EDAF4FF11
:1096F0000000E03F008076400080664000002E4081
:109700000000284039454772F90FD13F399D52A2D8
:1097100046DF913F0000F03F0000F0BFF8C1631A40
:10972000DCA54C40F0B543180400002089B002933A
:10973000030002991618A14225D1002B1FD0002446
:10974000012B00D0069C0599284D0F06BF0EEF5D3A
:1097500009013770302631402606360F3143695CE7
:1097600016187170811C3D275118022B03D19C40A3
:109770003A331C402F5D3D230F700430F3700023FB
:10978000135409B0F0BD591C2578019105AF99001B
:109790007D50022B27D13F270599144D8B083B4064
:1097A00009010F3F394003910F21EB5C0430337006
:1097B000069B1F090F403900039F9B000F43E95D83
:1097C0003C2771703B4007990393019B8F093B40F5
:1097D0001F00039B3B433F27EB5C3940B3706B5C3E
:1097E000F37000230193019B0134A2E7C400002021
:1097F0000822064B5A6043331978063A0A4304217B
:109800001A701A788A431A707047C0460060004187
:10981000F8B50126244D254C2E7001F0E1F8FFF734
:10982000E7FF237822491E430F2326700A78214E32
:109830001A40013313430B7080211F4B0904196038
:10984000022332781D4F134333700320396001F037
:10985000CDF81B4B984201D800232B708022194B66
:1098600012041A60032001F0C1F8174BC018174BFF
:1098700080B2984201D900232B7001F00FF9082221
:109880000121134B28785A602378023A93432370BE
:1098900023788B43237080230E491B043B60CB67E6
:1098A000337893433370F8BD341300204360004194
:1098B00031600041D76000418860004198600041FC
:1098C0005FEA00009460004168C5FFFF409C000013
:1098D0000060004108600041104B10B51B78002B60
:1098E0001AD001F07DF8FFF783FF01230C4A1178AD
:1098F0000B4313700F230B490A781A4001331343AB
:1099000080220B70084B12041A6002230749087862
:1099100003430B70064B1A6010BDC0463413002081
:10992000436000413160004188600041D7600041E0
:10993000986000410D4B10B51B78002B15D001F03D
:10994000ADF801210A4B1A788A431A70094A073187
:1099500051601A7802398A431A708022064B120429
:10996000DA67064A13788B43137010BD3413002056
:10997000436000410060004108600041D760004141
:109980000C4B13B51B78002B11D080240A4B2404F8
:109990001C60032001F02AF8084B01211C60084BD1
:1099A000084A01930093084B00F00CFD16BD9F2060
:1099B000C005FBE73413002094600041986000412B
:1099C00000401C46004053450000C841F7B5040064
:1099D0000D0001F0CDFC562836D1522C2DD1012D91
:1099E00001D9072D7AD901F0C3FC2200E900203A01
:1099F000562800D084E0764B5B1803CB0090019191
:109A0000744B00269F5C6A46B15C3B007F08FF29CF
:109A100007D001228807800F8908134277D001F010
:109A20002FFE0136082EEED1542C73D1012D7CD19E
:109A30000C21280001F024FE77E0542CD3D1AB1E7A
:109A4000052BD0D82034CEE702232A009A43042ADB
:109A500035D1572C1CD8402C06D8372C00D172E0B9
:109A6000492CC0D12334BEE720004138162833D812
:109A70000DF012F86D32323232323232321F320C85
:109A80006B6B323232323223212121002124AAE7AA
:109A9000632C5ED020006D38C3B20A2BE0D80A28B0
:109AA0001AD80CF0F9FF52191D191919190A1908B9
:109AB00008006A2497E7752495E72B2493E7752C13
:109AC00049D06A2C00D174E02E2C00D173E0012D16
:109AD00045D9542C00D170E0522CC1D1722482E7B8
:109AE0004F2480E741247EE76C247CE742247AE718
:109AF000552478E7442476E7522474E74E2472E72D
:109B0000354B5B1803CB354B0090019179E701F0A1
:109B1000BBFD86E7002D09D1403CE4B2042C04D8FB
:109B20001523E3400F21DB070BD4F7BD012DFCD13A
:109B3000403CE4B2042CF8D81523E3402B42F4D087
:109B40000C21002076E726244DE76E244BE76124A4
:109B500049E7432447E77624012D00D943E7012D47
:109B60002DD120005638202800D979E70CF09EFF2F
:109B7000C0FF78FF78FF78FF78FF78FF78FF78FFE5
:109B800078FF78FF78FFBAFFBEFFF1FFC2FF78FFD2
:109B900078FF78FF78FFBCFF78FF78FF78FF78FFC9
:109BA000C6FFB8FF78FF78FFC4FF78FF78FFC0FFDB
:109BB000C0FF4A24D0E75F24CEE7742413E7522C79
:109BC00000D172240F21002001F05EFD0BE7C0469A
:109BD000186702007067020068660200B86602003B
:109BE00073B50500CC0001F0C3FB203D562819D108
:109BF000114A121903CA00900191104A002401264B
:109C0000555D6B46E15C2A006D08FF2906D0880788
:109C1000800F890832420CD001F032FD0134082C4B
:109C2000EFD173BD064A121903CA064A009001918A
:109C3000E4E701F029FDF1E7186702007067020010
:109C400068660200B866020070B506000D000C00E0
:109C5000731B185D002805D0E1B20134FFF7B6FE92
:109C6000092CF5D970BD70B50C0007280DD80CF083
:109C700013FF4704040D182C353E08780021FFF728
:109C8000A5FE60780121002808D170BD0878022166
:109C9000FFF79CFE607803210028F6D0FFF796FEC0
:109CA000F3E701F065FB562803D11621002001F0EF
:109CB000EBFC250001356B1E18780028E5D0E91C67
:109CC000091BC9B2FFF782FEF4E708780421FFF709
:109CD0007DFE607805210028D7D0DFE708780621CF
:109CE000FFF774FE607807210028CED0D6E7087809
:109CF0000821FFF76BFE607809210028C5D0CDE769
:109D000000212000FFF7A0FF01F032FB5628BCD154
:109D1000200012F06BFD0A2802D90A21A07ABDE7C3
:109D20000A212020BAE770B505000C00160001F0EA
:109D30001FFB562856D1072D15D828000CF0ACFE75
:109D40004D1A1C4D2D4D4D4DE9B2012D10D9022D4E
:109D50000AD10A21A078FFF739FE0135200012F060
:109D600045FD8542F0D370BD052DFCD0691EC9B2FA
:109D7000605DF0E70025F1E720780021FFF726FE7F
:109D800060780028EFD00121FFF720FEA07800289E
:109D9000E9D00A21FFF71AFEE5E71621002001F0BD
:109DA00073FC200012F022FD0026072807D123783B
:109DB000312B04D13000162101F062FC0136002560
:109DC00006E00135072DCED0E91CC9B2FFF7FEFD34
:109DD000A319585D0028F4D1C5E721002800FFF73A
:109DE00042FFC0E73100F9E710B501F0C1FA56288B
:109DF00004D10021080001F043FC10BD1021012016
:109E0000F9E710B501F0B4FA562804D10021080092
:109E100001F03AFC10BD10210120F9E710B501F066
:109E2000A7FA562803D10E21002001F029FC10BD0D
:109E300010B501F09DFA562803D10E21002001F043
:109E400023FC10BDF0B58BB00C00051C10F072F8AF
:109E5000534A544B06000F000CF0C8FF002808D0EE
:109E6000FFF7E6FF0420504A5049FFF75CFF0BB0B4
:109E7000F0BD300039004E4A4E4B0CF0CBFF0028AD
:109E800006D0FFF7D5FF04204B49FFF7ECFEEEE7C5
:109E900000224A4B300039000FF0DAF80BF058FB83
:109EA0000FF0B8FFC317C2185A406B4604921B8AC2
:109EB0000021281C05930CF0D3FF002841D0059BFE
:109EC000002B5CD080231B06ED18FA23059A9B001B
:109ED0009A421ED3281C10F02DF8002C00D1384CCB
:109EE00000900191374A0821029406A812F05EF80A
:109EF0000821354A06AB08A812F058F800240420BF
:109F000008AA06A9FFF70FFF002C45D0FFF786FF30
:109F1000ADE76B461B8A002C00D1294C2B4A082147
:109F2000009406A812F042F8281C029410F002F8DF
:109F300000900191264A082108A812F037F8012460
:109F4000DDE76B46234A05991B8A91420DD984426D
:109F500000D11B4C204A0821009406A812F026F8D4
:109F60001E4A009601970294E5E7FA2205999200AD
:109F7000914204D3002C00D1114C194AEBE76B46F7
:109F80001B8A002C00D10E4C164A0821009406A80A
:109F900012F00CF8144AE4E7FFF74AFF67E7C046FF
:109FA0009A99999999F958C00D58020014580200CD
:109FB00048E17A14AEFF68401B5802000000594087
:109FC0008E5A020022580200AD5A02002B5802009D
:109FD000335802000F2700003C58020023580200AB
:109FE0004258020048580200505802001F2110B584
:109FF000034B185C0140400901F042FB10BDC04614
:10A00000050100201F2110B5034B185C01404009D9
:10A0100001F03AFB10BDC0460501002010B501F06B
:10A02000A7F9562810D11522084B1A7020325A7001
:10A0300040329A70203ADA70353A1A7120325A71E9
:10A0400020329A712032DA7110BDC046050100201D
:10A0500070B51500022913D90B4BC4180D2001311E
:10A06000484305210CF0C0FDA4B240190019A40812
:10A070000019072105300CF09DFE0131C8B270BDFA
:10A080000C31024BC9B2E8E730F8FFFF2FF8FFFFB1
:10A09000074B82028101800E10B5C018D20E090F45
:10A0A000FFF7D6FF431E03205843024BC01810BDD4
:10A0B000E407000034680200074B82028101800E31
:10A0C00010B5C018D20E090FFFF7C2FF034B0138BD
:10A0D0008000C01810BDC046E407000018680200E8
:10A0E0000C4B10B5C018002184B280070FD120009E
:10A0F00064310CF075FD8BB20121002B07D190313A
:10A100002000FF310CF06CFD89B24B425941C8B2BE
:10A1100010BDC0466C070000F0B587B004930CABCF
:10A120001B78002500930DAB1B78039201933B4BEA
:10A130003B4FC618340002225242D31712196B410A
:10A140000291384D002B2DD1882A2BD836491A0080
:10A1500041188910B60701D101390132334B6943E7
:10A16000C4187C4364180299314B01398800C358E4
:10A17000002A03D0012901DD2A4A9B183C20009ABD
:10A180000E995043019A521A8018E1220499120143
:10A190004A438018039A013A554340190019C018E0
:10A1A00007B0F0BDC821234B4900C41820000CF0B3
:10A1B00091FCC8210590490020000CF011FD0029F8
:10A1C00029D0C72920D996235B00994219D32D396C
:10A1D0002A3BFF39FF3B0022914204D003220A4070
:10A1E000504242418908612405987E434443182027
:10A1F0004343E418A41A64186C430F4BF318E41893
:10A20000B1E70223C839E6E7632902D9012364399B
:10A21000E1E70023E2E701220B00E4E794F8FFFF07
:10A220008033E1018051010050F8FFFF4EF8FFFF3D
:10A23000E867020030F8FFFF0077767C7FB5040006
:10A24000094EA50624050291C30382028101AD0EC9
:10A25000A40E800EDB0ED20E090F8019019500941A
:10A26000FFF75AFF04B070BDE4070000F7B5364BA6
:10A270000027C01843181800344901930CF02AFC39
:10A28000334904000CF0B0FC324B464233401C19F9
:10A29000200031490CF0A8FC0500192800D1013D2F
:10A2A0006E212E4BFF316B431C1920000CF09CFCDF
:10A2B000042800D101382A4BAD0043431C19642304
:10A2C00028183340C01800232649CA56A24233DD5D
:10A2D0009D1C0B2D33DCFA23DB00C3180093009B7D
:10A2E000214A9B183F2B25D8184901980CF078FC7F
:10A2F0000E003C2130000CF077FC3C210CF05AFDA4
:10A3000030008F013C210CF055FD0F43E12130005E
:10A3100009010CF069FC1F2301341C400003009B61
:10A32000013507436404EDB22743AD051C332F43C9
:10A330009B061F433800FEBDA41A0133C5E70A3B44
:10A340001D000A4BC9E7C04680A243C780510100E7
:10A35000AC8E00005471FFFFB50500004BFAFFFF03
:10A3600093FEFFFFDB6702001CF8FFFFD107000030
:10A3700010B51400FFF762FF2100FFF777FF10BD53
:10A3800070B50B2504680600E003C00E0C21854261
:10A39000AD410CF00FFD1F220B001340084A1903BA
:10A3A00014400C43F82149026D4234600C4200D144
:10A3B0000C2319033368280013400B43336070BD2E
:10A3C000FF0FFEFFF7B5060009980F0000920193FA
:10A3D0000FF0B0FD04000D00002F4ED00022324BD4
:10A3E0000EF036FE040030000D000DF0A5FD0FF05C
:10A3F000A1FD00222D4B0EF02BFE02000B002000D1
:10A4000029000EF0EFF90FF0DBFD09990DF0E2FAEB
:10A4100008990DF0FDF80FF08DFD0AF0FDF90FF031
:10A42000CFFD061C01980FF085FD214A214B0DF050
:10A43000C5FD02000B0000201F490EF0D3F90D00EE
:10A4400004000099301C0DF0E3F80FF073FD0200DA
:10A450000B00200029000DF0B1FD0FF0B1FD011C33
:10A46000FE2080050DF0D4F80FF064FD104A114B6A
:10A470000FF0A6F80FF0A4FDFEBD30000FF002FDB6
:10A4800002000B0000200D490EF0ACF900220A4B2F
:10A490000FF096F802000B00200029000EF0A2F940
:10A4A0000FF08EFDB4E7C04600F88F400000903FEB
:10A4B00066666666661271400000F03FE0FFEF409E
:10A4C00010B53C2454431B18E418E1231B014B43F3
:10A4D000E01810BD054A10B5845C022804D10800BC
:10A4E000FFF7FEFD0419E4B2200010BDCE670200A4
:10A4F000334B70B5C6000500F61800F039FF56283A
:10A5000038D1304C07223100200011F0F9FF2378B8
:10A51000442B17D1203323701E2D23DC072D28DD7B
:10A5200028000838162824D80CF0B6FA262323234E
:10A53000232C233537392323232323233B3D232374
:10A5400023234100422BE5D02B2B01D14933E2E7F5
:10A550006E2BE1D16378262BDED128332370173B95
:10A560006370D9E72A2D24D02B2D25D01649292D0B
:10A5700003D02600300070BD14490722200012F0DD
:10A58000E1F8F6E74A23A3702533E370073B237114
:10A5900006336371EDE70E49EFE70E49EDE70E492B
:10A5A000EBE70E49E9E74F2323710833F1E70C4944
:10A5B000E3E76423A370DCE74D2323712D3BE8E739
:10A5C000C461020035130020585802005F58020091
:10A5D000665802006D580200745802007B58020051
:10A5E0008258020010B50F21192000F043FC10BD65
:10A5F00010B5FFF7F7FF002344280FD18022212157
:10A600002B3800F02DFC40222121192000F028FCDD
:10A610000C222121192000F023FC0123180010BD79
:10A6200030B585B06A46A823D3716B460400D91DA6
:10A6300002AD0122192000F009FC29000622192090
:10A6400000F009FC20000223EA5E04216B5E2988E9
:10A6500062802180A38005B030BD10B50D21192086
:10A6600000F022FC10BD10B520210401192000F0DB
:10A6700001FC0F2302001A4022432021D2B21920EC
:10A6800000F0EEFB10BD10B520218400192000F071
:10A69000F1FB0C2398431C4004432021E2B2192013
:10A6A00000F0DEFB10BD10B520210400192000F0E1
:10A6B000E1FB032302001C409A4322432021D2B233
:10A6C000192000F0CDFB10BD10B525210401192083
:10A6D00000F0D0FB302302009A4322432521D2B25E
:10A6E000192000F0BDFB10BD10B5252184001920F4
:10A6F00000F0C0FB042302009A4322432521D2B27A
:10A70000192000F0ADFB10BD10B53F222E211920FD
:10A7100000F0A6FB10BD10B500222E21192000F07C
:10A720009FFB10BDF0B5070085B00C0019202F214C
:10A7300000F0A0FB4606F30F01933F23184038704A
:10A7400000F02CFD002506190023FB56AB4202DC6D
:10A75000019805B0F0BD00F021FDB042F8D8062404
:10A760006C4302A83C19FFF75BFF062202A9A01C5C
:10A7700011F0E8FF0135E7E710B500222E2119207E
:10A7800000F06EFB3F222E21192000F069FB10BD66
:10A7900010B53421192000F06DFB80225242024393
:10A7A00034211920D2B200F05BFB10BD10B534216A
:10A7B000192000F05FFB7F2234210240192000F0B5
:10A7C0004FFB10BD10B53421192000F053FB40227F
:10A7D000024334211920D2B200F042FB10BD10B563
:10A7E0003521192000F046FB1022024335211920A3
:10A7F000D2B200F035FB10BD10B534210400192091
:10A8000000F038FB3F23984304433421E2B219207F
:10A8100000F026FB10BD10B530214401192000F0D6
:10A8200029FB02006023224330211A40192000F046
:10A8300017FB10BD110020201A0010B50240034282
:10A8400003D01F23020019400A433221192000F0CF
:10A8500007FB10BD0C2310B5890019400001093B0E
:10A8600001431A400A4319203321D2B200F0F8FA0A
:10A8700010BD10B502002321192000F0F1FA10BD1F
:10A8800010B502002421192000F0EAFA10BD10B51D
:10A890003F21192000F0EEFA202202433F21192027
:10A8A000D2B200F0DDFA10BD10B53B21192000F046
:10A8B000E1FA10BD0249034B0A691A42FCD1704704
:10A8C000002400402F8003008023114A9B0051691F
:10A8D00010B50B430F4C536123889B0717D4FFF728
:10A8E000E9FF0123228813432380FFF7E3FF0C22B3
:10A8F0002388934323802288074B1A408023DB0060
:10A90000134323802388054A13432380628110BDAB
:10A910000008004000240040FFF0FFFF0080FFFF20
:10A92000054B10B51A88920705D4022219880A43EC
:10A930001A80FFF7BFFF10BD0024004010B5044C83
:10A94000044B228813432380FFF7B4FFA06910BD96
:10A95000002400400080FFFF10B5044C2062FFF788
:10A96000A9FF80235B00638110BDC0460024004026
:10A97000014B18607047C0463C1300208022024BF8
:10A9800052001A817047C0460024004010B5064BA3
:10A99000064A98899A819B89054B80B21B68002BD7
:10A9A00000D0984710BDC04600240040FFC1FFFF03
:10A9B0003C130020084B9A6892070BD59A69074907
:10A9C0000A409A611A680431FF310A431A609A6892
:10A9D0008A439A607047C04600180040FFFEFFFFA0
:10A9E00010B5F7F7B7FCF7F709FD10BD10B5C0B209
:10A9F000F7F79EFC10BDFFFF0221104B10B51A782F
:10AA00008A431A700E4A4918D469002812D121438A
:10AA1000D1610F219A7808408A4302439A7002223A
:10AA200019780A431A701A8C002AFCD11A20F7F7F9
:10AA300063FC10BD8C43D461EBE7C046003000429C
:10AA400000180040F8B5144F0126BD78F7F7E4FC74
:10AA500046402D07F6B22D0F002E01D0FFF7C0FFA4
:10AA6000002D02D00020FFF7C7FF1B20F7F744FCA2
:10AA70000400002D02D02800FFF7BEFF002E01D0F9
:10AA8000F7F7D2FCFA203B7B800060431B071B0FCB
:10AA90000A33D84080B2F8BD0030004210B5F7F755
:10AAA000C3FC10BD0C220D4B05211B6E4942134007
:10AAB0005A1E934103225B429343094A0A3B516069
:10AAC0000849916208499162084AD36780229BB283
:10AAD000D2051343064A13601160704700240040FA
:10AAE00000600041FBFF0040FFFF00C00860004124
:10AAF000A8600041072110B50400074A0C405378B4
:10AB00008B432343537053785B075B0F8342FAD127
:10AB1000BFF34F8F30BF10BD00040040F0B53F4C75
:10AB2000236E022838D104263D4D6E603D4D2F78AE
:10AB3000384328702878B04328703948466128780F
:10AB4000064301202E702E78304328700F20364E99
:10AB500035788543093828433070344801603449DA
:10AB600019401023002A00D0324B0B4302212288C7
:10AB70008A43228022699207FCD42366022322881A
:10AB8000C0211343042223802B4B49005A501A60E2
:10AB90008023DB016381F0BD22281FD1042502261A
:10ABA0002648C567264807783E4306700678AE43B8
:10ABB0000670012607783E4306700F20214F3E782D
:10ABC00086430938304338701F4801601F491940D7
:10ABD000002A01D12B00C8E71D4BC6E72028C5D1AC
:10ABE000012502261548C5671A4807783E43042701
:10ABF00006700678BE4306700678174F2E4306701F
:10AC00000F203E788643093830433870134801607E
:10AC100013491940002ADDD0124BA6E7002400405A
:10AC2000006000414260004131600041901300200B
:10AC3000CFFFFBFF1000040000E100E008600041CE
:10AC4000C2600041B16000418C130020F3FFFDFFA2
:10AC500004000200C0600041B06000418813002081
:10AC6000FCFFFEFF01000100114B1A6E022811D1FA
:10AC700000201049086030218A430220198881434E
:10AC8000198019698907FCD41A66022219880A43B7
:10AC90001A807047222804D10020074908600C213F
:10ACA000EAE72028E9D10020044908600321E3E70E
:10ACB00000240040901300208C13002088130020F3
:10ACC000072903D8024B20318900C8507047C0467D
:10ACD000002400400023072803D8034B20308000C5
:10ACE000C35818007047C0460024004070B50225C4
:10ACF0000C4C01F0FDF800F0C3FFFFF7CFFE00F0B1
:10AD000029F800F075FA23682B432360FFF7CAFE89
:10AD10000420FFF7EFFE63681D43656008F06CFFD9
:10AD200070BDC04600180040034B8000C35810B5EA
:10AD3000002B00D0984710BD4013002010B5F7F746
:10AD40008FFB0348F7F754FCF7F7A8FB10BDC0468C
:10AD500029AD000010B5F7F739FC10BD70B504003F
:10AD60000E00150000F024F823001E3B012B02D931
:10AD70000022022C03D1200000F030F8012229002B
:10AD80002000F7F79FFBC3B20F2B0CD81F22030044
:10AD9000224061098500044810F076FE2000F7F794
:10ADA000F5FB024BEE5070BD8958020040130020A5
:10ADB0001F23012203409A4007494009C00140185F
:10ADC0004260C0180223403002781343042203700B
:10ADD0000378934303707047006000411F230122F2
:10ADE00003409A4005494009C00140184261C0181B
:10ADF0000423403002781343037070470060004121
:10AE0000012110B50C4A0F2413780B431370022351
:10AE10000A4A1078A04303431370094B1878014382
:10AE200019702023117821400B431370F7F74CFC65
:10AE3000F7F766FC10BDC046DE600041BF60004110
:10AE4000DF60004110B5F7F7EDFB10BD10B5C0B2E3
:10AE5000F7F7A4FC10BD10B5C0B2F7F7EDFC10BDBC
:10AE600007B501AB19705A7019000222C0B2F7F78A
:10AE700095FC0EBD30B585B06B46C4B2D9710122C8
:10AE80002000D91DF7F78AFC002802D0002005B069
:10AE900030BD0F256D44012229002000F7F7CCFCBE
:10AEA0000028F3D12878F2E730B585B06B46C4B2FC
:10AEB000D97101222000D91DF7F770FC002802D0BB
:10AEC000002005B030BD0E256D440222290020006F
:10AED000F7F7B2FC0028F3D12888F2E710B5424812
:10AEE000F7F76CF90121414B414C1A788A438021D4
:10AEF0001A70404AC905516006211A788A433E49B2
:10AF00001A700A893D4B1A408023DB0013430B81E2
:10AF10000C23A2699A43083B1343A3614023A2690F
:10AF20001343A3612023A2691343A361E368DB05F4
:10AF3000FCD5FFF787FD324B984251D98023A26997
:10AF40005B001343A36101232E492F4ACB67C02125
:10AF500049005350136002222369934323612369FC
:10AF60002A4A13402361802322695B001343236133
:10AF70004023226913432361202322691343802243
:10AF800023612369934323612269214B1A40902353
:10AF90001B021343236122691E4B1A4088239B0323
:10AFA00013432361182322699A43083B1343042265
:10AFB0002361236993432361E3685B07FCD5022384
:10AFC00062681A43626022691343236100F08EF8BD
:10AFD0000023114A1360114A1360114A136010BD17
:10AFE000A369104A1340ADE700093D005E600041CF
:10AFF000001800400060004100040040FFF3FFFF24
:10B000008B0A000004E100E000E100E0FFFBFFFF2D
:10B01000FF0FFFFFFFFFC0FF901300208C130020E5
:10B0200088130020FFFEFFFF0221044B1A788A4399
:10B030001A701A788A431A707047C046004400425A
:10B04000802370B5164C9B02E2691343E36102232F
:10B05000144A15782B4313708B089B00C318984231
:10B0600018D103200D00054001420BD0917AC90789
:10B07000FCD5106A00220600D100CE409E54013259
:10B080009542F8D2FFF7D0FFE369074A002013404A
:10B09000E36170BD957AED07FCD5156A20C0DEE747
:10B0A0000008004000440042FFFFFDFF10B50448C7
:10B0B000F7F784F8F9F7DEFBF9F720FC10BDC0467E
:10B0C00000127A00054B064A1A60BFF34F8F054BFA
:10B0D000054ADA60BFF34F8FFEE7C046FC7F0020D1
:10B0E000EF6916F000ED00E00400FA0510B5FFF777
:10B0F000EBFBFFF715FC0C48FFF73AFC00231900A7
:10B100000A480C225A4301331150821851601172BF
:10B11000082BF6D1064B04221960C021054B4900CB
:10B120005A501A6010BDC04669B200009413002046
:10B130001414002000E100E010B5441CFFF7FEFBF2
:10B14000C3094006E41AC00F0721201AFFF7B8FD13
:10B1500010BD10B50021FFF771F8FFF7EDFF10BD2E
:10B1600010B5FFF7EBFB04000720FFF7B3FDE30981
:10B17000013864061818E40F001910BD10B5FFF768
:10B18000EFFF054C2368834204D000212060FFF7C5
:10B190006DF86060606810BD8013002010B5FFF787
:10B1A000CDFB10BD80207047F02040017047FFFFAD
:10B1B00000487047000042140A004B1E10B55A4068
:10B1C00004009A4209D908060BF072FE034B820074
:10B1D000D45001238340024A538110BDF413002050
:10B1E00000240040014B18817047C04600240040F5
:10B1F000FF22014B1A81704700240040F7B5FFF78A
:10B200009DFB012700231649061F7F4201930C2551
:10B210005D434A19127A9446002A08D06A58921B54
:10B22000BA4204D8170062466C58D2B20192013378
:10B23000082BECD1019B0B4A002B0BD01368A342C7
:10B2400007D0A31B072B00D8041D20001460FFF7B4
:10B2500083FBF7BD08381060FFF790FBF9E7C046A5
:10B260009413002014140020F7B50400FFF766FBC8
:10B27000264E019073891C40E3B2002B0DD00725A8
:10B28000012723002B413B4205D0214AAB00D35874
:10B29000002B00D09847013DF3D2630409D5B56E69
:10B2A0006B072AD51B4B1B68002B00D09847EDB2CB
:10B2B000B566E30515D500250C216943164A5318D8
:10B2C000187A002808D08A5801998A1A0F2A03D8B8
:10B2D00000221A725B6898470135082DECD1FFF700
:10B2E0008DFF24B2002C07DA0720FFF7F3FC0B4B8D
:10B2F0000721C018FFF7E4FCF7BDAB0701D5084BE9
:10B30000D1E7EB07D3D5074BCDE7C046002400407B
:10B31000F41300209013002094130020FFFFFF017E
:10B320008C1300208813002010B5072A07D80C249E
:10B330006243034BD1509A1801235060137210BD21
:10B3400094130020072805D80C224243024B9B1877
:10B3500000221A727047C04694130020562210B57E
:10B36000024B1A70FEF75AFE10BDC046181400209A
:10B37000014B18787047C0461814002030B5904B28
:10B3800085B01B689B0700D50DE1FFF7E7FF0121A2
:10B390008C4A8D4C13788D480B4313700F23227801
:10B3A0008B4D9A430A43227002780A43027010229E
:10B3B0002078184010432070864C20780843207075
:10B3C000854C2078984308432070287808432870DB
:10B3D0002078824D184010432070814C207808431B
:10B3E0002070804C20781840104320707E4C2078CC
:10B3F000084320707D4C20789843084320702878BB
:10B400000843287020787A4D184010432070794CFA
:10B41000207808432070784C2078984308432070A7
:10B420002878084328702078744D18401043207005
:10B43000734C207808432070724C2078984308435E
:10B44000207028780843287020786F4D18401043EA
:10B4500020706E4C2078084320706D4C2078184086
:10B46000104320706B4C2078084320706A4C207881
:10B470009843084320702878084328702078674D47
:10B48000184010432070664C207808432070654CAB
:10B490002078984308432070287808432870207843
:10B4A000614D184010432070604C20780843207094
:10B4B0005F4C207898430843207028780843287010
:10B4C00020785C4D1840104320705B4C2078084376
:10B4D00020705A4C207898430843207028780843FD
:10B4E00028702078564D184010432070554C207815
:10B4F00008432070544C20789843084320702878E3
:10B50000084328702078514D184010432070504C4B
:10B510002078084320704F4C2078984308432070CF
:10B5200028780843287020784B4D1840104320702D
:10B530004A4C207808432070494C207898430843AF
:10B5400020702878084328702078464D1840104312
:10B550002070454C207808432070444C20780340EC
:10B560001A4322702B780222562B1ED1533B009196
:10B570003F48404902930192F7F7A6F92021FA20AB
:10B580003D4B800019800BF02FFB3C4C400120808C
:10B59000F7F704FA2B780020562B00D00920F7F794
:10B5A000E9F9F7F7EFF905B030BD042300910293F4
:10B5B000304913002E480192F7F786F92221DEE781
:10B5C000003C0042C6600041B3600041C7600041DA
:10B5D000C9600041C8600041B4600041476000415B
:10B5E00045600041326000414660004133600041E7
:10B5F0004960004148600041346000414B600041B7
:10B600004A60004135600041CD600041CB6000419F
:10B61000B5600041CC600041B6600041CF600041A0
:10B62000CE600041B76000414F6000414E60004174
:10B630003760004151600041506000413860004176
:10B64000536000415260004139600041D1600041C7
:10B65000D0600041B8600041556000415460004135
:10B660003A60004118140020576000413B600041DF
:10B67000EF78E0C30F0C0B001C1400201A140020FC
:10B6800010B5F7F7A1F910BD10B5F7F7B1F910BD76
:10B6900010B5F7F783F910BD70B51E4B0D001B7880
:10B6A000562B2FD1031FDBB2032B2BD81A4AD45CA5
:10B6B000FEF79CFCFA20194B800019880BF094FAD5
:10B6C000010028000BF006FA154B1B88AB421AD379
:10B6D00000220138C1B21000F7F79EF901210020C5
:10B6E000F7F7BCF9F7F74EFA0020F7F707FA00234F
:10B6F000210018001A00F7F7D9F90120F7F7FEF931
:10B70000F7F740F970BDC108013901220020C9B224
:10B71000E2E7C04618140020496802001C1400200B
:10B720001A140020002110B50800F7F797F900203F
:10B73000F7F7E4F910BDFFFF10B5224B04001B78AA
:10B74000562B03D10620FEF751FC10BD0821202006
:10B75000FEF73CF909212020FEF738F9F7F712FA35
:10B7600000210120F7F77AF90020F7F7FBF9FA201A
:10B77000154B800019880BF037FA010020000BF000
:10B78000A9F9124B1B88A34215D30138C1B200227C
:10B790000120F7F741F901210800F7F75FF90123CC
:10B7A000002218001900F7F7B9F90120F7F7DAF9C4
:10B7B000F7F7E8F8C9E70122C10801391000C9B25A
:10B7C000E7E7C046181400201C1400201A140020BB
:10B7D000064B1A78064B562A03D1D86B0123184022
:10B7E0007047187A4007C00FFAE7C04618140020C7
:10B7F000003C004210B5084B1B78562B03D10620A5
:10B80000FEF700FC10BD0020F7F7ACF9082120205E
:10B81000FEF7DCF8F6E7C04618140020044B1A7D4A
:10B82000D207FCD52022FF3201201A837047C04680
:10B8300000400041F8B51E008023DB01C41824023B
:10B84000144B64181700E218802300209B019A42D1
:10B8500016D8114AA319934212D8FFF7DFFF01222D
:10B86000230065081340144204D06A001288013591
:10B87000120A3A706D00711E781CB34201D3012088
:10B88000F8BD2A88FA54994201D9120AC2540233E7
:10B890000235F2E70000C0FF00204000F8B51D00AF
:10B8A0008023DB01C4182402144B64181600E2182C
:10B8B000802300209B019A4213D8114A63199342B6
:10B8C0000FD8FFF7ABFF0F4F0F4B64083B80FFF71C
:10B8D000A5FF00236100AB4204D301200B4BFC61A8
:10B8E0003B80F8BDF05C3E2B03D8F2185278120270
:10B8F0001043023308809BB20231ECE70000C0FF26
:10B90000002040000040004144A5FFFF1CA5FFFFB0
:10B91000802310B59B01040200209C420FD8084BE5
:10B92000084AE31893420AD8FFF778FF80230120E2
:10B93000DB03E418044A054B6408DC611A8010BD7F
:10B9400000014000002040001AA5FFFF0040004118
:10B95000012210B503210020F7F730F90121002062
:10B96000F7F768F901210020F7F778F9072100209F
:10B97000F7F79CF90123064A517A0B435372C02111
:10B980008022044B520249005A501A6010BDC04632
:10B990000020004200E100E070B51500FA224143AA
:10B9A00004001E0008000023920000210BF0DEFAC4
:10B9B0000023174A0BF0BAFA0123020002210020EB
:10B9C000F7F746FA2800FA2200236043920000218C
:10B9D0000BF0CCFA00230E4A0BF0A8FA002102006B
:10B9E00001230800F7F734FA2000FA2270430023FD
:10B9F000920000210BF0BAFA0023054A0BF096FAE8
:10BA00000123020003210020F7F722FA70BDC0468F
:10BA100018E40300324B10B51B78002B03D1314BD7
:10BA20001B78002B57D00020F7F7E4F9002852D1FB
:10BA30008223DB051B789B07D90F83424CDA032254
:10BA40000100F7F75FF902210020F7F7A3F90122BF
:10BA500004210020F7F7ACF9012205210020F7F7B7
:10BA6000A7F9012206210020F7F7A2F901220721F8
:10BA70000020F7F79DF9002205211000F7F798F94B
:10BA80000022FA2110008900F7F7BEF900230121F6
:10BA90001A001800F7F7DCF9002302211A00180039
:10BAA000F7F7D6F900231A0019001800F7F7D0F9B4
:10BAB0000023032118001A00F7F7CAF90020F7F74E
:10BAC0008BF90020F7F7E4F900200121F7F750F98E
:10BAD0000020F7F781F910BD02220800B1E7C04647
:10BAE0002414002025140020234B70B51B78002B54
:10BAF00041D1224B1B78DCB2002B3CD12000F7F760
:10BB000079F9002837D02000F7F7C2F9210020008A
:10BB1000F7F72EF92000F7F75FF90120184B1949C4
:10BB20001A7882431A70802212054A6006221D7814
:10BB300095431D70144B1D7885431D7080256D0144
:10BB40004D601D7895431D70104B1D7885431D7009
:10BB50008025ED034D601D7895431D700C4B1D78BD
:10BB60008543802080011D70486019782000914332
:10BB70001970F7F78DF970BD2414002025140020EA
:10BB80005B600041006000414C6000415660004134
:10BB90004D600041014B19607047C04628140020D9
:10BBA000054B10B51B68002B00D098470123034AB2
:10BBB000917A0B43937210BD3C1400200020004288
:10BBC000012210B5024B1A70FFF724FF10BDC046CA
:10BBD0002414002070B50D00012201000400002093
:10BBE000F7F712F9290064200AF0FEFF0100200097
:10BBF0000AF070FF0123020019000020F7F728F96E
:10BC0000074B1B78002B09D0064B200019785A7877
:10BC10009B78C9B2D2B2DBB2FFF7BEFE70BDC046A0
:10BC2000251400202114002080230A4A1B0593605C
:10BC3000130002225B3319780A431A700122197823
:10BC40000A431A700F22044B1978114041320A43FB
:10BC50001A707047006000413D6000410121064BB1
:10BC60001A788A431A708022044912054A60062114
:10BC70001A788A431A7070475B6000410060004187
:10BC8000002210B5034B1A70FFF7E8FFFFF72CFFF7
:10BC900010BDC046241400200B4B10B51B78002BA0
:10BCA00010D00020F7F710F8FFF7D8FFFFF7E8FFF4
:10BCB000064B1B68002B00D09847054B1B68002BD8
:10BCC00000D0984710BDC04624140020281400203E
:10BCD0002C14002070B506000D001400FFF7DCFFE7
:10BCE000FFF76EFFFFF7BAFF0D4B1E600D4B1D6097
:10BCF0001923002C00D1143B00240B4A1370FF229F
:10BD00000A4B1C800A4B1C700A4B1A700A4B0B4AD8
:10BD10001A60FFF71DFE2000F6F7B4FF70BDC046A5
:10BD2000341400202C140020301400203A14002079
:10BD300039140020381400203C1400204DBD0000B0
:10BD400010B50122FFF7C6FF10BDFFFF0023F7B5B6
:10BD5000294DEB56002B4BD1284B294C1A680193E7
:10BD60002388D1568C46002916DAD118497849B271
:10BD7000002911D00020234F3856461C01D001382D
:10BD800041B23970002927DD6146490048428342AB
:10BD900020DD5B189BB22380D156002925D0D21814
:10BDA0000123D356002B20D0CBB2572B1AD0164AE2
:10BDB0005B001178154A985AFFF70CFFFFF734FF24
:10BDC000019A23881268D21852780233013A2A70F5
:10BDD0002380F7BD0023DEE7FF2102339BB22380DF
:10BDE0003970D9E7FFF73AFFEAE7FFF755FFF0E7C9
:10BDF000013B2B70EDE7C0463914002034140020BD
:10BE00003A140020381400203014002090650200FD
:10BE1000030070B51500F022094C08002370D20011
:10BE20007F23914203D20F210AF054FE0300002128
:10BE30002A0020006370A170FFF74CFF70BDC04660
:10BE40001E14002010B50122FFF7E2FF10BDFFFF16
:10BE50000122F8B50F2505204026204B204C1A70F2
:10BE6000204B214F1978114319702178A9430143C0
:10BE7000217019783143197080214901B96002217C
:10BE80001F780F431F70194B1F7817431F70164FF1
:10BE90003B373E78AE4306433E701E783B30064348
:10BEA0001E708026104FF603BE601E780E431E7073
:10BEB0003B004D331E7832431A70227815405022D1
:10BEC0002A4322701A781043802292011870BA60B7
:10BED0001A7811431970FFF79DFDF8BD2514002055
:10BEE000366000414C6000410060004156600041F6
:10BEF0000022012010B5124B06211A70114B124C72
:10BF00001A7882431A708022520162601A788A433A
:10BF10001A709A7A82439A728022D20362609A7A65
:10BF20008A439A721B181A7882431A7080229201EF
:10BF300062601A788A431A70FFF7D6FD10BDC046BA
:10BF4000251400204C60004100600041F8B50C0051
:10BF5000144305000E00170004430ED00E4B18705A
:10BF600059709A70FFF774FF0020F6F767FF3B00E7
:10BF700032002900FFF710FDF8BD2000F6F73AFF68
:10BF8000A04205D02300220021000120FFF704FD7C
:10BF9000FFF7AEFFF0E7C04621140020002210B5E5
:10BFA00011001000FFF7D2FF10BD10B50320F6F707
:10BFB0007DFF10BD004870479A6802000048704736
:10BFC0004F68020037B5204D04002B78002B0FD1AD
:10BFD0001E4B1F4A1B681F4901931F4B1F481B68BC
:10BFE00000931F4B12681B6810F012F801232B708E
:10BFF000002C0FD11B4B022219681B4810F0A2FB2A
:10C000000123C0220133DBB218485B0092001343C6
:10C0100003803EBD0020042CFBD8124BA400E45842
:10C02000200010F0E3FB031CC0B21F2800D91F231F
:10C030002000DBB20D4AE1188842E2D004780232D7
:10C0400001301480F8E7C0464014002048A080006A
:10C050000CA08000B258020044A08000821400208E
:10C0600040A0800010010020441400204214002051
:10C0700037B5FF240020F7F7F1FF002800D137BDC6
:10C080006B46DD1D012229000020F7F7F3FF002891
:10C09000F0D0074A287813680649C8540133234072
:10C0A0001360054A1368FF2BE4D801331360E1E7FE
:10C0B000C8140020CC140020C4140020F7B51000D0
:10C0C000002921D0002A1FDD80250C18ED000194E5
:10C0D000AC4600240E4B0F4A1B6812680E4E1D0022
:10C0E00001339B050F789B0D624501D2012401327B
:10C0F0007755019D0131A942F1D105490B60002C12
:10C1000001D0044B1A60FEBD01204042FBE7C0464F
:10C11000D0150020CC150020D4150020F0B585B036
:10C1200010000391002929D0002A27DD154E33681D
:10C13000002B23D01500934201D218001D00FF24CC
:10C14000114AA4461268114F521B01920022614607
:10C15000019CA4180C40395D0294039CA154002159
:10C16000029C01323955AA42F1D161469B1A3360D3
:10C17000019B054A0B40136005B0F0BD0120404211
:10C18000FAE7C046C4140020C8140020CC140020D4
:10C19000F7B5FFF76DFF154E3368002B25D000254E
:10C1A000134A1268D31A0193019B00205C19A4055D
:10C1B000A40DF7F753FF002801D0FFF759FF002027
:10C1C000F7F7BCFF0B4F002804D0012200203919DB
:10C1D000F7F79CFF00233B5533680135013B336083
:10C1E000AB42E1D80020F7F759FFF7BDCC1500208E
:10C1F000D0150020D415002010B5002902D0FDF77D
:10C20000F5FE10BDFDF7FEFEFBE770B50C680600FD
:10C210000D00002C05D108200DF0B0FF28608471BE
:10C22000467170BD10B50400FFF7D2FA002803D0A4
:10C23000FFF7E0FAFFF776FAA1790120FFF7DCFFBC
:10C2400007F0EEFA01000020FFF7D6FF07F046FAEC
:10C25000431E9841C1B20320FFF7CEFFFDF7C4FD96
:10C2600001235B42236010BDF0B58DB007AB188091
:10C27000C0B20E00042800D11FE108D8032810D056
:10C28000002800D076E0079807F086F870E01228C2
:10C29000F9D1012089794140C9B2B171FFF7ACFFF2
:10C2A00065E0FFF795FA002808D1F530FF30FFF779
:10C2B00043FAFA2107204900FFF7EEF907F0A6F943
:10C2C0008302DB0E0605C5030400049307F006FA9B
:10C2D0007B4FB60EED0E00281AD107F0FFF90028AB
:10C2E00006D10B21A942894102304942FFF784FF60
:10C2F00028000C210AF05EFD1F230D001D402903BC
:10C300003C400C43002900D10C252B033C401C432E
:10C3100007F0E4F96B4A022800D16B4A0921049B1B
:10C320000196009509A80FF041FE684BB6011C402C
:10C330003443674A049B2D033C402C435B04144068
:10C340001C432000FDF7B8FE05002000FDF7A0FE0D
:10C35000290002000220FDF7E6FC032009A9FDF7F1
:10C3600082FC1E2102AB0420C918FDF77CFC0120D1
:10C370000DB0F0BD07F04AF93368050004008109EB
:10C380009A0991422AD184060A21A00E0AF02CFCB7
:10C3900030300821C0B2FDF723FC0A21A00E0AF0BC
:10C3A00009FD3031C8B20921FDF71AFC3179AB0221
:10C3B000DA0E8A4210D03271FEF744FB96231B013D
:10C3C000984280414042F071FEF7D2FFF179562841
:10C3D00071D15138FFF710FF3560C8E7020B1B0B16
:10C3E0009A4214D181060305890E9B0E394A0091A9
:10C3F00009A805210FF0DAFD062009A9FDF733FC95
:10C400001E21072002ABC918FDF72DFCCEE707F06F
:10C4100065F900281ED1EC03E40E07F05FF900284F
:10C4200006D10B21A142894102304942FFF7E4FEC7
:10C4300020000C210AF0BEFC1F220B002C00134030
:10C440001F4A190314400C43002900D10C231B037D
:10C4500014401C43A3069B0E049323059B0E0593D7
:10C46000E303DB0E069307F039F9A7021A4AFF0E21
:10C47000022800D1194A049B09210293059B09A8AF
:10C480000193069B00933B000FF090FD2000FDF709
:10C4900013FE07002000FDF7FBFD3900020002201B
:10C4A000FDF741FC032009A9FDF7DDFB1E2102ABCE
:10C4B0000420C918A8E704208CE707F02BF856E7FA
:10C4C000FF0FFEFFCD590200F75802003FF0FFFFBB
:10C4D000FFFFC1FF1D590200175902000659020053
:10C4E000704710B58079002806D007F08FF8FC233C
:10C4F0001B011840434258410123184010BDFFFF63
:10C5000037B58402850E8001E40E000F022820D981
:10C5100014350130C2B20D20504305210AF064FBEE
:10C5200000194019AD080C4BEDB24019C018072195
:10C530000AF040FC094A8D00AA58230068460849C1
:10C540000FF066FD074B6946EA580120FDF7EBFB4B
:10C5500037BD0C301335DCE70B020000186A02000F
:10C5600026590200FC69020070B50C680D00002C11
:10C5700007D1BC200DF002FEBC22210028600FF084
:10C58000D5FE70BD10B50400202006F029FE402322
:10C59000636110BDF7B501AB1880C0B20C00022872
:10C5A00011D005D8012809D0019806F0F5FE04E065
:10C5B000052801D91228F7D10120FEBD07F026F881
:10C5C000FFF79EFFF8E78F7A002F58D00F212369DD
:10C5D000E26801330B40934213D1DA1DD200A21856
:10C5E0005068632808D0DB00E318196C632903D076
:10C5F000C9B2C0B2FFF748F80F22E3680133134015
:10C60000E3606269637A110010398B4200D3A6E0BF
:10C61000DB0608D1237E002B77D0FDF7E5FB012355
:10C62000227E53402376657A0621E8080AF0D8FA7C
:10C63000CEB2330008339B006676E3185B684B4A42
:10C640009B009F58380010F0D1F8010028000AF034
:10C65000C7FAE761A1767B5C7A18582B58D1632121
:10C6600023690135DA1DD200A2185160DA00A21840
:10C6700011640F2201331340236165729CE706F0B9
:10C68000C5FF83069B0E0500009301230605E760A6
:10C6900027616772A372ED03FFF732FFB60EED0E4E
:10C6A00007F01CF8B84207D128000C210AF098FACC
:10C6B000CDB2BD4200D10C250A2128000AF00AFAA9
:10C6C000C0B260620A2128000AF08AFAC9B2A162E7
:10C6D00030000A210AF088FA0A21E06230000AF0EC
:10C6E00069FB009821630A210AF07EFA0A2160633F
:10C6F00000980AF05FFBA163092D01D8082363723B
:10C70000A37A002B00D157E760E7FDF77AFB86E7B5
:10C7100007217143413B164ECB18DB009859651C2D
:10C72000C0B2E8771378413BC918C9007618716820
:10C73000A61CC9B2F177FEF7A3FF2369E97FDA1DD2
:10C74000D200A2185160F17FDA00A21811640F2202
:10C75000013313402361637A013363722CE7934200
:10C7600001D22369F3E70023A372F4E7346A0200DD
:10C77000AC6802007047FFFF70B505003F23AC0EA8
:10C7800080011434000F1C40022804D80F220C3002
:10C79000E41810401C400D230130052158430AF0D5
:10C7A00023FAAD02ED0E4019044B0019A410001934
:10C7B000C01807210AF0FEFAC8B270BD0B020000D3
:10C7C000F0B500252C002A0085B003900295029B4D
:10C7D0009E00039B9919CB795B06D80F0190002B23
:10C7E00055DA0B790F211B071B0F09330B40012B67
:10C7F00035D9002A0DD1FEF7C1FC0400FFF7BCFFBC
:10C800003C220500E303DB0E53432405A40EE41889
:10C81000A4B23C21039B9B195A799E79D206D20E71
:10C820004A431F79B606B60EB6183F07B6B23F0F99
:10C83000AF4201D1B44212D90721681C0AF0BAFAFA
:10C840008F4204D1B44211D309E0019ABFE7092F06
:10C8500014D1032D03D9042D06D1B44206D8019872
:10C8600006F0E4FF05B0F0BD062DEBD0029B0133CE
:10C870000293102BE9D100230193F0E70A2FF5D1A1
:10C88000052DECD0062DE8D0042DDBD0EEE701928B
:10C89000ECE7FFFF037810B51B079B0EC018C379A8
:10C8A0009A061B07920F1B0F032A0AD1072B07D8E2
:10C8B0000C214B430E4A0021D3189868FFF740FA29
:10C8C00010BD0C498C5C002B0CD120003221FFF7ED
:10C8D000B9FA32215720FFF7B5FA46212000FFF7B9
:10C8E000B1FAEDE72100012006F030FEE8E7C0468E
:10C8F000146B02005C6A02000121C37810B5194272
:10C900000DD0402203781B079B0EC318DC7922430D
:10C91000DA71C3788B43C370042006F061FC10BD4C
:10C92000F0B50F0002210E000378C2781B07040047
:10C930008BB016409B0E114204D0C21816793607F0
:10C94000360F0136E3185D79ED06ED0E06F0C6FEF2
:10C95000002867D10B2D61D90230FDF747FB280075
:10C960000C210AF03DF9CDB26849002D00D10C35FB
:10C97000207876000007030F05933300800E644A89
:10C980002018807996199A5C059B8006800E0133E9
:10C99000029000930195737807A80FF039FBE278B5
:10C9A000930711D5FB070FD563785B075B0F032B4C
:10C9B0000AD8D20708D4574A02ADD15C20221435D8
:10C9C0006A545549CB5CEA54002007A9FDF74BF99E
:10C9D0000A212020FCF7FAFFE3789B074BD50123BF
:10C9E0003E001E401F422AD0627806331340042BBB
:10C9F00025D123781B079B0EE318DB7918079B06CC
:10CA0000000F9B0F032B00D06EE0072867D80C2285
:10CA10004243424B9B185879092162E00220FDF7FE
:10CA2000F1FAA1E70320FDF7E1FA06F057FE3749D6
:10CA300002289DD13A49092D9AD9344998E723789B
:10CA400001201B079B0EE318DB799B069B0F032B32
:10CA50002ED1FDF7CBFA334DAF1D6978287802351A
:10CA6000FEF70EFEAF42F8D1002EC2D00723627847
:10CA70001340052BBDD123781B079B0EE318DB79F0
:10CA80005B06D80F002B3BDA0020FDF7AFFAE37806
:10CA90009B070BD4237801201B079B0EE418E37936
:10CAA0009B069B0F032B2ED1FDF7A0FA0BB0F0BD18
:10CAB0000025FDF7A7FA1B4F23781B079B0EE318F1
:10CAC000DB799B069B0FAB42CED3032DCCD079787C
:10CAD00038780135FEF7D4FDEDB20237ECE70921D5
:10CAE0003020FCF773FFC6E70A2802D10921423043
:10CAF000F7E7002802D109216F30F2E730308BE7E9
:10CB0000FDF780FAC3E7FDF77DFACFE7C9590200C8
:10CB10006B6A02005F6A0200656A0200146B020021
:10CB2000B75902002401002070B50C680E00002CDB
:10CB300028D144200DF022FB210044223060050062
:10CB40000FF0F4FB21001048104C8A00AA1853681B
:10CB500001312340034353601029F6D1FF230C4ACF
:10CB6000AB701370FEF704FC56280BD10122022192
:10CB7000084B1A7004325A70DA70023A1A7107328E
:10CB800099705A7170BDC04607000015F0FFFFC0D4
:10CB9000D41900202401002010B5FDF725F910BD9F
:10CBA0000222C37810B593430400C370FFF708FE58
:10CBB000FFF7F4F90120FDF725FA0120FF22E378C1
:10CBC0008343E370024B1A7006F00AFB10BDC046A7
:10CBD000D4190020F0B585B000236A460500D37251
:10CBE00006F014FD03059A0E02230192EB5606008F
:10CBF000934226D00027C303DB0EAA700393BB0029
:10CC0000EB18DA7952062ED59A7901999206920E8E
:10CC10008A4228D15A790399D206D20E8A4222D169
:10CC20000F202A78390102400A432A701C79240710
:10CC3000240F230009330340012B06D801236A4641
:10CC4000D3726B46D87A05B0F0BD019B114A9B01A7
:10CC500016401E433000FFF78FFD8442EED0092CB2
:10CC600012D10428EAD90137102FC8D1FF23019A25
:10CC7000AB70094B53430222D341084A9342E0D898
:10CC80002800FFF79DFDDCE70A2CECD10428EAD947
:10CC9000D4E7C0463FF0FFFFABAAAAAA55555515E9
:10CCA000F0B585B003AB050A1880C0B201380C009E
:10CCB000EDB2122800D9D3E109F002FF2C001300D5
:10CCC000D2018A01CE0157008100A200D201D20117
:10CCD000D201D201D201D201D201D201A9004F0169
:10CCE00079010126CB78334230D007234A781340AC
:10CCF000022B14D10E783607B60E8E1977791821CB
:10CD0000F806C00E01300AF055F81F2319409F4362
:10CD10000F43777129002000FFF702FE25E0032B67
:10CD200010D10E783607B60E8E19B7793C21B806A9
:10CD3000800E01300AF03EF83F2319409F430F4315
:10CD4000B771E7E70800FFF7D7FDE3E79B07DA0FC6
:10CD50000292002BDEDB0023C34AD356002B04DBF8
:10CD600001335BB2022B03D01370012005B0F0BD7C
:10CD7000FF2313700B781A07CCD01B079B0ECB1820
:10CD8000DA7937005106C90F080070400190402041
:10CD90008F43BF0182433A43DA71B1420BD002980C
:10CDA000FDF724F91420FF30F5F782FA0F222378DB
:10CDB00093432370AEE70198FDF724F9F2E7C978B1
:10CDC0008B070BD406F04AFA0223E27813430722BA
:10CDD000E37063780420934363700EE00726627863
:10CDE00053075B0F581C3040B24302436270052862
:10CDF000BBD902239943E170012006F0F1F989E7DC
:10CE00000223CA781A42E1D09A43CA70F4E7CB7879
:10CE10009B070CD4FF22944B1A700A780F2113073A
:10CE20001B0F01330B408A431A43227072E7487884
:10CE30004007400F05280DD809F02EFE03192A3EA1
:10CE4000526F0A780F2113071B0F01330B408A43DF
:10CE50001A43227063785B0700D15BE74022237896
:10CE60001B079B0EE318D9790A43DA7152E70E7853
:10CE70003607B60E8E1937790B213807000F0130AF
:10CE800009F098FF0F2319409F430F433771E1E7E3
:10CE90000800FFF731FD267818213607B60EA619CF
:10CEA0007779F806C00E013009F084FF1F2319407E
:10CEB0009F430F437771CDE70800FFF71DFD2678EC
:10CEC0003C213607B60EA619B779B806800E013098
:10CED00009F070FF3F2319409F430F43B771B9E733
:10CEE00003260A781207920E8A18D1798B069B0FB7
:10CEF000581C30402D360301B1431943D17103282A
:10CF000007D1CBB21907090F072902D90F218B438B
:10CF1000D3712000FFF7BEFC9CE70F783F07BF0EE0
:10CF2000CF19FE793007000FB30601309B0F032B9A
:10CF300006D10433184008339E430643FE71E8E7E8
:10CF40000B2109F037FF0F230A009E431A401643B6
:10CF5000FE71012900DD7DE7DBE7CB789B07D80F69
:10CF6000002B10DB0B781B079B0ECB180121DA7905
:10CF70005606F60FB14340268901B2430A43DA71DF
:10CF8000394B1870C6E64A785207530F002A00D171
:10CF90000CE7072206331340012B00D9BAE608201C
:10CFA00006F01EF90123E2781343E370B2E6CB7872
:10CFB0009B0709D506234A781340022B00D0D4E6FC
:10CFC0000800FFF799FCD0E6FF22274B1A70CCE649
:10CFD0000B781B061B0F9B00CB18DB799A061B07EF
:10CFE000920F1B0F032A2BD1072B07D80C214B4381
:10CFF0001E4A0A39D318986806F058FA23781B0697
:10D000001B0F9B00E3181A791107090F082900D09C
:10D01000ABE607318A4308390A431A715A79183145
:10D020008A435A719A7920318A439A717F22D97939
:10D03000200091436A3A0A43DA71FFF7C1FB94E694
:10D040000B490120895C002B03D014200A2B00D04F
:10D05000180006F07BFAD1E7002006F077F984E6A5
:10D06000039806F099F980E6D4190020146B0200A9
:10D070005C6A0200F0B585B0039006F0C7FA820141
:10D080008502120F1300ED0E840E022A21D91434EA
:10D090000D200133DBB2920005215843029209F0C2
:10D0A000A3FD40190019A4080B4BE4B20019C018E5
:10D0B000072109F07FFE094F0398029B084A8C0064
:10D0C000DB590849A258009504300EF0A1FF05B0C5
:10D0D000F0BD0C331334DBE70B020000846A02005E
:10D0E000B86A0200DA59020030B5104B427885B0B8
:10D0F0009B5C01AC23706370A370E3700023057820
:10D100002A1D80185A192021232A00D8C15CE21850
:10D1100001331171062BF5D10025A572FCF771FEC4
:10D1200021002800FCF79FFD05B030BDD46A020045
:10D1300070B50D680E00002D0BD12C200DF01EF8DF
:10D1400004002C22290030600FF0F0F82000FFF7D7
:10D1500091FF70BD002310B583704370FFF78AFF05
:10D16000082006F03DF810BD30B585B001AB188041
:10D17000C0B201380C0010285BD809F08DFC1F09E3
:10D18000395A355A2F5A5A5A5A325A5A5A5A2A0022
:10D19000CB78002B12D18B7801331A008B700121D0
:10D1A0000A400B420AD163785B1806310B4063706A
:10D1B00023780133DBB2232B06D823702000FFF73E
:10D1C00093FF012005B030BD20002270FFF752FF11
:10D1D000F4E70123CA785340CB70F2E706F03EF83B
:10D1E000EFE706F0BBF8ECE7002006F0AFF8E8E761
:10D1F00006F00CFAC4030500E40E06F06FFA0028EE
:10D2000005D1844213D00C2C01D90C3CE4B22B057F
:10D2100022009B0E094902A80EF0FAFE02A9042082
:10D22000FCF721FD01200649FCF71DFDC9E70C2490
:10D23000EDE7019806F0B0F8C3E7C046FE590200DA
:10D24000085A020010B5012005F0CAFFFCF7D9FD0D
:10D2500010BD70B5040006F0D5F9050006F0B6F96A
:10D2600001002800FCF7EAFF0A2309220821E356FF
:10D27000A25661560600FDF723F96660206005009E
:10D2800006F0A4F901002800FCF7F0FF0100E07CA3
:10D2900006F0B4F870BDFFFF70B50400407C0E00CE
:10D2A00088B0032821D809F0F7FB2C02322C226821
:10D2B000636800219A4200D9D11A3C2202A80CF0DE
:10D2C00041FF039B3C220299A37202A80CF03AFF93
:10D2D000FF21029A039B227263720A400B40A17ADB
:10D2E00004A800911C490EF093FE042004A9FCF749
:10D2F000BAFCE07B00282BD00020FCF777FE08B0BA
:10D3000070BD0020FCF77EFE637A227AE7E7A17AFF
:10D31000637A227A04A800910F490EF079FE0F4B30
:10D320001B78002BE1D1F607DFD5A37B012B07D0BB
:10D33000022B09D0002BD8D16A46094B1382D4E7BF
:10D340006A46074B5382D0E76A46054B9382CCE787
:10D35000FCF758FED3E7C0461A590200D519002041
:10D360002020000010B5837B0400012B0AD0022B83
:10D370000FD0002B05D1007A1821013009F01AFDD9
:10D38000217210BD407A3C21C01809F013FD617272
:10D39000F7E7807A3C21013009F00CFDA172F0E73B
:10D3A000074B10B51A78002A08D000221A70437C67
:10D3B0000420022B00D0012005F012FF10BDC04652
:10D3C000D519002010B506F049F9002806D006F05E
:10D3D00059F9322102003F20FEF71AFD10BDF8B5C1
:10D3E0000D6806000F00002D0ED114200CF0C6FEB3
:10D3F00014222900386004000EF098FF0523032250
:10D4000063726274E6742373F8BDFFFF70B5437CEA
:10D410000400012B0CD106F0F5F8050006F0D6F853
:10D4200001002800FCF70AFF60600020FCF7DEFD29
:10D43000FCF7DAFCA37C002B02D00120FCF7D6FD20
:10D440000025012005F0CCFE064B1D70637C012BEE
:10D4500006D006F0F1F9A84202D005232574E37343
:10D4600070BDC046D519002073B501AB050A188000
:10D47000C0B201380C00EDB2152800D93AE109F02C
:10D480001FFB160026001601E200FE004A004C00B9
:10D49000BE0039013901390145003901390139012D
:10D4A00039017900A600DE00390139012801FEF7B3
:10D4B0008FF9002801D0FEF79DF901208F4A90498D
:10D4C000FCF731FC29002000FFF7E6FE23E08D4B3E
:10D4D0001B78002B06D08C4B08001B6A5B0712D50B
:10D4E000FFF740FF637C012B02D163680133636067
:10D4F000E37B002BE6D0013BDBB2E373002BE1D1F1
:10D5000006F0C0F9DEE7FFF74BFFEBE70800FFF797
:10D5100047FF05F023FF012076BD487C0328D1D8C2
:10D5200009F0BAFA0502130205F098FECAE70323D0
:10D53000C87C4B7405F07EFFE37A2372237B637211
:10D54000637BA372FFF73EFFBCE78B7B0133DBB24B
:10D55000022B01D88B73B5E700238B7303334B7415
:10D560000B7A0120CB724B7A0B738B7A4B7305F0DD
:10D5700037FEE7E7487C0328A4D809F08DFA0B02B0
:10D58000240B0026C87C4E7405F054FF3000FCF7D5
:10D5900039FDD7E70B7A002B06D14B7A002B03D14C
:10D5A0008B7A002B00D18DE70026E67306F06AF92E
:10D5B000012320006374FFF74CFEFFF703FF3000E8
:10D5C000FCF714FD7EE70800FFF7CCFE7AE74B7C02
:10D5D000022B0DD0032B9ED10023CB7306F052F902
:10D5E00002230420637405F0FBFDFFF7EBFE92E7D6
:10D5F0000122444B08201A7005F0F2FD8BE74B7CAA
:10D60000022B0DD18B7B012B05D0022B05D0002BDB
:10D6100000D080E70B72002363720023A3727AE7C5
:10D62000FFF7D0FE0120A37C4340DBB2A374002BA4
:10D6300002D0FCF7DBFC6EE7FCF7E4FC6BE70800CC
:10D64000FFF7AEFE67E78B7C002B0BD005F076FF73
:10D65000E37A20002372237B6372637BA372FFF75C
:10D66000F8FD58E705F06AFF0323E07C637405F0DA
:10D67000E1FEE37A2372237B6372637BCEE74B7C0C
:10D68000022B0CD100238B7303334B740B7A0120D4
:10D69000CB724B7A0B738B7A4B7305F0A1FD637CD5
:10D6A000012B00D137E7002005F050FE33E7FDF7EE
:10D6B0005FFEA92803D11549A238FCF7D4FAFEF77A
:10D6C00087F8002800D026E7FA208000FEF734F81B
:10D6D00021E70B7C002B07D101220A74FF320A815B
:10D6E0008B720523E373EDE64B7A3A2B00D80133B6
:10D6F0006372F6E7019805F04FFE0CE790590200BF
:10D70000595A0200D5190020006000418E5A0200CB
:10D7100010B5437C022B09D1002383730333437478
:10D72000037AC372437A0373837A43730023C37308
:10D7300006F0A8F810BDFFFFF8B5060008008C1E23
:10D740000E380C21150009F04FFA0C235B4207003C
:10D7500043437020E418FF300C21604309F044FA81
:10D7600096235B01F2180B4BD21953439B10C4183C
:10D77000094B6421F018C01909F036FA032302009E
:10D780005A43D017184080188010044B201A4019B3
:10D79000C018F8BDB505000024130000B582FFFFD6
:10D7A00037B50400FDF7EAFC234B82028101800EAD
:10D7B000D20E090FC018FFF7BFFF6279050021796B
:10D7C0006088FFF7B9FF2C1A854200D2441B012064
:10D7D0001A4A1B49FCF7A7FAFDF7CAFD562822D1C1
:10D7E000184B162100209C4219D9FDF749FF200053
:10D7F000154909F0F5F90B00144A052168460EF0A9
:10D80000D5FB69460520FCF72EFA6B460620991CCD
:10D81000FCF729FA07200E49FCF725FA37BDFDF77A
:10D8200033FF2300E8E7072123006846094A0EF08A
:10D83000BDFB69460420EFE7E40700005F5A0200E1
:10D84000625A02000F27000010270000685A0200E9
:10D850008E5A02006C5A0200012370B5837103785E
:10D860000400022B13D0032B18D0012B07D18222E6
:10D870004388120101339BB2934206D863806579D5
:10D88000002D0FD10123637170BD0A4BF6E70079BB
:10D890000C2109F0A5F901312171F0E74379013339
:10D8A0004371ECE761882079FCF714FE8542E9D8E2
:10D8B000EAE7C0466C07000010B5C379002B04D01E
:10D8C0000023C371042005F08BFC10BD37B50C6834
:10D8D0000D00002C10D10A200CF050FC0A2221006F
:10D8E00028600EF023FD0220FDF7F4F9A04203D1D9
:10D8F00002210248FDF7E4F937BDC046C5B7010073
:10D90000002313B504000370C37103720220FDF7F6
:10D91000E1F903051B0D63800304C0021B0FC00E59
:10D920002371607113BDFFFFF0B589B003AB1880A0
:10D93000C0B201380C00122800D9D0E009F0ACF8D0
:10D94000560A0ACFC46269CFCFCFCFCFCFCFCFCFC8
:10D9500076AFC0005D78CB79002B06D0624B080013
:10D960001B6A5B0709D5FFF777FF2078042829D8C1
:10D9700009F092F83806192B4000FFF79DFFF4E7F5
:10D9800000205A49FCF76FF9ED071BD5628858490A
:10D9900005A80EF03DFB05A90520FCF764F916214A
:10D9A000694406200CE000205249FCF75CF9ED07C1
:10D9B00008D55149227905A80EF02AFB052005A9B2
:10D9C000FCF751F9012009B0F0BD00204B49FCF7EC
:10D9D0004AF9ED07F6D54849627905A80EF018FB1B
:10D9E00005A9DEE7FDF7CAFBC003EBD12000FFF776
:10D9F000D7FEE7E7237A002B02D0013B2372E1E751
:10DA00002370F3E7FB220B781A42DBD105F026FCEA
:10DA1000D8E70B785A1E022AD4D8032201331340C8
:10DA20000B70CFD1012005F0DBFBDFE70B78002B7B
:10DA300009D0013B022BC5D80800FFF73DFF2000AD
:10DA4000FFF70AFFBEE7042308790B70642109F091
:10DA5000C7F86088CFB22A4909F0C2F860798EB25F
:10DA6000642109F0BDF8C9B23B003200009105A85D
:10DA700024490EF0CDFA032005A9FCF7F4F816218D
:10DA800005206944FCF7EFF8062006A9FCF7EBF83F
:10DA90001A2107206944FCF7E6F80223AEE70B7869
:10DAA000002B07D0013B022B00D98BE70123082074
:10DAB000CB7102E0012304200B7005F091FB81E79C
:10DAC0000800FFF7F9FE7DE70800FFF7F5FE237871
:10DAD000002B00D176E7002005F038FC72E70398B0
:10DAE00005F05AFC6EE7C04600600041705A020023
:10DAF0005A5E02007B5A0200B25E0200865A0200A1
:10DB000010270000915A020013B583790400002BFE
:10DB100017D00220FDF7DEF80F2322796179134038
:10DB200062881B031205120D13431F220A401204C0
:10DB3000400D1343400518430221FDF7C1F80023AF
:10DB4000A37113BD70B50D680E00002D1AD11C20F5
:10DB50000CF014FB04001C22290030600EF0E6FBE0
:10DB60000323E27C9A43023B1343E374064BA289EE
:10DB7000A3820623A375F2331A40044B1343A381F7
:10DB80003023A37370BDC0460606000001380000B4
:10DB9000704710B50120FCF735FA10BD802370B531
:10DBA000114D9B02EA6901201343EB6102230F4AE6
:10DBB00011780B4313700E490E4B947A04420CD12A
:10DBC000013B9BB28B42F8D1146AFDF72DFAEB6949
:10DBD000094A20001340EB6170BD002BF4D10CF01A
:10DBE000A3FD0400F1E7C0460008004000440042E5
:10DBF000FFFF000010270000FFFFFDFFF8B5FFF753
:10DC0000CDFF114B421E9A42F9D800220126140082
:10DC10001300510049420D0007001F35EF403D0041
:10DC200007001E31CF40390035403140324207D124
:10DC30006B404C400132102AEBD16340D8B2F8BDA2
:10DC40004B406C40F6E7C046FDFFFF7FF7B516007E
:10DC50001400050000220193002C17D1230001209D
:10DC60000094D9B28E421BD8052E07D80627BF1BB9
:10DC700028003A0020210EF059FBED19FF22009BED
:10DC8000F61A23001340B34218DBF7BD0B78013CB2
:10DC9000002B03D00123A3401A43D2B20131DBE7AA
:10DCA00011001941014207D00199497B297000995F
:10DCB00001350131C9B200910133D2E7019B9B7B51
:10DCC0002B550134DDE7FFFFF0B5040089B00B22CE
:10DCD000002105A80EF02AFB0722002103A80EF060
:10DCE00025FB20790007000F032842D808F0E8FE42
:10DCF0003D000400E202E402002622003500237BFE
:10DD00005B075B0FE3189A4239D1202005F068FACF
:10DD1000E07D27284AD808F0D3FE3A005C00630073
:10DD20006B0074007B008C0094009C00A500AD008B
:10DD3000BD00C100CF00DD00E700FD000B011901AF
:10DD400027013501430151015F016D0188019701F0
:10DD5000AD01C801D801F30106021A0235024802DA
:10DD6000630272028502A002AF02BF4905A80EF04D
:10DD70009DFC002105A8FBF767FF09B0F0BD917974
:10DD8000002902D00D000132BDE70126FBE7042186
:10DD9000B648FBF759FF002D06D012210020FDF7F1
:10DDA0006FFC1221022018E00C23E375237E002B68
:10DDB000DFD1FDF76DFC227B23005207520FA11D1E
:10DDC00003A8FFF743FFAA4903AA05A80EF020F90C
:10DDD000CFE7002DEAD012210120FDF751FCE5E745
:10DDE000002DE3D013210020FDF74AFC1321D9E7D1
:10DDF000002DDBD012210020FDF746FC122102206D
:10DE000003E0002DD2D012210120FDF73DFCCDE72B
:10DE1000002DCBD013210020FDF736FC132102206A
:10DE2000FDF732FC11210120FDF72AFC142100200E
:10DE3000D3E7002DBAD014210220FDF721FC1521D3
:10DE4000F5E7002DB2D015210120FDF719FC1521B1
:10DE5000A8E7002DAAD011210120FDF715FC1421FF
:10DE60000020D2E7002DA1D014210220FDF70CFCE8
:10DE70001521F5E7002D99D015210120FDF704FCAF
:10DE800015210220FDF700FC16210120FDF7F8FB0B
:10DE9000162187E7002D89D01621C8E7002D07D06D
:10DEA00017210220FDF7ECFB17210020FDF7E8FB0E
:10DEB000002E00D17AE770E7002D07D0162101204F
:10DEC000FDF7E2FB16210220FDF7DEFB002E00D15C
:10DED0006CE780E7002D03D016210020FDF7D4FB6E
:10DEE000002E00D162E77DE7002D0FD01721022020
:10DEF000FDF7CAFB17210020FDF7C6FB0021022019
:10DF0000FDF7BEFB00210120FDF7BAFB002E00D17A
:10DF10004CE76FE7002D07D001210220FDF7B0FB91
:10DF200000210800FDF7ACFB002E00D13EE76AE7B8
:10DF3000002D07D00A210220FDF7A2FB01210020BD
:10DF4000FDF79EFB002E00D130E763E7002D07D0E0
:10DF500000210220FDF798FB00210120FDF794FB32
:10DF6000002E00D122E766E7002D07D00121022014
:10DF7000FDF78AFB00210800FDF786FB002E00D18B
:10DF800014E760E7002D07D001210220FDF778FBA0
:10DF900000210800FDF774FB002E00D106E75AE7C8
:10DFA000002D07D000210220FDF76AFB002101208F
:10DFB000FDF766FB002E00D1F8E655E7002D07D0EF
:10DFC0000A210220FDF760FB01210020FDF75CFB28
:10DFD000002E00D1EAE64FE7002D07D001210220F4
:10DFE000FDF752FB00210800FDF74EFB002E00D18B
:10DFF000DCE651E7002D0FD017210220FDF740FB92
:10E0000017210020FDF73CFB00210220FDF73CFB1F
:10E0100000210120FDF738FB002E00D1C6E61721B4
:10E020000220FDF72DFB172101E7002D03D016215B
:10E030000020FDF725FB002E00D1B7E616210120B8
:10E04000FDF722FB1621DAE6002D07D0162101206C
:10E05000FDF716FB16210220FDF712FB1621002EFC
:10E0600000D1A3E6FCE6C0469E5A02008A5A02008E
:10E07000A95A0200002D07D017210220FDF704FB4A
:10E0800017210020FDF700FB002E00D18EE617219E
:10E090000220FDF7F9FA17210020FDF7F5FA00211B
:10E0A0000220FDF7EDFA002196E6002D03D016219F
:10E0B0000020FDF7E9FA002E00D177E601210220C9
:10E0C000FDF7DEFA0021080087E6002D0FD01521AC
:10E0D0000120FDF7D5FA15210220FDF7D1FA16210E
:10E0E0000120FDF7D1FA16210220FDF7CDFA002E0E
:10E0F00000D15BE60A210220FDF7C2FA012196E673
:10E10000002D07D014210220FDF7BAFA15210020B6
:10E11000FDF7B6FA002E00D148E600210120FDF7F8
:10E12000B3FA00216BE6002D07D011210120FDF785
:10E13000A7FA14210020FDF7A3FA002E00D135E63E
:10E1400001210220FDF7A0FA002108005DE6002D64
:10E1500007D015210120FDF797FA15210220FDF7C0
:10E1600093FA002E00D121E60A210220FDF78CFA55
:10E1700001210020FDF788FA02210020FDF780FA36
:10E18000022129E6002D07D014210220FDF77CFA98
:10E1900015210020FDF778FA002E00D106E60221B5
:10E1A0000800FDF76DFA032141E6002D0FD0132181
:10E1B0000020FDF765FA13210220FDF761FA112115
:10E1C0000120FDF761FA14210020FDF75DFA002E11
:10E1D00000D1EBE503210220FDF752FA042126E6E7
:10E1E000002D03D012210120FDF74AFA002E00D1A4
:10E1F000DCE502210120FDF747FA022130E6002D7F
:10E2000007D012210020FDF73BFA12210220FDF772
:10E2100037FA002E00D1C9E502210800FDF734FAD3
:10E2200003211DE6002D07D013210020FDF72CFA55
:10E2300013210220FDF728FA002E00D1B6E50321B4
:10E240000220FDF721FA04210020FDF71DFA042128
:10E250000120FDF715FA0521E9E5002D03D0122173
:10E260000120FDF711FA002E00D19FE504210220C4
:10E27000FDF706FA0621DAE5002D07D0122100206D
:10E28000FDF702FA12210220FDF7FEF9002E07D059
:10E2900006210120FDF7F4F905210220FDF7F0F930
:10E2A000002301202376E37504F09AFF0120FBF799
:10E2B000A9FE7BE54F4959E504214F48FBF7C4FC13
:10E2C0000025E37C9B079B0FAB420DD8102004F088
:10E2D00087FFE07D0B2827D808F0DEFB0F1A4D578B
:10E2E000616C0F1A4D576176690005314348C9B218
:10E2F0000135FBF7A9FCEDB2E3E711210120FDF7A1
:10E30000C3F900210800FDF7BFF90621012009E04B
:10E3100014210220FDF7B8F900210120FDF7B4F91E
:10E3200006210020FDF7B0F9237E002B00D020E568
:10E33000E67C0622B6072021B60F03A80DF0F6FFF3
:10E34000A31903AD0193019B9C4200D13BE5277CBF
:10E350000A21380008F044FC20200E00092F04D9BF
:10E360000A21380008F0B6FB3030303628706E7065
:10E3700001340235E7E715210220FDF785F9002178
:10E380000220FDF781F90521CBE715210120FDF7DA
:10E390007BF901210220FDF777F90421B6E7152169
:10E3A0000020FDF771F90A210220FDF76DF9042123
:10E3B0000220B7E714210020FDF766F901210020B3
:10E3C000FDF762F90521F3E714210020FDF75CF960
:10E3D00001210020FDF758F905210220FDF754F92D
:10E3E000002301202376E37504F0FAFE0120FBF7F9
:10E3F00009FE99E7B05A02008A5A0200FF4902005A
:10E40000F8B506000024431EDBB2002B08D1002023
:10E410000500AC4208DCB042F9D20130C0B2F8BD10
:10E420000134E4B25B08F0E74700FFF7E7FB38434D
:10E43000C0B20135EDE7FFFF73B501AB1880C0B284
:10E4400001380C00112800D9DFE008F025FB090F86
:10E45000DEDEDE0D1967DEDEDEDEDEDEDEDE2AADCE
:10E4600000216C48FBF7F0FB012076BD0B7E002BF2
:10E47000FAD0CB7D0133CB752000FFF725FCF3E705
:10E480000B7E002BF0D101200A791107090F884279
:10E490005B410F210B4083408A430B401A4322719A
:10E4A000EAE70B7E002BDFD108790007000F032875
:10E4B000E2D808F0F1FA02081B210F230A799A43E7
:10E4C0000E3B13430B71012630002676FBF78EFDC1
:10E4D0002500227B2B1B5207DBB2520F9A42CBD96D
:10E4E000FFF78CFB3040A8710135F2E70F230A7962
:10E4F0009A430C3B13430B7101202076FBF776FD0A
:10E500002500E27C2B1B9207DBB2920F9A42B3D913
:10E51000287DFFF775FF0135E873F2E70B7E002BCE
:10E52000A2D108790007000F0328A5D808F0B4FA93
:10E53000020B1F28382330224B73CB89DB0ADB0206
:10E540001343CB8198E7CD7B05216807400F01304D
:10E5500008F030FC07230A009D431A402E4B154358
:10E560005B5CE57363732D4B5B5CA37384E70322F1
:10E57000CB7C1340CB742A4B8B8206238B757BE7B5
:10E58000CD7C0D21A808013008F014FC03228B007B
:10E5900015401D43E574234BAD07AD0F5B5C013D9A
:10E5A00065192B752B7467E70B7E002B00D05BE79A
:10E5B00008790007000F032800D95DE7012208F061
:10E5C0006BFA0208151B0B7B07218B431343237344
:10E5D00052E70D7B06216807400F08F0EBFB07238D
:10E5E000013119409D430D43257345E7CB7C032141
:10E5F0008B431A43E2743FE7C87C03218007800FF6
:10E6000008F0D8FB0131E17436E7019804F0C4FE4C
:10E610002BE7C0469E5A0200EE6A0200E96A020039
:10E6200006060000DC6A0200002110B510220180FD
:10E6300081828161C161018404300DF077FE10BDDB
:10E64000F0B5078887B0002F4DD0FA233E1C9B0001
:10E650009F4200D3274E03222025831CDB7F0130FD
:10E660001A400192C27F244B9200D35802A91A7813
:10E6700001200A705A788D704A709A78B6B2CA70C2
:10E68000DB781E4A0B71002304AC4B71FBF74BFB8C
:10E69000632F10D96421300008F01CFA303020704C
:10E6A0000A21300008F016FA0A2180B208F098FA20
:10E6B00030310D0002E02570092FF1D80A21300019
:10E6C000657008F08DFA2023E3702371019B3031CF
:10E6D000313363710023A1702100A3710420FBF783
:10E6E000C2FA07B0F0BD06490120064AFBF71BFB42
:10E6F0000549F3E7E7030000F46A02008C5A0200C0
:10E70000BE5A0200BA5A0200C45A02000B6810B581
:10E710000C00002B05D124200BF030FD2060FFF70A
:10E7200083FF10BD10B50400402004F059FD002304
:10E73000084A20881360984208D0A3610134180069
:10E74000E377FBF753FCFDF73BFA10BDFBF75AFCF0
:10E75000F9E7C046D8190020F0B587B001AB1880A2
:10E76000C0B201380C0011283DD808F095F93909DC
:10E77000CA3CC63CB2C03C3C3CC33C3C3C3C42B2C4
:10E780006C4B1A6801321A600B88002B28D0CB69B9
:10E79000002B25D08969DB08511A002B00D10133E9
:10E7A00099421DD30720611CCB7F01330340CB77F7
:10E7B000A26115D10321A21CD37F01330B40D37773
:10E7C00007D138301131FDF73DFB0420FBF70EFC7B
:10E7D00006E03A200F21FDF735FB0420FBF712FC81
:10E7E0002000FFF72DFF208843425841C0B207B0F8
:10E7F000F0BD504B1D680B7D002B0ED1002301E0B6
:10E80000032B1CD89A000133A218DBB25560237584
:10E81000042B00D084E0002318E0032B0AD85A1EF2
:10E82000D2B29200A2185268AA1AC02AE8D90023CC
:10E830006375E3E74A7D032103320A40F1E7637D14
:10E840009A00A218556003220133134000200326CA
:10E850006375DF1C1A000133190032403140890012
:10E8600092006118A218496852688A1A80189F425B
:10E87000F0D1032102E00221E368181A002810D029
:10E8800008F028F9F02301001B014008C01808F027
:10E8900021F99622031C80B25200904214D9131C15
:10E8A00023802188002905D0F020000108F09CF980
:10E8B000A561E0611E213320FDF7C4FA2388002BF7
:10E8C00000D18DE7002081E79AB2142AE8D2142300
:10E8D000E6E70800FFF7A8FE0020FBF793FB200007
:10E8E000FFF7AEFE64212720FDF7ACFA7BE704F0CA
:10E8F000B5FC78E704F032FD75E7002004F026FD52
:10E9000071E70A88002A08D00B4902A80DF080FBA5
:10E91000002102A8FBF798F965E711000748F9E71D
:10E92000012BBED06068032BA5D0A3680121181A63
:10E93000A4E7C046D8190020CB5A0200D65A0200DC
:10E9400010B5012004F04CFCFDF79AF90020FBF70C
:10E9500059FB0420FBF756FB10BDFFFF054B10B51C
:10E960001B68002B04D0002201209A70FBF74AFBA1
:10E9700010BDC046DC1900200C22F0B506000024B2
:10E98000017843784A438DB001931B4B4D1C991875
:10E990000979D358EDB20291039307AF019B029915
:10E9A000181908F007FA039B5B5CE3550134062C49
:10E9B000F4D100243B002A00104909A8BC710DF0D5
:10E9C00027FB210009A8FBF73FF92A000C4905A8FD
:10E9D0000DF01EFB01200B4A05A9FBF7A4F9B37843
:10E9E0000120A34205D0FBF701FBFBF70AFA0DB0AB
:10E9F000F0BDFBF707FBF8E7146B0200FA5A0200C0
:10EA0000025B0200095B020070B50C680D00002C6F
:10EA100007D103200BF0B2FB0322210028600DF088
:10EA200085FC70BD10B5034B1860042004F0D8FBC2
:10EA300010BDC046DC19002013B501AB1880C0B270
:10EA400001380C00102844D808F026F81409434374
:10EA50003D171943434343434343434329000C2297
:10EA6000487809781D4B4A439B181979013008F002
:10EA7000A1F961702000FFF77FFF012016BD8B78A0
:10EA8000002B03D0FDF708F90023A370207807219D
:10EA9000013008F08FF9002321706370EAE78B786A
:10EAA000002B04D0FDF7F8F80023A370E2E7012360
:10EAB0000C228B702078094B42439B1808499868B8
:10EAC000FDF73EF9D6E788780028D6D104F03EFC61
:10EAD000D3E7019804F060FCCFE7C046146B020056
:10EAE0005DE9000010B583780400002B03D0FDF72A
:10EAF000D3F80023A3700120FBF784FA0022034B14
:10EB000001201A6004F06CFB10BDC046DC19002027
:10EB100007B50300012268468280024A019813600B
:10EB200098470EBDE019002007B51F224B79044815
:10EB300093434B718B7993438B71FFF7E9FF0EBDC4
:10EB4000A5EC000013B5C0B2022819D003D80128E3
:10EB500009D0012016BD062801D01028F9D10F4890
:10EB6000FFF7D6FFF6E73F234A789A43373B134334
:10EB70004B70FCF78DFD04210948FBF765F8E8E7C9
:10EB80004A783F2093069B0E3F331C00824304408B
:10EB900022434A700342DCD1E1E7C046A5EB000006
:10EBA000E95B020013B5C0B20C0006280FD0102894
:10EBB00011D0012801D1FCF76BFD23780B489B078E
:10EBC00000D50B480521FBF73FF8012002E009487A
:10EBD000FFF79EFF16BD01220B789907C90F8A43E4
:10EBE000022152008B4313432370E6E7F65B0200D9
:10EBF000F05B0200F9EB000013B5C0B20C00062870
:10EC00001BD0102822D001280DD1FCF741FD1F2375
:10EC10006279134203D1A2791148134212D0012222
:10EC200023789343237023780E48DB0700D50E48E2
:10EC30000421FBF709F8012007E00B780B48DB07FC
:10EC400000D40B482100FFF763FF16BD0B780121AC
:10EC50000800DA07D20F90438B430343E2E7C04634
:10EC6000A5EC0000035C0200FC5B020021ED00004B
:10EC700029EB0000202337B5050001AC2380437940
:10EC80000021DB06DB0E200030332370FAF7DCFFB7
:10EC9000AB790321DB06DB0E303320002370FAF75B
:10ECA000D3FF37BD30B5C0B20C0085B006280CD0FC
:10ECB00010280FD001281AD1FCF7EAFC3C23227857
:10ECC0009A43243B1343237011E01348FFF720FFBE
:10ECD00005B030BD0A780F2193061B0F03330B409C
:10ECE0002D31092B14D89B008A431A43227002ADA0
:10ECF00007220A4928000DF025FD237828009B06ED
:10ED00001B0F303304216B71FAF79EFF0120DFE700
:10ED10000C238A43D6E7C04621ED00000A5C0200BE
:10ED200037B5C0B20C0006282AD0102828D00128F8
:10ED300001D001203EBD0D200DF03AFC1F2503003F
:10ED4000A0782B40A8431843A0700A200DF030FC97
:10ED5000431C20792B40A8431843002120710D4803
:10ED6000FAF772FF2000FFF785FF0320A378062142
:10ED7000DB06DB0E5843084BC018FAF765FFD8E7EF
:10ED800004210648FAF760FF21000548FFF7C0FE9E
:10ED9000D0E7C046115C0200580100208A5A0200E8
:10EDA000F1F00000037810B59B0703D5080000219F
:10EDB000FCF7C6FF10BDFFFF37B5C0B20C0001283D
:10EDC00003D002282FD001203EBD3F234A789A432A
:10EDD000373B13434B700B791F219B0618D4A37943
:10EDE0000B4206D0DA06D20E52180A408B43134368
:10EDF000A3710320A3780621DB06DB0E58431A4BD0
:10EE0000C018FAF721FF20001849FFF7CBFFDAE717
:10EE100063790B42EDD0DA06D20E1F320A408B43E3
:10EE200013436371E5E74A783F2193069B0E3F3316
:10EE300018008A430840024362700B4204D121004B
:10EE40000B48FFF765FEBFE7C0070AD5A37803208C
:10EE5000DB06DB0E5843044B0621C018FAF7F4FE1C
:10EE6000B1E7E378F3E7C0465801002043010020F2
:10EE700021ED000013B5C0B20C00062814D01028F4
:10EE80001BD0012801D0012016BD03208B7806215C
:10EE9000DB06DB0E58430B4BC018FAF7D5FE2000FB
:10EEA0000949FFF77FFFEEE720220B79934321000A
:10EEB00023710648FFF72CFEE6E720230A79134367
:10EEC000F5E7C0465801002055010020D1EE0000B2
:10EED00013B5C0B20C00012803D0022835D00120A0
:10EEE00016BD3F234A789A43373B13434B700B7947
:10EEF0009B0620D44A791F21D306DB0E1B180B403A
:10EF00008A431A436271FCF7C3FB2000FFF7B2FE8D
:10EF1000A3782279DB060821DB0E920600D404399F
:10EF200003205843184BC018FAF78EFE20001749EB
:10EF3000FFF738FFD3E78A791F21D306DB0E0133B1
:10EF40000B408A431A43A271DDE74B783F219A06B2
:10EF5000920E3F320A408B43134363700B42BED183
:10EF6000237862799B06D2061B0FD20E9A4205D2F5
:10EF7000A2790748D206D20E9A4200D30548210052
:10EF8000FFF7C6FDACE7C046580100204C01002049
:10EF900021ED000099EF000013B5C0B20C0001286C
:10EFA00003D002281BD0012016BD3F234A789A4384
:10EFB0001F3B13434B70FCF76BFB62792378D2063F
:10EFC0009B060F48D20E1B0F9A4200D20D4800211B
:10EFD000FAF73AFE20000C49FFF7E4FEE3E74B782E
:10EFE0003F219A06920E3F320A408B4313436370CF
:10EFF0000B42D8D121000548FFF78AFDD4E7C0466F
:10F000001C5C0200265C02002A01002029EB0000A3
:10F0100013B5C0B20C00062859D005D8012809D074
:10F02000022836D0012016BD1028FBD120220B79F2
:10F0300093434FE03F234A780B209A43373B1343D7
:10F040004B700DF0B5FAA378E278DB06D206C0B2B9
:10F05000DB0ED20E934202D211001A000B00904236
:10F0600001D30130C0B200229842524180181F22C1
:10F07000E378104093430343E37003235843174B53
:10F080000621C018FAF7E0FD20001549FFF78AFEB7
:10F09000C8E74A783F2193069B0E3F3318008A4306
:10F0A0000840024362700B42BCD122792039D3065A
:10F0B000DB0E1F3318008A430840024322710948BF
:10F0C0000B4200D008482100FFF722FDABE72023C8
:10F0D0000A79134305482371F5E7C046580100201B
:10F0E0005501002075EE000011F00000B9ED0000A0
:10F0F00013B5C0B20C00012803D0022824D001208F
:10F1000016BD3F234A780C209A43373B13434B707C
:10F110000DF04EFA0022A378C0B2DB06DB0E984257
:10F12000524180181F22E378104093430343E37059
:10F13000032358430D4B0621C018FAF785FD200024
:10F140000B49FFF72FFEDAE74A783F2193069B0E23
:10F150003F3318008A430840024362700B42CED10D
:10F1600021000448FFF7D4FCCAE7C046580100203C
:10F170005501002011F0000070B50C680D00002C46
:10F1800007D107200AF0FAFF0722210028600DF0BE
:10F19000CDF870BD10B5082004F022F810BDFFFFB7
:10F1A00007B501AB1880C0B2062809D8002817D0CF
:10F1B0000138052814D807F06FFC0A0513130E0553
:10F1C00010280DD1084B01981B68984702E00748AA
:10F1D000FFF79EFC0EBD002004F0B8F80120F9E70F
:10F1E000019804F0D9F8F5E7E019002045EB00009C
:10F1F0007047FFFF73B5437B04000D00002B49D01F
:10F20000037B012B46D808212020FAF7E9FC0921CD
:10F210002020FAF7E5FC2369ED09AB4239D028003C
:10F2200025613C2107F0DCFC01A80A0024490CF010
:10F23000EFFE062001A9FAF716FD28003C2107F091
:10F2400049FC63690500834223D03C21606107F0DB
:10F25000C7FC01A80A001A490CF0DAFE052001A932
:10F26000FAF701FD3C21280007F034FC182107F0D3
:10F27000B7FCA3690A008B420BD0A1611149002A97
:10F2800004D0114901A80CF0C3FE01A90320FAF72C
:10F29000EAFC73BD7F2364262B405E430A21F009FC
:10F2A00007F018FC30300821C0B2FAF799FC0A21A7
:10F2B000F00907F095FC3031C8B20921A9E7C04632
:10F2C000305C02008E5A0200365C020010B5140059
:10F2D00002280BD004280FD0012812D10330FAF7EE
:10F2E00091FE64060AD5FAF78CFD10BD04200029B2
:10F2F00002D0FAF787FEF6E7FAF778FEFAF774FD20
:10F30000F3E70420FAF77EFEF8E770B50C680D000D
:10F31000002C07D11C200AF031FF1C22210028609C
:10F320000DF004F870BD012310B55B420361436129
:10F330008361037B012B06D0981E43425841013064
:10F3400003F04EFF10BD437B0220002BF8D11E308E
:10F35000F6E7FFFFF7B5030A01AADBB20C00108045
:10F360000093C5B2FBF71AFF0700207B042812D8D0
:10F3700007F092FB031B2A534100082D07D0102DE4
:10F3800009D10123276023730220637B26E0012338
:10F39000627B53406373207B0026013803284BD8DF
:10F3A000266807F079FB48565956062D08D0102DCF
:10F3B000F1D1032301202373A76003F011FFEAE7D3
:10F3C000022067602073F8E7082D0DD0102D09D0BA
:10F3D000062DE0D101232373637B6760002BECD102
:10F3E0002020EAE70423E5E70123627B23735340EF
:10F3F000DBB26373F2E7062D0CD0102DCBD10220C7
:10F40000A3682268FB1AD218226062682073D3189E
:10F410006360D2E703232373BDE7062D09D0102DC7
:10F42000B9D10123A268237323689B1ADB192360D7
:10F43000AAE70023EFE7BE1B082D0FD8002D2BD025
:10F44000681E072828D807F027FB171C2727270B3B
:10F45000270B63689E1BEFE7A368FBE7102D1BD10A
:10F4600004F0FCF800280CD004F00CF93221020062
:10F470003F20FCF7CDFC04E00220094A0949FAF7D5
:10F4800052FC207B00993200FFF720FF3100200062
:10F49000FFF7B0FE0120FEBD019803F07DFFF9E704
:10F4A0003B5C02003E5C020010B5012003F098FEB8
:10F4B00010BDFFFF37B50122031C104D1A40013A61
:10F4C0002A400F4D9B065219DD0E0E4B010C6B436B
:10F4D000FA250401C004AD00C00E68431B18642067
:10F4E0000D072D0F68431B180A200906090F414319
:10F4F000240F5B181819504300B23EBD0200FFFFF5
:10F50000FFFF000010270000F0B5C317C4185C40CF
:10F5100024B285B006000A21200007F065FB03B283
:10F520000A211800009307F05FFB03B218000A21BC
:10F53000019307F059FB07B20A21380007F054FB8A
:10F540001F252840F30F4000184306000A21380009
:10F5500007F030FC294001980F020A2107F02AFC2D
:10F5600037430F263140090400980F430A2107F062
:10F5700021FC314009050F4320000A2107F01AFC45
:10F580003140039A0B060A493B430A40FF241343C8
:10F590001800190A1A0C21402040090222401204C6
:10F5A00008431B0E1B061043184305B0F0BDC046B0
:10F5B000C0E000F0002307B50422034801A901932D
:10F5C000F9F7A4F901980EBD425C02001FB50023B3
:10F5D0000422019003A907480393F9F797F9019AC8
:10F5E000039B9A4204D00422024801A9F9F7BEF90C
:10F5F0001FBDC046425C020070B5C3780500002BF9
:10F600000DD08068FFF756FF0400E868FFF752FF4F
:10F610000304A0B21843FFF7D9FF0023EB7070BDBD
:10F62000F0B50C0085B00500FCF732F82678012E05
:10F630004FD0022E00D08EE030005D4A5D49FAF7CF
:10F6400072FBFBF795FE562800D0A2E0FAF7E6FB26
:10F650003E23227B1340022B03D116210020FCF70E
:10F660000FF80126607B0421C006C00E3030FAF787
:10F67000ADF9A07B05210007000F3030FAF7A6F99D
:10F68000A07B06210006000F3030FAF79FF9E07BDF
:10F6900007210007000F3030FAF798F908212320DE
:10F6A000FAF794F9237B092157201E4200D1452007
:10F6B000FAF78CF935424ED0A17820200431C9B236
:10F6C000FAF784F9A07800283ED11621FBF7DCFF79
:10F6D0003AE00220384A3949FAF725FBFBF748FEA1
:10F6E00056283AD1FAF79AFB607A0421C006C00E78
:10F6F0003030FAF76BF9A07A05210007000F30309F
:10F70000FAF764F9A07A06210006000F3030FAF704
:10F710005DF9E07A07210007000F3030FAF756F95B
:10F7200008212320FAF752F9237A092153201E4297
:10F7300000D14E20FAF74AF9ED070CD5A178202028
:10F740000431C9B2FAF742F9A378042B03D1092195
:10F750002020FAF73BF905B0F0BD237A2B271E4293
:10F7600000D00237A068FFF7A5FEC21783185340E8
:10F770003A0013499BB201A80CF04AFCED0703D5EF
:10F780002022A37801A9CA54042001A9FAF76BFA30
:10F79000E1E7237B2B26DB0700D50236E068FFF785
:10F7A00089FEC21783185340064932009BB2E2E734
:10F7B0005E5C0200615C02004F5C0200525C020071
:10F7C000565C0200655C0200F0B5A1B00B90FFF73B
:10F7D000F1FE041E0BD10120BF4AC049FAF7A3FA7B
:10F7E0000420BF4ABF49FAF79EFA21B0F0BD03F0EA
:10F7F0000DFF0C90179020B20AF044FB0022BA4B88
:10F8000008F0F0FF1090119120140AF03BFB002249
:10F81000B54B08F0E7FF1290139103F0D7FE0AF002
:10F8200031FBB24B002208F0DDFF02230D930023D1
:10F830000E900F910A932E250CABED182F230CA8D8
:10F84000185CAB4B0006800EC0181AAB2A782988CA
:10F85000089318AB07930123A64C0693A64B920678
:10F86000890504930594109B119CD20E0293039476
:10F87000129B139C090F00930194F9F743FEC4B245
:10F88000002C21D0FAF7BDFA0220FAF7BBFB0320C7
:10F89000FAF7B8FB012C14D1984A99490220FAF7DB
:10F8A00042FA2A7897499206D20E1CA80CF0B0FBB7
:10F8B0001CA90320FAF7D7F993490420FAF7D3F9E2
:10F8C00093E7854A9149E9E7FAF78EFA03F006FFD4
:10F8D000A04202D00320FAF789FB189A199B0E98D0
:10F8E0000F9908F06BFB0E9A0F9B04000D001A98FD
:10F8F0001B991894199508F061FB00221A901B912E
:10F90000834B2000290004F0AFFC0022814B09F05A
:10F910009FFB00227E4B06000F0004F0A5FC149014
:10F9200015912000290005F077FB07F061FB1F23EC
:10F93000794A034017981B03104018430022754B67
:10F9400017901498159909F083FB0022734B07F068
:10F950004DFA002800D1A9E03000390005F05CFB29
:10F9600007F046FB3F231F2517AA03406C49108868
:10F970009B01084018431080179CE003C00E172815
:10F9800000D998E017AB1988FC23F0221B01120163
:10F990000B4093420CD11F2301301840182107F06F
:10F9A00009FA604B090319405F4B1C400C43179444
:10F9B00017980C9B984200D9BAE00A9B002B00D004
:10F9C000C4E01A9C1B9D0022514B2000290004F02A
:10F9D0004BFC00224F4B09F03BFB00224C4B060036
:10F9E0000F0004F041FC149015912000290005F04F
:10F9F00013FB07F0FDFA1F23474A034017981B0328
:10FA0000104018430022434B17901498159909F0A1
:10FA10001FFB0022414B07F0E9F9002800D1D4E098
:10FA20003000390005F0F8FA07F0E2FA3F231F250D
:10FA300017AA03403A4910889B01084018431080D8
:10FA4000179CE003C00E172800D9C3E017AB198834
:10FA5000FC23F0221B0112010B4093420CD11F2307
:10FA600001301840182107F0A5F92E4B0903194061
:10FA70002D4B1C400C43179417980C9B984200D9AF
:10FA8000B9E00A9B002B00D0C3E000210C98FAF7E4
:10FA9000D5FB264B0021C018FAF7E8FB0D9B179009
:10FAA000012B00D1A1E601230D93C4E630003900FB
:10FAB00005F028FA54E718382840030316480021B7
:10FAC000204018431790FAF7B9FB184B0021C018D3
:10FAD000FAF7CCFB17904FE76C5C02006F5C0200FA
:10FAE000755C02007C5C0200000059400020AC40C4
:10FAF000E4070000AAAAE2BFABAAAAAA835C02009C
:10FB0000865C0200B25E02008E5C02008A5C02002B
:10FB10000000F03F00004E40FF0FFEFF00003E409F
:10FB20003FF0FFFFC0FF01003F00FEFF80510100DA
:10FB30000021FAF783FB00213C30FAF797FB0B9B7F
:10FB40000C9A5860179B934200D836E70B9B5B7862
:10FB5000002B02D00A9B002B34D003F0BFFD17AC62
:10FB6000002807D12000FAF70BFC002826D002203D
:10FB7000FAF73CFA364A37490220FAF7D4F82E232E
:10FB80000CAA9A5C34499206D20E1CA80CF040FADA
:10FB900003201CA9FAF767F80B982388007C179AB2
:10FBA0002E4CC00000191B05D2032D4900909B0E5E
:10FBB000D20E1CA80CF02CFA1CA97EE60220FAF743
:10FBC00021FAD7E701230A93FBE63000390005F05C
:10FBD00099F929E7183828400303224800212040DA
:10FBE00018431790FAF72AFB1F4B0021C018FAF7A9
:10FBF0003DFB179024E70021FAF720FB00213C3061
:10FC0000FAF734FB0B9B0C9A5860179B934200D871
:10FC100037E70B9B5B78002B02D00A9B002B13D09D
:10FC200003F05CFD17AC002807D12000FAF7A8FB11
:10FC3000002805D00220FAF7D9F90C4A0C499BE7B5
:10FC40000220FAF7DFF9F8E701230A931DE7C0461F
:10FC50006C5C02008A5C0200B25E0200326F02003D
:10FC6000955C0200FF0FFEFF80510100835C0200E3
:10FC7000865C020070B50C680D00002C07D11420C2
:10FC80000AF07CFA1422210028600CF04FFB70BDB2
:10FC900070B50500FBF79CFD002801D0FBF7AAFD1D
:10FCA000FFF788FC041E07D1094C2000FFF78EFCEB
:10FCB00001212000FBF704F820B2FFF725FCA86023
:10FCC0002014FFF721FCE8600020FAF78FF970BDDF
:10FCD0009B0FA3E2F7B501AB1880C3B2050A581E0B
:10FCE0000C00EDB2112800D9F4E106F0E9FE26007F
:10FCF00012001200F301E2012B0029002900F30198
:10FD0000F301F301F301F301F301F301F3015F00E8
:10FD1000CA010A78002A59D1032B07D1FBF758FDF5
:10FD2000002803D1FA208000FBF706FD03F06EFCEB
:10FD30006368984204D3002363702000FFF744FDFA
:10FD40000120FEBD0B78002B2DD0FBF711FBA37813
:10FD50000133DBB2562819D1042B0BD8A370210034
:10FD60002800FFF75DFC2378002BE9D1012003F088
:10FD700037FAE2E700232078A3700321013007F06F
:10FD800019F820002170FFF737FCE8E72078A3700E
:10FD9000012803D1834201D10223DFE7052BDED9FD
:10FDA0000023A370E9E703F059FADCE70B7801229E
:10FDB000002B00D161E1CA70FBF7DAFA23785628EC
:10FDC00000D006E1012B06D0022B7BD021002800B9
:10FDD000FFF726FCB4E7A0780428F7D806F05CFE0D
:10FDE000031E39526D00667A0A21F006C00E0130FA
:10FDF00006F0E0FF1F2319409E430E436672A06881
:10FE0000FFF758FBC317C0185840B44B80B2984254
:10FE1000DCD963891B0B1B036381D7E7A67A0A2110
:10FE20003007000F013006F0C5FF0F2319409E4335
:10FE30000E43A672A068FFF73DFBC317C0185840D9
:10FE4000A64B80B29842C1D90F22A37A9343A372E2
:10FE5000BCE7A67A0A213009013006F0ABFF0F2378
:10FE600009011E400E43A672A068FFF723FBC317CB
:10FE7000C0185840994B80B29842A7D90F22A37A54
:10FE80001340E4E7E67A0A213007000F013006F05C
:10FE900091FF0F2319409E430E43E672A068FFF7BF
:10FEA00009FBC317C01858408C4B80B298428DD9BB
:10FEB0000F22E37A9343E37288E70123227A5340C7
:10FEC000237283E7A078042800D97FE706F0E4FDD9
:10FED000032A46607C001F22617BCB06DB0E0133C8
:10FEE0001340092B12D8914319436173E068FFF75F
:10FEF000E1FAC317C0185840794B80B2984200D835
:10FF000064E7E368774A1340E3605FE7237B764961
:10FF10009B06DB0E01331340A2895B000A401343AA
:10FF2000A381E3E7A67B0A213007000F013006F02A
:10FF300041FF0F2319409E430E43A673E068FFF76D
:10FF4000B9FAC317C0185840654B80B2984200D820
:10FF50003CE70F22A37B9343A37337E7A67B0A21D9
:10FF60003009013006F026FF0F2309011E400E4321
:10FF7000A673E068FFF79EFAC317C0185840584BA5
:10FF800080B2984200D821E70F22A37B1340E3E719
:10FF9000E67B0A213007000F013006F00BFF0F232C
:10FFA00019409E430E43E673E068FFF783FAC317D8
:10FFB000C01858404A4B80B2984200D806E70F223A
:10FFC000E37B9343E37301E70123227B53402373D5
:10FFD000FCE6012B0BD0022B00D0F7E6A078052819
:10FFE00000D9F3E606F04EFDF00F2F9EBAD4A078AC
:10FFF000052800D9EAE606F059FD60FFE9FEF6FEA5
:020000021000EC
:1000000011FF2CFF45FF267B0A21B006C00E0130F0
:1000100006F0D0FE1F231940DB189E4349000E4313
:100020002673E068FFF746FAC317C01858402C4BF8
:1000300080B2984200D8C9E62C4BE2681A4080236F
:100040001B01134360E7667B0A21F006C00E0130F6
:1000500006F0B0FE1F273940BE430E436673E068CA
:10006000FFF728FAC317C01858401D4B80B29842BA
:1000700000D8ABE6BE436673A8E64B780133134065
:100080005AE60A78002A0DD10B7C934201D00A74FB
:1000900053E601228B700A70FBF7FAFA042003F092
:1000A0009FF893E6002308008B700B70FFF7A4FA0B
:1000B00043E6FFF77FFA002802D103F047F93FE655
:1000C0002378002B03D16378002B00D138E600237E
:1000D00023804BE6019803F05FF932E62823000005
:1000E00050460000C1E000F0C1E0FFFFFFE000F07B
:1000F00010B5002404808470FFF77EFA2000F9F721
:1001000081FF10BD70B586B00400FBF737F805001D
:1001100003F05CFA01002800FAF790F8041903F0E4
:1001200055FA01002000FAF7A1F89C4B0500E018F1
:1001300009F0DCFE9A4A9B4B04F096F8984A994BDA
:1001400008F050FB984A994B0090019108F080FF0D
:10015000002402900391964E306809F0EBFE0200F5
:100160000B000298039906F055FE00280AD070682B
:1001700009F0E0FE02000B000298039906F040FE31
:10018000002804D10134E4B20436092CE4D1AA02D7
:100190008849D20E05A80BF03BFF032005A9F9F70B
:1001A00062FD082C12D82000834C06F075FC051166
:1001B0003150709CBED405000420804A8049F9F774
:1001C000B2FD220002207F49F9F7ADFD06B070BDF7
:1001D00004207D49F9F747FD220002207B49F9F709
:1001E000A2FDFBF7C5F8A928F0D10D21A738FBF730
:1001F00047FA0F210220FBF743FA00980199FF23E9
:1002000000229B0506F006FE0028DFD00D211AE033
:1002100004206F4A6F49F9F786FD220002206B49DE
:10022000F9F781FDFBF7A4F8A928CFD10D21A73854
:10023000FBF726FA0F210220FBF722FA0D210120FD
:10024000FBF71EFA0E210120FBF71AFABEE7042085
:10025000614A6249F9F767FD220002205B49F9F71C
:1002600062FDFBF785F8A928B0D10D21A738FBF76F
:1002700007FA0F210220FBF703FA0E210120FBF7FA
:10028000FFF90D210120FBF7FBF90F21DBE704202B
:10029000534A5449F9F747FD220002204949F9F72A
:1002A00042FDFBF765F8A92800D08FE70D21A7389C
:1002B000FBF7E6F90F210220FBF7E2F90E210120FE
:1002C000FBF7DEF90E210220FBF7DAF90F210120FE
:1002D000FBF7D6F90E210020FBF7D2F90D21002003
:1002E000FBF7CEF992E704203B4A3C49F9F71BFDA6
:1002F000220002203C49F9F716FDFBF739F8A9283E
:1003000000D063E70E21A838FBF7BAF90E210220CE
:10031000FBF7B6F90F210120FBF7B2F90E210020FF
:10032000FBF7AEF90D2100208EE704202F4A30495B
:10033000F9F7F9FC220002202B49F9F7F4FCFBF74E
:1003400017F8A92800D041E70E21A838FBF798F943
:100350000E210220E0E704201B49F9F784FC22006B
:1003600002202149F9F7DFFCFBF702F8A92800D0A9
:100370002CE70E210020FBF783F90D210020FBF76D
:100380007FF90098019900221A4B06F02FFD0028F2
:1003900000D11BE70E21022056E7C04698248BC7E8
:1003A000EF378E63497743411CE68B98D4873D40F5
:1003B0003C6F0200B25E02008E5A0200A05C020096
:1003C000A75C02008D5A0200AE5C0200B55C020020
:1003D000B95C0200C05C0200C75C0200CE5C020097
:1003E000D55C0200DC5C0200E35C0200E75C02001A
:1003F000EE5C02000000EC3F70B50C680D00002CB4
:1004000004D1042009F0BAFE2860046070BD10B564
:100410000620F9F7EBFD10BD13B501AB1880C0B293
:1004200001380C00112847D806F036FB091419468C
:10043000121240434646464646464646393DFBF77D
:10044000C7F9002801D0FBF7D5F92068FFF75AFE5D
:10045000012016BDFAF792FE0005F9D1F5E70B6809
:10046000002B15D00020FFF74DFE00232360FAF784
:100470007FFFA92803D11249A238F9F7F4FBFBF753
:10048000A7F90028E4D1FA208000FBF755F9DFE74F
:10049000FAF774FEFC231B011842E3D0E5E7086875
:1004A000084BC01800E000202060CFE70868064B2A
:1004B000F7E702F0D3FECBE7019802F06DFFC8E743
:1004C0008E5A02008051010080AEFEFF002310B55D
:1004D00003600620F9F796FD10BD70B50C680D009D
:1004E000002C04D1042009F049FE2860046070BD8E
:1004F0000022014B1A707047E519002013B5002344
:10050000C45E0F4B9C4200DA1C000E4B9C4200DD87
:100510001C000120002910D0F9F768FD01200A4ACB
:100520000A49F9F700FC2200684609490BF070FD02
:1005300069460420F9F797FB13BDF9F763FDEDE772
:1005400019FCFFFF0F270000F55C0200F85C0200B9
:100550005A5E020010B501240C4B1B785C4000224F
:10056000835E0B4A0C40934206DD002C03D01E2113
:100570004320FBF767FC10BD01330380FFF7BEFF8C
:10058000002CF8D01E213720F3E7C046E5190020E3
:100590000E27000010B501240C4B1B785C40002294
:1005A000835E0B4A0C40934206DA002C03D01E21D6
:1005B0002820FBF747FC10BD013B0380FFF79EFF9F
:1005C000002CF8D01E213420F3E7C046E5190020A6
:1005D0001AFCFFFF37B5454D01AB18802B780C0096
:1005E000C0B2002B0DD0424B1A6A002A18DB1A6ADF
:1005F000520015D41A6A0423110019401A420FD16F
:1006000029700138112800D96CE006F045FA4D1127
:100610006B6B0F5B54646B6B6B6B386B6B5B262D7A
:10062000062801D0102801D102F018FE01203EBD9D
:10063000304A1378002BF9D004202D4B196A1B6A1D
:100640000340490007D5002B35D00023012013704B
:1006500002F0C6FDEAE7002BF7D002F0FFFF010031
:100660002000FFF777FFE1E702F0F8FF010020002C
:10067000FFF770FF01221F4B08201A70E8E70023E4
:10068000E05E002802D102F061FECFE70025258060
:1006900002F0E4FFA84207D03A231748290003706C
:1006A000033B037102F002FF02F0D8FF01002000BB
:1006B000FFF724FFBAE702F0D1FF01002000FFF7A7
:1006C00069FFB3E70A4B1B6A002BAFDA02F0C6FDE5
:1006D00001232B70AAE702F0C1FF01002000FFF701
:1006E00059FFC7E7019802F057FE9FE7E419002081
:1006F00000600041E51900207F0100207047FFFFE6
:1007000010B5040003F0EEF80949002C0CD009F0F4
:1007100011FC084A084B08F09BFC0022074B07F02D
:100720004DFC09F04DFC0649F9F78CFB10BDC046A5
:10073000015D0200CDCCCCCCCCCCFC3F00004040D5
:10074000FE5C020010B503F0CDF89F21C90506F04C
:1007500081FB002802D00122014B1A7010BDC04657
:10076000E61900207047FFFF37B501AD2880FAF782
:1007700005FD2B780400032B40D007D8012B14D0A3
:10078000022B2DD0019802F007FE0CE0122BF9D1BC
:1007900002F0BAFF01235840C0B202F0BBFF02F0E2
:1007A000B3FFFFF7ADFF01203EBD1E4B1B78002BB2
:1007B00003D002F0D3FD0020F6E7FBF709F800288C
:1007C00001D0FBF717F80120174A1849F9F7ABFADF
:1007D00002F09AFFFFF794FF0020F9F713FCE2E71D
:1007E00080060521800E06F0E5FA042903D10020D9
:1007F000F9F7FCFBD7E70029D5D1E9E7FAF7E8FFDD
:10080000002803D1FA208000FAF796FF084B240550
:10081000A40E6343074A9342C5D80020F9F7F2FBC0
:10082000BDE7C046E61900209A520200045D0200AE
:10083000CDCCCCCC333333337047FFFF10B5FAF750
:1008400001F907F079FB074906F0E2FE064A041CAD
:1008500006490220F9F767FA0549201CF9F7F2FA70
:1008600010BDC04600007A44095D02000C5D020024
:10087000105D02007047704713B501AB1880C0B21D
:1008800002280DD0032821D0012839D1FAF7A0FF82
:10089000002801D0FAF7AEFFFFF7D0FF012016BD08
:1008A00002F0B4FE80060521800E06F083FA0C00EB
:1008B000042903D10020F9F799FBEFE70029EDD1D6
:1008C000FFF7BCFF2000F9F79DFBE7E7FAF780FF91
:1008D000002808D107300C4A0C49F9F724FAFA200D
:1008E0008000FAF729FF00208042D7D1F9F78AFB70
:1008F000FFF7A4FF0720044A0449F9F714FACDE7EB
:10090000019802F049FDC9E78E5A0200105D02000D
:100910007047FFFFF7B503059B0E0093C303DB0E83
:100920008602850104000193F60E2D0F870E06291D
:1009300021D8080006F0B0F819313904464F5800A4
:1009400002F04EFE0130C0B202F052FE02F048FE4C
:100950002D2802DD002002F04BFE02F041FEC0B265
:1009600002F020FE224B1860F7BD781C3C2106F0F7
:1009700021FA3F270F40019B009A1B03920113436A
:1009800076041E433F23AD053543BF062F431C406D
:100990003C43200002F056FEE6E728000C2106F05A
:1009A00009FA0F234D1C1D40E5E7124B2800F918EA
:1009B000F9F790FD0100300006F0FCF91F234E1CF2
:1009C0001E40D8E701981821013006F0F3F91F23E3
:1009D00019400191CFE700983C21013006F0EAF977
:1009E0003F2319400091C6E73F239C43C3E7C0461D
:1009F000E8190020E4070000054B10B51A78002A1A
:100A000004D0002204201A7002F0EAFB10BDC04698
:100A1000EC1900200B6810B50C00002B03D101204D
:100A200009F0ACFB206010BD10B500240470042058
:100A300002F0D6FB034B1C7002F0C8FD024B18609D
:100A400010BDC046EC190020E8190020F0B58DB0AB
:100A5000030A07AF04930E000C78388002F0D6FD2D
:100A600083069B0E069303059B0E05000593C303A7
:100A70003878DB0E01380393122800D983E006F0A2
:100A80000BF81F0A82827C72828282828282828238
:100A9000828279176F006E4B1B78002B10D06D4B44
:100AA0001B6A5B075CD521002800FFF733FF07E0D6
:100AB000062C05D00122664B08201A7002F090FB2C
:100AC0000327654E03203100F9F7CDF83A000621DF
:100AD0006243624B6143D218614B0120C918F9F798
:100AE00022F9BC425FD15F492000F9F7BCF85E4DA6
:100AF0005E492B68002B00DB5D490220F9F7B3F853
:100B0000049BDB0744D5E1212D680901EB17ED18A3
:100B10005D40280006F04EF908003C2106F064F81C
:100B2000E12107000901280006F05EF86421C0B247
:100B300006F056F83B00CAB209A84E490BF068FA15
:100B4000F9F752F9042009A9F9F78DF80123049A5D
:100B50001A4203D03E4A1278002A61D0012015E0E3
:100B6000FFF74AFFACE7601C072106F023F9CCB27F
:100B70003470A5E7FFF740FF95E7FFF73DFF002042
:100B800002F0E4FB9CE7079802F006FC0DB0F0BD14
:100B900002F026FDF9F7ACFC010009A80BF086FD78
:100BA000F9F72FF9CEE7022C13D8F9F72AF9380014
:100BB000F9F728FA0220F9F725FAAB01AA0EAD02DF
:100BC000ED0E2D491B0F1432009509A80BF020FAE9
:100BD000B8E7F9F709F902F081FD002808D03800DC
:100BE000F9F704FA069B24490093039A059BECE766
:100BF0000C21039806F0DEF80A1E00D10C32069B89
:100C00001D49009309A8059B0BF002FA039B0220E3
:100C10000B2B02D8F9F7F6F994E7F9F7E7F991E722
:100C2000062C9BD8A340442213420ED1223A1342F1
:100C300008D1113A134200D190E731000520F9F7AD
:100C400012F88BE731000620F9E731000720F6E7BC
:100C5000EC190020006000418E5A0200646F02000F
:100C6000796F0200135D0200E8190020165D020092
:100C7000195D0200D05902001A59020010B502F0A5
:100C8000BBFD012002F0ACFA10BD704707B5074A62
:100C9000074968460BF0BCF90120064A0649F9F7F6
:100CA00042F869460420F8F7DEFF07BD1C5D02002C
:100CB000235D0200285D02002B5D020030B585B087
:100CC000050002F057FD01AC0C4A0D4920800220BE
:100CD000F9F729F804200B4A0B49F9F724F8ED0736
:100CE0000AD5627809491207120F02A80BF090F991
:100CF000032002A9F8F7B7FF05B030BD315D02004F
:100D0000345D0200385D02003F5D0200B25E020009
:100D100030B585B0050002F02DFD01AC0C492080F6
:100D20000C4A0220F8F7FFFF04200B49F8F79BFF5D
:100D3000ED070AD5227809491206120F02A80BF016
:100D400067F9032002A9F8F78EFF05B030BDC04651
:100D5000345D0200315D0200465D0200B25E0200B9
:100D600030B585B0050002F005FD01AC0C492080CE
:100D70000C4A0220F8F7D7FF04200B49F8F773FF5D
:100D8000ED070AD5227809491207120F02A80BF0C5
:100D90003FF9032002A9F8F766FF05B030BDC04651
:100DA000345D0200315D02004D5D0200B25E020062
:100DB00007B502F0DFFC01A90880030A0F20DAB2B0
:100DC0001B071B0F01338243034013434B700198F1
:100DD00002F0E2FC07BD07B502F0CCFC01AB1880C5
:100DE00010301870019802F0D7FC07BD07B502F06B
:100DF000C1FC0F2101AA1080C3B20007000F01300F
:100E000008408B4303431370019802F0C5FC07BDF3
:100E100010B502F09DFC0130C0B202F09FFC10BD85
:100E200010B502F081FC0130C0B202F085FC10BDAB
:100E300010B502F053FC0321013005F0BBFFC8B22E
:100E400002F054FC10BDFFFF13B50400184A022045
:100E50001849F8F768FFE40707D502F0BBFC002843
:100E600004D115490430F8F7FEFE13BD02F0B2FCC0
:100E7000072802D111490338F5E702F0ABFC10490D
:100E80000428F0D002F0A6FC052802D10D49013853
:100E9000E9E702F09FFC40000A21013805F08AFFD3
:100EA00068460A0008490BF0B3F869460420DAE7FF
:100EB000315D0200345D0200545D02005B5D0200A2
:100EC000625D0200695D0200705D020010B502F013
:100ED00081FC0130C0B202F085FC02F07BFC0528E9
:100EE00002D9072002F07EFC10BDFFFF10B5040000
:100EF000114A01201149F8F716FFE4070DD502F059
:100F000027FC072809D805F0C7FD04090B0D0F11B0
:100F100013150B490420F8F7A6FE10BD0949F9E79F
:100F20000949F7E70949F5E70949F3E70949F1E70D
:100F30000949EFE70949EDE76D5D0200795D0200BF
:100F40007F5D0200865D02008D5D0200945D0200FF
:100F50009B5D0200A25D0200A85D0200AF5D020081
:100F600010B504000C4A01200C49F8F7DCFEE40738
:100F70000BD502F0D9FB032807D805F08DFD020739
:100F8000090B07490420F8F76EFE10BD0549F9E783
:100F90000549F7E70549F5E7B65D0200B95D0200CE
:100FA000BF5D0200C65D0200CD5D0200D45D02009F
:100FB00010B504000B4902200B4AF8F7B4FE0420D8
:100FC0000A49F8F750FEE40707D502F06FFB012845
:100FD00004D107490230F8F746FE10BD0320054949
:100FE000F9E7C046DE5D0200DB5D0200E25D020063
:100FF000E95D0200EC5D020010B502F057FB00282D
:1010000008D1013002F058FB0120FFF7D1FF02F0B8
:1010100081FA10BD0020F5E710B504000E4A022049
:101020000E49F8F780FE04200D4A0E49F8F77BFEC2
:10103000E4070CD502F012FB002809D002F022FBD5
:101040000949012805D109490230F8F70CFE10BD05
:1010500007490320F9E7C046EF5D0200F25D020098
:10106000F65D0200FD5D0200EC5D0200E95D02003C
:10107000045E020010B502F0F1FA041E0ED1012048
:1010800002F0F4FA200002F005FB0120FFF7C4FF94
:10109000220032213F20FAF7BBFE10BD02F0F2FA27
:1010A000002807D1013002F0F5FA0120FFF7B4FF64
:1010B0000122EEE7002002F0D9FA0120FFF7ACFF91
:1010C000EBE7FFFF10B50400084A01200849F8F7D4
:1010D0002AFEE40708D502F001FB0649002800D1EA
:1010E00005490420F8F7BFFD10BDC046075E0200A9
:1010F0000A5E0200105E0200145E020010B50400D9
:101100000B4902200B4AF8F70EFE04200A49F8F7B3
:10111000AAFDE40707D502F0D5FA012804D1074952
:101120000230F8F7A0FD10BD03200549F9E7C046DD
:10113000185E0200E65D02001C5E0200E95D02002E
:10114000EC5D020010B502F0BDFA002808D10130B4
:1011500002F0BEFA0120FFF7D1FF02F0EFF910BD57
:101160000020F5E70B6870B50D00002B38D1082082
:1011700009F004F804002860582008F0FFFF194B1C
:1011800060600360184B4360184B8360184BC3606A
:10119000184B0361184B4361184B8361184BC361B3
:1011A000184B0362184B4362184B8362184BC3629F
:1011B000184B0363184B4363184B8363184BC3638B
:1011C000184B0364184B4364184B8364184BC36477
:1011D0000B236370174B6380174B0365174B4365F5
:1011E00070BDC046C5100100310E0100191001008C
:1011F00075100100B10F0100F90F0100FD10010091
:1012000045110100610F0100210E0100ED0E0100EA
:10121000110E0100490E0100CD0E0100610D01000B
:10122000ED0D0100110D0100D70D0100BD0C0100F5
:10123000B10D0100070A00008D0C01008B0C0100AC
:10124000002310B50370042001F0CAFF10BD30B5B3
:1012500085B001AD2880C0B201380C00102849D8F3
:1012600005F01AFC111148484409484848484836D6
:10127000484848483C00002008560121013061568A
:1012800005F098FD2170FAF703FA0023E35662682F
:10129000DB0068789B58984700230222E356A25649
:1012A0009A422CDC0322A2569A4228DD02F062FA0E
:1012B0001123020501060007120F090F000F5A4300
:1012C00059435843D2B2C9B2C0B201F0A5FF03E0FE
:1012D00001F0B2FF02F042F801200EE000228A562F
:1012E0004B68D2009B185B689847D5E7002002F056
:1012F0002DF8D1E7019802F04FF805B030BD01F0AC
:101300009BFFE9E710B501F097FF02F075FA10BDF9
:1013100010B50020F1F7CAFD10BD70B50C680D00C6
:10132000002C07D1082008F029FF0822210028609E
:101330000AF0FCFF70BD002310B503718371022019
:1013400002F0BCFAF9F7E0F9F9F716FA082001F013
:1013500047FF10BDF0B5B7B003AB1880C0B201387D
:101360000C00102800D9F9E005F0AAFB11001F00BD
:10137000F100F800ED00F800E700F800F800F800D0
:10138000F800EA00F800F800F800F800DC00F8F7D0
:1013900038FD74490120744AF8F7C5FC73490420EC
:1013A000F8F761FC012037B0F0BD01206E4A6D49AD
:1013B00005ADF8F7B8FC0A212800F9F7B3F90023C6
:1013C000EB560093002B2FD000232E000027029312
:1013D0000193009BBB427DDC180006F065FD0326EF
:1013E0000090F9F7C9F90022A35E009973430198B0
:1013F0001F0006F00DF906F037FD00B23818C317CC
:1014000033401B189B1023800099029806F000F9C6
:1014100006F02AFD0223E75E00B277433818C717AB
:1014200037403F18BF1067806379002B67D00223D5
:10143000E65EE1233000DB009E4200DD18004C4BED
:10144000984200DA1800E1239621DB00C0188900D9
:1014500005F0CAFB0700052800DD052706222D211F
:1014600028000AF063FF0023C722C736B6B2AB716B
:1014700052003033964203D82279920700D40833C1
:10148000EB5529000420F8F7EEFBC722A3795200A0
:1014900096423BD8002B03D1FAF7DAFC0123A37163
:1014A0000022FF211000FAF751FD022210002379DB
:1014B00018401A4226D1F8F799FD07221100237926
:1014C00019401A4202D12B48FAF73AFC237901332A
:1014D000237167E70223F05E06F0E6FC011C019829
:1014E00005F06AFE01900423F05E06F0DDFC011CAD
:1014F000029805F061FE01370290063669E7002385
:10150000E65E96E70020F8F77DFDD6E7002B05D0D4
:10151000FAF744FDFAF7ECFC0023A3710020F8F77A
:1015200071FDD3E701234A795340DBB24B71124975
:10153000002B00D133E7114931E701F08FFE31E78D
:1015400001F00CFF2EE7002001F000FF2AE705491B
:101550000120054AF8F7E7FB094920E7039801F065
:101560001BFF20E7355E0200315E02003B5E020099
:10157000F8F8FFFFA36F02002A5E0200235E02005C
:10158000425E020010B50400F9F7F6F8F9F7C3F867
:10159000A379002B05D0FAF701FDFAF7A9FC002387
:1015A000A3710020F8F72EFD012001F019FE10BDF7
:1015B000074B820010B5D158041F0320F8F753FBE6
:1015C00001210023A4B2A1425B41024AD37210BDA3
:1015D000A86F0200F819002070B52B4C2B4D226823
:1015E0000300D0782A68D178002B26D1FAF748F882
:1015F0002B68997823689878FAF742F82B6859781D
:1016000023685878FAF73CF82B681978236818781B
:10161000FAF736F82B68997923689879FAF734F84D
:101620002B68597923685879FAF72EF82B681979BD
:1016300023681879FAF728F870BDFAF725F82B68AF
:10164000997823689878FAF71FF82B6859782368F7
:101650005878FAF719F82B68197823681878FAF788
:101660000FF82B68997923689879FAF709F82B68AD
:10167000597923685879FAF703F82B6819792368A0
:101680001879F9F7FDFFD7E7141A0020101A002087
:10169000F7B5CC1E631E9C41050003341B480AF0BD
:1016A00087FF0028FAD020230D2200279C462E0D0C
:1016B0003605634601219B1A99400140D9400B0031
:1016C0000191591E8B410199DBB2002901D0A7403D
:1016D00012193B4301325F00202AEADD5B038022BE
:1016E000180B2B005203134015420CD11A00013382
:1016F000A34206DC0125153295402E42F6D0E31AAE
:10170000D8403043FEBD0023F9E7C046FFFF0F007D
:101710001F2370B505000B4C002062799A431E3BD5
:1017200013436371FFF758FFEB785B0607D5A37A85
:101730003C212720002B00D10F20FAF783FB002348
:10174000A37270BDF819002007B50E4BDB7A002B91
:101750000CD00A2105F044FA01A8CAB20A490AF0DD
:1017600057FC022001A9F8F77EFA07BD282105F0F1
:1017700037FA01A8CAB205490AF04AFC032001A9B8
:10178000F1E7C046F8190020495E0200B25E02008F
:1017900080220D4970B5CB88D2039C05A4189B0A02
:1017A000A20D9B021343CB80038815009E05A64221
:1017B00003D29B0A9B021A4302800123E8B28B7278
:1017C000FFF7C2FF70BDC046F819002010B5002811
:1017D00003D00120F8F70AFC10BD0120F8F712FC35
:1017E000FAE7FFFFF0B54378164FDB0687B000211C
:1017F0000588C4785B0F1022380001930AF096FD2B
:10180000012280236406E40F62405203DB04134389
:101810007B60AD05F8F7E8FA01200B4A0B49F8F7B1
:1018200082FAAA0D0A4903A80AF0F2FB03A90420D0
:10183000F8F719FA0198FFF7BBFE2000FFF7C6FF83
:1018400007B0F0BDF81900204D5E0200525E0200A4
:10185000585E0200F7B500252F00000C0304019329
:101860001B4E3278042A2AD900200300082A19D0F6
:10187000072A0AD00824A41AE4B220000AF098FE2D
:101880000028FAD004E00825EAE701200AF090FEDB
:10189000052803D93378002B00D00520002213003F
:1018A00090420ED13278062A01D95B00DBB2AB4000
:1018B00030701F43082DE6D101983843FEBD08243F
:1018C000DBE7012191400B43DBB20132E8E7C04680
:1018D000F41900203C22F8B508260700234C45786F
:1018E000E379ED0693433343E371F8F78AFAF87826
:1018F0006D0F4006C00FFFF769FF1C227B78300098
:101900001A4200D1043801F06BFCE67A002E1ED09A
:10191000F9F7BEFE0020FFF79DFF237B2060022B1E
:1019200001D8032323731F23627900209A431E3BAF
:1019300013436371FFF750FEA079FFF705FFFB78B3
:101940005B0603D500210A48FAF7FAF9F8BD03202F
:101950000849F8F788F904200749F8F784F92900BD
:101960003000FFF795FE2060DDE7C046F819002043
:101970008D0100208E5A02008A5A020070B50D684F
:101980000E00002D0ED1062008F0F8FB0400062200
:10199000290030600AF0CAFC1C2362789A43143B89
:1019A0001343637070BDFFFF10B5F9F7E1FC5628D3
:1019B00012D00C480C490D4A0D4B0E4C20600E48BD
:1019C00001600E490A600E4A1360F9F701FF002812
:1019D00001D0F9F7A7FE10BD0A480B490B4A0C4B82
:1019E000EBE7C046D9010020D2010020B801002059
:1019F000AC010020141A0020101A00200C1A00203C
:101A0000081A0020CB010020C4010020A001002002
:101A100094010020F0B587B003AA1080C0B201384D
:101A20000C00162800D9ACE205F04AF81700550062
:101A30004202AB023102FD018801CD01AB02AB02D3
:101A4000AB02AB02AB02AB02AB02FD018801160296
:101A5000AB02AB02AB02F101F101CB787F2B05D9D0
:101A600001F010FF7F22E3781340E37001F0CEFD18
:101A7000E27881019206090F830E920E9A4204D1F8
:101A8000A2781207120F8A420DD02288E078920ABB
:101A9000920222803F2290431843A378303A934326
:101AA0000B43E070A3703C21B54AD3798B43D371CB
:101AB000F8F7A7F90120B34AB349F8F734F904203D
:101AC000B249F8F7D0F8E0784006C00FFFF77EFE85
:101AD000012007B0F0BDAA4DEB799B061B0F012B2F
:101AE000F6D90F210D330B40012BF1D95378019317
:101AF0006B791F2B05D9019A002AE9D1E0336B716C
:101B0000E6E7002680221206F2402B6813401F22CF
:101B1000921BD3401F007A1E9741022E10D0032E35
:101B200034D09B4A9B4F0292012E4AD0002B50D1B9
:101B30003B68995D029B1B68985DF9F7A5FD4FE036
:101B4000954E2F72002B0AD0924B1B689978904BC0
:101B50001B689878F9F794FD37700326D2E71F22A7
:101B60006B791340012BF7D08A4B1B689978884B0F
:101B70001B689878F9F788FDEB7A002BECD0337866
:101B8000002BE9D02000FFF703FEE5E76F72002B82
:101B900009D0804B1B68D9787D4B1B68D878F9F742
:101BA0006FFD0426AEE71F226B791340012BF8D09E
:101BB000784B1B68D978764B1B68D878F9F764FDA9
:101BC000EFE7EA7A002AB1D19342B1D02000FFF7C3
:101BD000DFFD3B68995D029B1B68985DF9F750FD3E
:101BE00001360C2E8ED12B7928680133EA7A400019
:101BF000DBB228602B71002A1BD00F2B04D90023E5
:101C00002B71FFF727FE28606A79D106CB0E0029D9
:101C10005DD0E97A012B4BD100291BD000201C2775
:101C20002B7BDA1CD2B21D2B0CD9002812D02B73BF
:101C300010E0132BE8D961782A71C906490FFFF724
:101C400027FDE0E766783E40142E2BD1002B29D1EA
:101C50009842ECD11F236A791340012B55D12B7A7E
:101C6000002B02D16B7A002B4FD0C820F0F720FB5D
:101C7000C022EB8812019B0B9B031343EB80F9F707
:101C800007FD04204549F7F7EEFFE3785B0600D433
:101C90001EE700214248FAF753F896208000F0F73B
:101CA00007FB15E70133DBB29342C0D00800BAE767
:101CB000002913D02B7B002B0DD11F339A436A715F
:101CC000384B1A6A5207C5D41B6A5B00C2D4200085
:101CD000FFF71EFDBEE7013B2B73F1E7591EC9B2AA
:101CE000022906D86278D206520F012A06D90229A3
:101CF00004D11F226B7993436B71ABE71F216A7983
:101D000001330B408A431343F6E7EB7A002B00D1F3
:101D1000DEE663782A7BDB065B0F052B05D103200B
:101D2000019B21490340134305D0204904A80AF030
:101D30006FF9032004A9F7F796FFC9E6104BDB798A
:101D40009B061B0F012B0CD032D90F220D331340F1
:101D5000012B00D9BCE6F9F79BFC2000FFF742FD00
:101D6000B6E6CB787F2B06D801F066FD8023E278BB
:101D70005B421343E3702000FFF7ACFDA8E6C046CA
:101D8000F81900204D5E02005E5E0200645E0200F3
:101D90000C1A0020081A0020F51900206B5E0200C2
:101DA00086010020006000418E5A0200B25E0200EF
:101DB000CB787F2BCFD801F03FFD8023E2785B42C8
:101DC0001343E370C7E7714BDA793C231340042BCC
:101DD00000D07DE64D780621E806400F013004F082
:101DE000E9FF07231C260B409B00B5431D4365708C
:101DF00088B2FFF7DDFBE3785B0600D468E6637822
:101E00001E4241D11E212620FAF71CF860E64B78CD
:101E1000DB0600D55CE65D4BDA793C231340042BEE
:101E2000A9D00C2B99D0594B59495A680A405949A5
:101E30008A4200D04CE6DA7A002A03D01A7B002AC4
:101E400000D145E61F225979012091431D3A0A43EA
:101E50005A71FFF7C1FB3BE638224C4BDB791A4243
:101E600000D035E6CB7840255906C90F0800373A2F
:101E700050408A439201AB431343E370FFF7A6FC43
:101E8000E3781D4200D123E61E212720BCE7CB7852
:101E90007F2B05D901F0F6FC7F22E3781340E37035
:101EA0003A4BDA793C231340042B00D110E654E777
:101EB0003C23364EF2791340102B0ED00120364AC7
:101EC0003649F7F730FFE0784006C00FFFF77EFC99
:101ED0006078C006400FFFF76BFB01F097FB050031
:101EE00001F0FCFB2B059B0E01933C23F2790700CC
:101EF0001340102B06D1F822294B52021B686B406D
:101F0000134236D03C23F279EC039A432C3B134323
:101F1000F371E40EF9F75CFC002806D1F7F764FFD3
:101F2000FA2107204900F9F7B7FB002F12D0032050
:101F3000F8F75CF81B49022F00D11B492200019BD6
:101F400004A80AF065F8042004A9F7F78CFE144BE6
:101F50001D60BDE50B2C02D90220F8F747F82000E0
:101F60000C2104F03DFECCB20E49002CE6D10C341D
:101F7000E4E70E49019A04A80AF04AF8062004A9E9
:101F8000E3E7039801F008FAA3E5C046F81900203A
:101F9000001F003C000100084D5E0200525E02007E
:101FA000F0190020D0590200BE5902002159020048
:101FB000C37810B504007F2B05D901F063FC7F22A4
:101FC000E3781340E37010BD054B10B51B68002B80
:101FD00004D0002201209A70F8F714F810BDC04612
:101FE000181A0020F0B5047887B0631C050007219B
:101FF000184A02A809F0DAFF0120174A02A9F7F7E8
:1020000092FE164BE400E758002438000AF0EEFB7D
:102010006B7804AE0093C3B20193009B0199181929
:1020200004F0C8FE7B5CA3550134062CF5D10023D7
:1020300004203100B371F7F716FEAB780120002BB6
:1020400005D0F7F7D3FFF7F7DCFE07B0F0BDF7F7E1
:10205000D9FFF8E7AF5E0200B65E0200C06F020073
:1020600070B50D680E00002D0BD1032008F086F826
:1020700003222900306004000AF058F901F008FA40
:10208000207070BD064B10B50400186001F000FA16
:10209000002320706370042001F0A2F810BDC04638
:1020A000181A002037B501AB1880C0B201380C00F7
:1020B00011284DD804F0F0FC15094C4C46184C4C36
:1020C0004C4C4C4C4C4C4C4C1A2D0A78224BD200A8
:1020D000D0580AF08BFBC1B26078013004F06AFE80
:1020E00061702000FFF77EFF01203EBD8B78002B42
:1020F00003D0F9F7D1FD0023A3702078112101301E
:1021000004F058FE0023C8B22070637001F0C6F9D5
:10211000E7E78B78002B07D0F9F7BEFD00230120FD
:10212000A370F7F76FFFDCE701258D7022780A4B6B
:10213000D2009B1858680949F9F702FE2800F7F702
:1021400055FFCEE788780028CED101F0FFF8CBE725
:10215000019801F021F9C7E7C06F0200C91F010013
:1021600010B583780400002B03D0F9F795FD002308
:10217000A3700120F7F746FF0022034B01201A60ED
:1021800001F02EF810BDC046181A00201FB5002817
:1021900007D110490430F7F766FD0024A0B204B05F
:1021A00010BD002905D004200B4A0C49F7F7BBFDF0
:1021B000F3E701F019FC0A4B0400984200D91C0017
:1021C0002200084901A809F023FF042001A9F7F71C
:1021D0004AFDE3E7B95E0200C05E0200C75E02008E
:1021E0003F420F00CE5E0200F0B58468C77905005B
:1021F00085B0A74211D14079C1094006C00FFFF751
:10220000C5FF164928600320F7F72DFD012014496A
:10221000144AF7F788FD05B0F0BDE41B013C64B239
:102220000020E400F7F7EEFE2C1901200E490D4ABC
:10223000F7F779FD227B0D4901A809F0E9FE01A914
:102240000320F7F710FD0A49226901A809F0E0FE12
:10225000042001A9F7F707FDDDE7C0468E5A02000A
:10226000D65E0200D35E0200DC5E0200B25E0200B7
:10227000CE5E020070B500210400032001F08EFB49
:102280000125402228408301607990431843607102
:1022900010420ED0002001F0A1FB280001F096FBB7
:1022A0002022637905489343637101F0B9F801F086
:1022B000B1FB2000FFF798FF70BDC046000042FC54
:1022C00070B50D680E00002D0ED19620400007F06D
:1022D00055FF962204005200290030600AF026F8CB
:1022E000402362791343637170BD7047F7B501AB4A
:1022F0001880C0B201380C00CB798968112800D948
:10230000C8E004F0C9FB255F58A6C70B0E09C7C774
:10231000C7C7C7C7C7C7171900F0A0FF0125280006
:10232000FEBD5818013104F045FD2000E171FFF7B2
:102330005BFFF3E7581CF5E78B42F6D101F05AFB3F
:102340006079C1094006C00FFFF720FF2060E5E774
:1023500001F062FB002806D101F064FB051E02D1EA
:1023600000F0FCFFDBE70125A368E371A3885B0BAA
:102370005B032B43A38001F057FB7F22C3016079ED
:10238000104018436071C0B29042C7D8002001F0DD
:1023900025FB280001F01AFB01F012FB002805D1F3
:1023A0002000FFF721FF0223A371B7E72000FFF70A
:1023B00061FF0023F8E78B42B0D104203849F7F7DA
:1023C00052FCABE7A279002A0BD0013AD2B2A2713B
:1023D000002AA3D163797F2BA0D82000FFF74AFF02
:1023E0009CE78B4222D101F0FFFA2E4B984200D994
:1023F00018002368834212D063799A0605D52022FB
:1024000093432948637101F00BF80123A088400B26
:10241000400303430104A380C90F400493E79621BE
:10242000A2884900D304DB0C8B420AD363799B0654
:1024300000D573E7202362791343637101F010F82C
:102440006CE70133DB04520BDB0C52031A43A2800E
:1024500064E701F0C9FA051E19D001F0D7F8A668A3
:1024600007002421300004F0A5FCBF02C9000D4B79
:102470006118FF0E0F739D4200D91D000D61E079B8
:10248000731CA3600130B11C04F094FCE17101F0F5
:10249000B1FA43E7019800F07FFF05003FE7C0462F
:1024A000E05E02003F420F00000042FC10B5002039
:1024B00001F08CFA00F0D4FF10BDFFFF10B501F061
:1024C000A5F8034B1840034BC0184342584110BDB8
:1024D000C0FF01004081FEFF10B501F097F8002118
:1024E000F7F7ACFE10BD70B50400FFF7F5FF05006F
:1024F00001F07AFA62696061824200D22561236943
:102500000021AB4200D2E91A2678002E09D1E1223F
:10251000D200914204D362686360A26001222270FB
:1025200070BD8242FCD2002361681A00A94200D229
:102530006A1AE26065602380F2E7FFFFF0B50400ED
:1025400085B0FFF7C9FF65780600002D36D0012061
:102550002A4A2B49F7F7E7FBE468E121200009014B
:1025600004F0B8FA071C80B2632800D96327E12180
:102570002000090104F034FB08003C2104F0AAFA11
:10258000BFB23B001F4A0521009002A809F00EFDD2
:10259000F7F72AFC052002A9F7F765FB0A210620B8
:1025A0006944F7F760FB07201749F7F75CFB062043
:1025B000002D1FD0F7F71AFD05B0F0BD2378AB4210
:1025C0000AD10120114A1249F7F7ADFB63682C00CC
:1025D000B342C2D2F41AC0E70120084A0849F7F70B
:1025E000A2FB6468B44202D20125341BB5E7012581
:1025F0000024B2E7F7F706FDDEE7C046E75E02001B
:10260000EA5E0200F95E02008E5A0200F05E0200ED
:10261000F35E020070B50D680E00002D0FD118207A
:1026200007F0ACFD182229003060040009F07EFE9E
:10263000FFF752FF25706060A0602061656170BD8A
:1026400010B5040001F0D0F960612000FFF74BFFE6
:10265000012000F0C5FD10BD37B501AB1880C0B238
:1026600001380C0010283AD804F016FA1409391968
:102670003917392A39393939393939391D004B78FF
:10268000002B07D08B78002B02D0013BA37001E018
:10269000002363702000FFF751FF01203EBD0800BA
:1026A000FFF721FFF9E70B78002BF6D14B78002BD1
:1026B000EED1CB68002BEDD001234B700733E5E75B
:1026C0000B78012BE9D100258B680D704B60FFF76B
:1026D00003FF206101F088F965706061DAE7019815
:1026E00000F05AFEDAE7704701207047F8B506009F
:1026F00008008C1E0E380C21150004F075FA0C230E
:102700005B42070043437020E418FF300C21604314
:1027100004F06AFA96235B01F2180B4BD21953436B
:102720009B10C418094B6421F018C01904F05CFA1E
:10273000032302005A43D017184080188010044B1E
:10274000201A4019C018F8BDB50500002413000078
:10275000B582FFFF70B505000C001600022807D0F7
:102760000D4B5B5D181CA34200D9201CC0B270BD8C
:10277000930707D16421100004F032FA89B21D23B7
:102780000029EFD1C8213000490004F029FA89B2AC
:102790000029E5D11D23E5E75D7202000D23F0B5A8
:1027A0000400002585B04370304B0093009B0195D9
:1027B0001E795B79029300F029FF2D4A830E9F1842
:1027C00082028001010FD20E38000393FFF78EFFC3
:1027D0003A00029901903000FFF7BCFF310002007F
:1027E0003800FFF783FF019B834221D8C61A2300DC
:1027F0006A0032339E52009BA21C555508330135A6
:1028000000930D2DD2D10021E51C685C0E00030061
:1028100018335B00E3185B880093935D009F9C4630
:1028200018335B00E3185B88BB4210D8330014E018
:10283000104B039F0299FF183A003000FFF78AFF00
:10284000310002003800FFF751FF019BCEE76346DD
:10285000AB55013E73B25F1CDFD101335BB2E318AD
:10286000013198700C29D0D105B0F0BD6C72020016
:10287000E4070000E5070000F0B585B0070001910E
:1028800009F0B4FFC5B202AE062D0BD83B000721FC
:1028900030000F4A09F08AFB31000420F7F7E3F912
:1028A00005B0F0BD0024AB1CDBB20093019B009986
:1028B000181904F07FFACAB22023954200D97B5C34
:1028C00033550134062CF1D10023B371E4E7C0463F
:1028D000025F0200F0B54378040085B0002B0AD1F6
:1028E00001202649264AF7F71EFA04202549F7F762
:1028F000BAF905B0F0BD0378C3189D782B001833E2
:102900005B00C3185F88B7233E1C5B009F4201D366
:102910006E26FF36B6B2330006211B4A684609F020
:1029200045FB69460120164AF7F7FDF9F8F720FD47
:10293000562806D1002F09D114495238F7F793F9D8
:102940000BE0230093331B78002B0BD1104B9234F8
:10295000ED002178E858FFF78FFFF7F752FA0720CC
:102960000C49C4E70949002F06D0072133000A4A61
:1029700002A809F01BFB02A90420DFE70A5F02009E
:10298000075F0200105F0200175F02001D5F020078
:102990006C7202008E5A0200245F020070B50C684F
:1029A0000D00002C07D1962007F0E8FB96222100AD
:1029B000286009F0BBFC70BD10B50400FFF7EEFE07
:1029C00022000023923223701380943408330220B3
:1029D000237000F005FC10BD73B501AD2880C0B2B6
:1029E00001380C00102800D96DE004F055F83909C1
:1029F0006C6C6C3C58626C6C6C6C6C6C6C6C4900F4
:102A00004B78002B2FD00A78314B8A189278D2005D
:102A1000D05809F0EBFEC1B2062908D9260092363B
:102A2000307802310130C9B204F0C4F93170F8F7DE
:102A30009FFC562806D0220094321378002B14D025
:102A4000013B13706B78002B0AD100F0DFFD05000D
:102A5000204B1D40184203D12000FFF79FFE257038
:102A60002000FFF737FF012076BD2300933319784C
:102A700048424841187008230029E2D1023BE0E7B0
:102A800049780029EFD02078013004F093F92170C3
:102A90002300002292331A8008329A70E0E74A78C5
:102AA000002AE0D009784B1E002900D1531E237064
:102AB000EEE70A00002392320B7013800B0008220D
:102AC00094331A70CCE7019800F066FCCCE7C0465E
:102AD0006C720200C0FF010010B5012000F080FB05
:102AE00010BD03B2DA179B1853400214D017121806
:102AF00009B24240C817091841409BB292B282B055
:102B000089B2934213D28B4202D218000B0001000B
:102B1000934202D81800130002000F2050430322F2
:102B20004A430009D2088018C01802B070478A4290
:102B3000F3D210001A000300E7E7FFFF0023C021D3
:102B40000B4A49021360938093719360094A1160A4
:102B5000094A1380094A13805380094A1370094AAD
:102B60001370094A1370094A1360094A13707047B9
:102B70002C1A0020E0010020201A00201C1A00203E
:102B80002A1A0020291A0020281A0020241A0020BE
:102B9000221A0020F7B50C21504D04002E6849423E
:102BA000300004F021F80C210019801928604942F6
:102BB00004F01AF800194011030080333EDA802037
:102BC0004042474CA3685A1CE054062B00D1002217
:102BD000444BA2600225595F434E19808C464349FD
:102BE0000196009100254D5F5D8000231900002AA9
:102BF00028D0013A019EA756765601317E439B1993
:102C00000729F4D13A4A9B10934200DA130080223C
:102C10001202934200DB374B009A37491BB20F3048
:102C20001380364C0A681E280ED9022A01DC0132B4
:102C30000A60032A0ED1023A22700BE07F28C0DD21
:102C40007F20BEE70622D5E7002A01DD013A0A60AF
:102C5000002AF1D02A4A1178FF2901D001311170E0
:102C600000202178814212D0AC4510DA9D420EDD61
:102C700024490878032807D803F00EFF020B172910
:102C800001230B7020490B70002000231370C0B289
:102C9000FEBD01231C4803701378043BDBB20C2BF0
:102CA000F2D802230B700370EEE71378043BDBB21B
:102CB0000C2B0AD8144803780133DBB20370052BC0
:102CC000E2D9032306200B70DFE70123DBE713784B
:102CD000043BDBB20C2BF8D80120D6E7E001002042
:102CE0002C1A00201C1A0020D4720200201A002086
:102CF0000080FFFFFF7F0000241A0020221A00201E
:102D0000281A00202A1A0020291A0020F8B50024C9
:102D10000600250006270023F3569C4205DB281CED
:102D2000042D00D90420C0B2F8BD3B006343F31862
:102D300098885A880004D9881043FFF7D2FE0028EB
:102D400004D04000FFF726FF2D18EDB20134E2E772
:102D50000300012809D002280BD00120002B03D149
:102D6000054B1879C007C00F7047034B187EC0B2DF
:102D7000FAE7014B587EFAE7A01B00200122014B25
:102D80009A717047941A00200122014B5A747047BF
:102D9000941A00200022024B5A749A747047C0465D
:102DA000941A00200122014B1A717047941A0020D6
:102DB0002023024A11680B4313607047941A0020C5
:102DC0000122014B1A747047941A00200122014B12
:102DD0001A757047941A002070B54B7A05000C00E4
:102DE000002B01D1002070BDF8F7D8F9A021E268CE
:102DF000E368821AC31AC900002D09D08A42F1D2B1
:102E00002078BF2B02D90430C0B2ECE70230FBE7D8
:102E1000207865728A4201D2BF2B01D90330F3E7D3
:102E20000130F1E7074B10B5186A07494000C00FA1
:102E3000FFF7D2FF01238340044A11680B4313605C
:102E400010BDC04600600041BC1A0020941A00204A
:102E5000064B10B5186A0649C00FFFF7BDFF0123E6
:102E60008340044A11680B43136010BD00600041A9
:102E7000AC1A0020941A0020074B10B5186A0749B5
:102E80004007C00FFFF7A8FF01238340044A1168E1
:102E90000B43136010BDC04600600041CC1A0020F7
:102EA000941A002010B5F8F779F90400F8F77AF9C8
:102EB0000422064B19680A431A60054A517C4208ED
:102EC000121901381040C840587210BD941A0020E1
:102ED000A01B0020F8B5F8F761F90400F8F762F9D3
:102EE0000F4E104A33780500DB069B0F5B00995E9E
:102EF000042241430C480919F8F716FA00230B4F36
:102F00000B4ABB7133780B485B099B00995805222B
:102F100069430919F8F708FA0123FB74F8BDC046A4
:102F2000A01B0020DC720200B12D0100941A0020C9
:102F3000E472020069310100F8B5F8F72FF90500D5
:102F4000F8F71CF90700F8F72DF906004408F8F720
:102F50002BF97342721E2B402A40A24200D26442D7
:102F60003C22BF06BF0ED21B5643F618A419A54239
:102F700000D12C18641BA04209D32919054C062244
:102F80000548E160F8F7D0F90123E374F8BD24188F
:102F9000F1E7C046941A0020C12D010010B5F8F7E2
:102FA00003F9064C0622E3681B18E360E168044855
:102FB000F8F7BAF90123E37410BDC046941A002053
:102FC000C12D01004B7A70B505000C000020AB420A
:102FD00007D0F8F7E3F8657203002078002D01D0E0
:102FE000E36070BDE2689A1ABF2A02D90330C0B20A
:102FF000F7E7E2689B1A3F2BF8D80130F7E7FFFFAD
:10300000064B10B5186A0649C00FFFF7DBFF012316
:103010008340044A11680B43136010BD00600041F7
:10302000AC1A0020941A0020F0B591B0F8F7A6F879
:103030000027304C0590062078432F4B0AADC0186E
:103040002A002E49F5F72EFF0522E1233C21AA563E
:103050001B015A432B7905984B430021D218F7F7EF
:1030600087F92B7B002B41D083069B0E0093030531
:103070009B0E0193C3038101DB0E0293860E0B0F9F
:103080008002190014360393C30E1A003000049313
:10309000F5F7C6FD6B461B7B08A94B706B461B7C86
:1030A0000E708B706B461B7A07AE0B716B461B79EB
:1030B000C8704B716B461B78320028008B71F5F796
:1030C000BFFE01203C2330560F2158433378C018EF
:1030D00003F08AFD0023E35640B2834200D0207003
:1030E000013701342E2FA6D111B0F0BD81232370FA
:1030F000F6E7C046601A002034630200B8560200AA
:10310000F0B585B0F8F73AF80122124B0005800EB1
:103110004343D341104A934201D8FFF785FF01266C
:1031200004270E4B0E4C0F4D01932369002B09D041
:1031300028689847064205D002AB9F802968A3689B
:1031400003989847019B143404359C42EDD105B097
:10315000F0BDC046EFEEEEEE88888808E474020009
:1031600004730200401B00200122014B9A7170473A
:10317000941A0020074B10B5186A07494000C00F89
:10318000FFF720FF01238340044A11680B431360BB
:1031900010BDC04600600041BC1A0020941A0020F7
:1031A000074B10B5186A07494007C00FFFF70AFF21
:1031B00001238340044A11680B43136010BDC046CD
:1031C00000600041CC1A0020941A0020012010B5A4
:1031D00000214042F0F7B2FBF8F7DAFF10BDFFFF25
:1031E00070B5041E11D0431E050018420DD1FF20FA
:1031F000F7F7F8FF280603F05BFE054B21001C746F
:1032000058740448F7F7D8FF70BD01252C00EEE78D
:10321000A01B0020A52E010010B50124044B5C73F7
:10322000F8F794FE0320F8F78DF8024BDC7410BD1C
:10323000A01B0020941A00200022064B10B503208A
:103240005A73F8F77FF80122034BDA74F8F7A6FEF9
:1032500010BDC046A01B0020941A0020F8B5384CC1
:1032600063785B075B0F072B09D063785B075B0F05
:10327000052B21D1637B002B02D0FFF7DDFFF8BDCA
:103280000123637365786078A378A178A678A27823
:1032900040066D06000F12092D0F1B07090736099E
:1032A000120100010C0E3243190F2843D2B2214300
:1032B000C0B2F8F74BFEE2E70125657363785B0760
:1032C0005B0F042B14D10021FF200A00A173F8F733
:1032D0003DFEF7F763FF0400F7F764FF0521414364
:1032E000091903221748F8F71FF8174BDD74C6E7D2
:1032F00063786078A178A678A778A27840065B0604
:10330000000F12091B0F090736073F0912010001C0
:1033100018433A43360E090FD2B23143C0B2F8F720
:1033200015FE63785B07AAD0F7F738FF0600F7F7BA
:1033300039FF63785B071B0F013B58438119D0E7C6
:10334000A01B0020A52D0100941A00200122024B91
:103350001A7358817047C046A01B00200D490B8985
:103360001BB2112B10DC0B891BB2092B0FDD1220B5
:103370000A230A89013212B2904200DD13000122B1
:10338000DBB20A734B81704718201223F1E70A2041
:103390000023EEE7A01B002007B501AB1880C0B2E8
:1033A0000638092808D803F077FB090C070C070733
:1033B0000513071CFFF7D2FF01200EBDFFF74EFFDC
:1033C000FAE70D4B5B785B07F6D1FFF735FFF3E7C4
:1033D0000122094B19891A730932002909D00022E8
:1033E00007E00121044B1A89197312B2112AF6DC85
:1033F00012225A81E0E7C046A01B002070B50D00E4
:103400000400F7F7BBFEA84205D20122024BA4003C
:10341000DA73024BE55070BDA01B0020E01A0020BB
:1034200010B5034B01001889C0B2FFF7E7FF10BDCC
:10343000A01B00200023084A800083501833116825
:10344000002907D1013BDBB204328B42F7D1034A9A
:10345000D37370470123FAE7E01A0020A01B002075
:1034600010B5034B1889C0B2FFF7E4FF10BDC0468A
:10347000A01B0020012210B5024BDA71FFF72AFDD4
:1034800010BDC046941A002010B5FFF7F3FF10BD21
:10349000014B987EC0B27047A01B0020102800D9B5
:1034A0000020014B98767047A01B002070B50C4B94
:1034B00004009A7C08008A4209D899741A7AD5B215
:1034C000002A05D0074A146001225A71DA7170BDD2
:1034D000FFF73EFC290002002000F8F7FBFBF6E7AF
:1034E000941A0020901A00200A00F02110B5084C10
:1034F000C90020707F208A4203D20F21100003F000
:10350000E9FA002160702000A170FFF7CFFF10BD25
:10351000571A002010B5074B9B7EDAB2102B00D94A
:103520000022054BD2009B1801215868FFF7BEFF0F
:1035300010BDC046A01B0020C06F020010B50221C4
:103540000148FFF7B3FF10BDE6010020F8B5021CEB
:10355000142819D91422114C09232000104D52B2FD
:1035600000260127AE57EF574B2E12D14EB2013B2A
:10357000DBB22670677002350234002BF0D10221D5
:103580008374FFF793FFF8BDC3B2002BE3D1012290
:10359000E1E7002EEBDA1700E9E7C046441A002005
:1035A000E6010020E12110B5064B89001B560400FE
:1035B000080058437F3304D106226243024BD056A1
:1035C000484310BD601A00203463020010B5034B5D
:1035D000D8788006800EFFF7E5FF10BDA01B002005
:1035E000024BD8788006800E7047C046A01B002092
:1035F0003F21034A0840D3788B430343D37070477D
:10360000A01B002010B5F7F7B9FD10BD70B5F7F796
:10361000A7FD074C05002368834207D02060FFF711
:10362000D5FF01002800F6F721FE6060606870BDDC
:103630003C1A002010B5F7F77FFDFFF77DFCFFF780
:10364000F3FC10BD10B50400FFF7C0FF010020001F
:10365000F6F7F4FDFFF7EEFF10BDFFFF024B187801
:103660004007C00F7047C046A01B00200121044A3C
:1036700008401378033180008B4303431370704775
:10368000A01B0020024B1879C007C00F7047C0462E
:10369000A01B0020030001215A1E9341024A107909
:1036A0008843184310717047A01B0020014B187EFF
:1036B000C0B27047A01B0020014B18767047C0466F
:1036C000A01B0020014B587EC0B27047A01B0020F9
:1036D000014B58767047C046A01B0020024BD8789B
:1036E0004006C00F7047C046A01B0020013843426F
:1036F00058414021034A8001D3788B430343D37060
:103700007047C046A01B0020014BD878C009704705
:10371000A01B00207F21034AC001D3780B40034344
:10372000D3707047A01B0020024B1878C006800F92
:103730007047C046A01B0020032108408840034A70
:10374000153113788B43034313707047A01B00207F
:10375000014B187840097047A01B002007231F2148
:10376000034A034010785B0108401843107070470B
:10377000A01B0020074B82B058789A789B784006AF
:103780001207120E000F1B0910431B02184302B050
:103790007047C046A01B002073B50F242500782673
:1037A0000B4B05405A78ED00B2432A435A709A7881
:1037B00001A9088000092040A24302439A70497879
:1037C0009A780907090E22400A439A7073BDC046D1
:1037D000A01B0020024B58784007400F7047C0469E
:1037E000A01B00200721034A084053788B43034362
:1037F00053707047A01B002013B508226946064885
:10380000F5F784F80549009B0A689A4203D008221C
:103810000148F5F7ABF813BDB35F0200A01B002011
:10382000014BD87CC0B27047A01B0020014BD8745C
:103830007047C046A01B002010B5114B5B7DDCB269
:10384000002B1BD00021202308000C22F6F7F2FFEA
:10385000022210001100F6F7FDFF0120F6F744FFE9
:103860000720F6F700FF0020F6F70DFFF6F790FFB0
:103870000320EEF71DFD4820F6F7FBFF200010BDEA
:10388000A01B002070B50C4C637DDDB2002B11D065
:103890000020F6F729FFA07DC0B2F6F7E4FE002075
:1038A000F6F7F1FEF6F782FF00231A001900180060
:1038B000F6F7C0FF280070BDA01B002070B5084DB2
:1038C00004006B7DDEB2002B05D0AB7D834204D0BB
:1038D000F6F7C9FEAC75300070BD0026FBE7C046A8
:1038E000A01B002010B5134B1A7D002A08D0F5F755
:1038F000F3FFF6F745F8041CF6F71CF8201C10BD82
:103900005B7D934213D0F6F7A8FE00B2001104F0DD
:10391000CBFA06F00FFB0022074B05F099FB0022C3
:10392000064B04F04BFB06F04BFB041CE6E79F2420
:10393000E405E3E7A01B00200000B03F0000394091
:1039400070B5134D6B7DDCB2002B1FD0EB7E002BCE
:1039500001D000281AD00220F6F785FE0020F6F7E5
:1039600092FE0020F6F79FFE0120F6F7ADFEF6F777
:10397000CBFE0120F6F7B8FEFFF7E0F801230022A6
:10398000EB76044B1A60044B64321A70200070BD51
:10399000A01B00205C1A0020E501002070B5050086
:1039A0000E000024AC4201D1002070BD3000FFF7B2
:1039B000C7FF0028F9D10A300134EEF779FCF1E7AE
:1039C000014BD87EC0B27047A01B0020024B187775
:1039D000002800D15B7F7047A01B0020014B587767
:1039E0007047C046A01B0020014B18687047C046B6
:1039F0005C1A0020002210B5044B1A60044BDB7ED9
:103A0000934201D0FFF79AF810BDC0465C1A00201F
:103A1000A01B00207047FFFF014B587DC0B27047CC
:103A2000A01B00200020704700207047F7B520251C
:103A3000F7F754FAF4F7D6FE0223624E624CF567AC
:103A40002278642013432370042322789A4322703F
:103A50005E4A1560227813432370EEF729FC5C4B15
:103A60001B682B4201D0F7F721FBF5670625237869
:103A70002022AB432370574C0021200008F056FC55
:103A80000B2100220120544B1976991C1A601A71DF
:103A90001A74DA609A71DA715A711A751A725A7454
:103AA0009A74CA77591CC8774C495A62D96119006F
:103AB00028310D70190031310A70190030310A7047
:103AC00047490F30D9621900383108701900413167
:103AD0005A630A705A641A00022140321170414A36
:103AE000DA63F5F795FE404F20753800F4F7CAFE0B
:103AF000002835D06D4603262B781E4230D108228F
:103B000069463800F4F702FF2B781E4228D1009B4B
:103B10002360F7F733FB00280BD1F7F749FB0500CB
:103B2000FFF754FD002201002800F6F721FCF7F70B
:103B300010FB2E492E48F8F72DF8FFF775FAE37DB4
:103B4000002B01D12033E375012323766376002314
:103B500063730233A374FFF7BDF9FFF7EDF9F7BD07
:103B600003222378182093432370E3783D32934354
:103B7000E3703F23E1789943373B0B437821E370AF
:103B800063788B436370A37869390B43A370A37880
:103B90000B40A370042321780B4323700123217968
:103BA00099432171217881432170217807300140A8
:103BB0000A430721227062788A4313436370FFF738
:103BC0001BFEA6E708600041C5600041946000410B
:103BD000A0600041A01B0020941A0020512E01007B
:103BE000252E0100792E0100B35F0200952D010002
:103BF000892D01007047FFFFF7B5504C0021206868
:103C0000F7F75EF84E4D2B78002B0BD06022002189
:103C10004C4808F08BFB602200214B4808F086FBE3
:103C200000232B70F7F7AAFB484F3B7A002B77D184
:103C30000220F7F719F8F7F781F803221F2044490B
:103C4000F7F78CF803221E204249F7F787F8032282
:103C500002204149F7F782F8404D2B78002B64D1C0
:103C6000F7F7CEF8F6F7C4FC00285AD001236375A5
:103C700001232B70637D002B2FD00020F6F703FD6E
:103C80000020F6F710FD0020F6F72EFDF6F7A7FD51
:103C90000020F6F719FDF6F795FDE07DC0B2F6F7C6
:103CA000ABFD0320F6F7B7FDC020F6F7E9FD0122D2
:103CB00002212B4BDA672B4B187801430420197033
:103CC0001978814319701F302749F7F747F8F6F73D
:103CD000DEFDA07DC0B2F6F7C6FC0120FFF780FA3A
:103CE00000251426174BA9000093C91833006B4315
:103CF0001E4AE8B2D358013501929847182DF1D1E8
:103D00002289238912B25643019A00991BB29B0063
:103D1000961972685858904702233A6813433B60DB
:103D2000F7BD6075F7F78EF8A2E7637D002BA1D091
:103D3000F7F766F8F6F75CFC9CE7C046A01B00208E
:103D4000E4010020401B0020E01A0020941A00200B
:103D50000130010075310100A1310100381A002045
:103D600008600041C0600041CD2D010004730200D5
:103D7000F0B5CE4BBBB01B89CD4D1BB203930023D6
:103D80002C682B606B7ADBB201932B79002B08D067
:103D90002B0031331B78DAB2002B02D12A71FFF7E6
:103DA0004BFA2B7D002B14D000262E75F6F77CFDE8
:103DB0000500030704D58026BE4807F0ABFF360494
:103DC0006D0705D58023BC48DB031E4307F0A2FF27
:103DD0003443BA4B06AA61CB61C2110061CB61C109
:103DE000002601270296049605963A0006ABF55880
:103DF0002B789A4014420DD0E9682A7A40316868DD
:103E0000F7F792FAAA4A09A9936C71588B43936405
:103E1000012305933A002B7802339A40144207D0CD
:103E2000E9682A7A6868C031F7F77EFA01230293BD
:103E30003A002B7804339A40144209D0A023E96851
:103E4000DB00C9182A7A6868F7F76EFA0123029333
:103E500039002B785A1C91400A00390003339940ED
:103E60000B0013431C4204D0287AF7F76BFA0123A6
:103E7000049304360C2EB8D1059B002B00D047E1EB
:103E8000029B002B02D1049B002B04D0FFF722F8E9
:103E90000122874BDA7404231C4263D0019B002B60
:103EA00060D1824BDB7B002B2BD0F7F767F9844B7B
:103EB000844E0293844B854F019D05900493336893
:103EC000002B11D0059A93420CD8002304223360B2
:103ED00006AB9A81029ABB681168099898473368C3
:103EE000002B01D00135EDB2029B0436043302935E
:103EF000049B1437B342E2D1002D00D012E16B4B8A
:103F0000DD736A4DEB7E002B10D02B7C012B0DD185
:103F10006F4B09A81978F6F705FC002806D009A808
:103F2000FEF7F4FE6B4A13681B1813606B7B002BC3
:103F300018D06B785B075B0F042B13D1AB7B03218D
:103F40000133AB73A87BC0B202F04AFEC9B20129AB
:103F500000D1EAE0022900D1EBE00022FF201100AD
:103F6000F7F7F4FF202322001A4002921C4200D0EF
:103F70009C434F4B9D6C9B6C25409C43260000242A
:103F8000002D00D0D9E00127002E00D0E5E0484CFC
:103F9000237CB34204D02674FFF700F8FFF7B0F893
:103FA000029B424D002B15D02B89002B12D01422DE
:103FB0000523039906A84A430370444B40499B18C4
:103FC0009A682B891BB29B005958019B4370069835
:103FD000904707402B7B002B3DD014212889384B7C
:103FE00000B241432A890193384B12B25B18019900
:103FF00092005058DB6898476B892B812E89F7F720
:1040000047FB0120FFF7ECF82B7836B25B0707D5AA
:104010006B894B20002B00D00C383221FFF764FA5B
:104020001422564329492B898E191BB201999B00F2
:10403000C85872689047012306AA938100232B7306
:104040002B8901991BB29B00C958B2680998904707
:10405000214B0740A364A379002B42D0637CDAB2E2
:10406000002B3ED101260420A2712672F7F76AF9CF
:104070000520F7F767F9320002201849E674142783
:10408000F6F74CFD0236237A002B07D0E379DAB23B
:10409000002B00D17CE00023E3712372FFF7ACFD1D
:1040A0006379002B00D098E01AE0C046A01B0020E6
:1040B000941A0020C05F0200CD5F02001847020082
:1040C000401B0020E01A0020401B00200473020067
:1040D000E50100205C1A0020C0FF1F0089340100A8
:1040E0000027E37C002B03D00023E374F7F786F866
:1040F000F0F708FC002801D0F4F7FEFEF0F702FC10
:10410000002802D0FFF762F8002738003BB0F0BD6E
:10411000F7F7C2FD384B5B7B002B00D1B6E6FFF70B
:104120009DF8B3E6FEF7D6FEEBE60022FF21100075
:1041300016E70021FF22080012E7280002F0D6FE51
:104140000700019A241806AB1C705A7006980137B4
:10415000FFF722F9FD40013412E7300002F0C6FEFD
:1041600014220399254B4A439B182D189A68441C26
:10417000214B06A805701B8921491BB29B00595889
:10418000019BE64043700698904701350740FBE6E7
:10419000237C002B04D02274FEF700FFFEF7B0FF53
:1041A00006AB9E812889298900B27843134B144AB3
:1041B00009B21B1889009B68895809989847E379C8
:1041C000DAB2002B00D066E7E37C002B02D0E27469
:1041D000F7F714F8F6F78AFD55E700266671A07C1C
:1041E000084DC0B22F68FEF7B3FD07490200380042
:1041F000F7F770FD2E6073E7A01B00200473020028
:10420000401B0020901A00207D2D0100F8B504000D
:104210000D0000F055F8220006000F002B002000D2
:10422000290005F0D7FD002812D12000290000F058
:1042300023FD0022084B02F0EDFD002808D008F015
:10424000DDF921230360054801F0DCF906000F00C9
:1042500030003900F8BDC0460000F03FF0740200A5
:1042600010B500F027FA10BDF0B583B006000F00BE
:1042700014001D0000F05EFF2200009001912B0051
:104280003000390005F0A6FD002807D100220023E8
:104290002000290002F0A4FD002803D10098019914
:1042A00003B0F0BD08F0AAF9212300220360002327
:1042B0001000190004F096FA00900191EEE7C04654
:1042C000F0B5DD4A4B0004000D0085B05B08934259
:1042D0000BD9DA4A9B18034300D0AFE0002900DC79
:1042E000B5E00020002105B0F0BDD54A934206D8C4
:1042F000D44A934200D9ADE0D348D449F3E700292A
:1043000000DA1AE102000B000020D14905F058F94B
:104310000022D04B04F09CFE04000D0000F0F6FCDF
:1043200000900191009A019B00221F0016002000BE
:104330002900C94AC94B04F08BFEC94AC94B03F096
:104340003DFE22002B0004F083FEC74AC74B05F058
:1043500037F922002B0004F07BFEC54AC54B03F061
:104360002DFE22002B0004F073FEC34AC34B05F060
:1043700027F922002B0004F06BFEC14AC14B03F069
:104380001DFE22002B0004F063FEBF4A0290039141
:10439000BE4B2000290004F05BFEBD4ABD4B05F07A
:1043A0000FF922002B0004F053FEBB4ABB4B03F075
:1043B00005FE22002B0004F04BFEB94AB94B05F074
:1043C000FFF822002B0004F043FE0022A04B03F074
:1043D000F5FD02000B000298039904F003FA009A1D
:1043E000019B04F035FE3200029003913B00300047
:1043F000390004F02DFE02000B002000290005F01A
:10440000DFF8320004000D00009801993B0003F032
:10441000D5FD02000B002000290004F0E3F90200A2
:104420000B000298039903F0C9FD32003B0003F032
:10443000C5FD02000B0003F0C1FD54E702000B00B4
:1044400005F0BEF802000B0004F0CCF94BE77E4803
:10445000954948E702000B0004F0FAFD06000F0042
:104460007D4A7E4B04F0F4FD7D4A7E4B03F0A6FDB1
:1044700032003B0004F0ECFD7B4A7C4B05F0A0F8D9
:1044800032003B0004F0E4FD794A7A4B03F096FDDC
:1044900032003B0004F0DCFD774A784B05F090F8E1
:1044A00032003B0004F0D4FD754A764B03F086FDE4
:1044B00032003B0004F0CCFD734A00900191734B35
:1044C0003000390004F0C4FD714A724B05F078F8F1
:1044D00032003B0004F0BCFD6F4A704B03F06EFDF0
:1044E00032003B0004F0B4FD6D4A6E4B05F068F8F5
:1044F00032003B0004F0ACFD0022554B03F05EFDA2
:1045000002000B000098019904F06CF922002B00C6
:1045100004F09EFD02000B006448654905F050F868
:1045200002000B002000290005F04AF802000B00F1
:104530004548464905F044F8D5E60022444B03F0CF
:104540003DFD0022434B04F083FD04000D00424A70
:10455000424B04F07DFD424A424B03F02FFD220006
:104560002B0004F075FD404A404B05F029F822006D
:104570002B0004F06DFD3E4A3E4B03F01FFD220070
:104580002B0004F065FD3C4A3C4B05F019F8220075
:104590002B0004F05DFD3A4A3A4B03F00FFD220078
:1045A0002B0004F055FD384A00900191374B200054
:1045B000290004F04DFD364A364B05F001F8220083
:1045C0002B0004F045FD344A344B03F0F7FC220085
:1045D0002B0004F03DFD324A324B04F0F1FF220083
:1045E0002B0004F035FD0022194B03F0E7FC060018
:1045F0000F002000290000F089FB04000D00009846
:10460000019932003B0004F0EDF822002B0004F089
:104610001FFD264A264B04F0D3FF22002B0003F097
:10462000CDFC02000B0003F0C9FC02000B000648A1
:104630001D4904F0C5FF56E6FFFFEF3F000010C024
:10464000FFFFDF3F0000603C182D4454FB21F93F81
:104650000000F03F0000E03F09F7FD0DE13D023FA3
:1046600088B20175E0EF493F3B8F68B52882A43FCF
:104670005544880E55C1C93F7D6FEB0312D6D43F18
:10468000555555555555C53F82922EB1C5B8B33FC6
:1046900059018D1B6C06E63FC88A599CE52A0040EB
:1046A0004B2D8A1C273A0340FB210940075C143339
:1046B00026A6913CF8B51400CE4647465A001D0088
:1046C00063422343484E5208DB0F80B51343B34285
:1046D00037D84B005B089C46674643420343DB0FD9
:1046E00089463B43B3422CD8404BEB18234339D087
:1046F0000223AF173B40CF0F1F43634603432AD02B
:104700001300234331D0B2423DD0B4452DD063468F
:104710009B1A1B153C2B33DC002D3EDA3C333CDA74
:1047200000200021012F4CD0022F3FD0002F0ED0AF
:104730002F4A304B04F044FF2F4A304B04F040FF27
:1047400005E002000B002000290003F037FCC0BC8C
:10475000B946B046F8BD022F0DD0032FF7D1264839
:104760002749F4E700F0B6F8F1E74B462248002B62
:1047700004DB2449EBE720482049E8E72249E6E743
:104780001D482049CEE77B1E94451FD0022B24D81C
:104790001E4ADB00D21803CAD9E722002B0004F01E
:1047A00021F800F069FA00F095F8BBE7104A114BC8
:1047B00004F006FF02000B000F48104904F000FF50
:1047C000C5E7802424060B191900C0E7022B07D87F
:1047D0000F4ADB00D21803CAB9E700200021B6E770
:1047E00005480C49B3E7C0460000F07F000010C048
:1047F000075C143326A6A13C182D4454FB21094024
:10480000FB2109C0FB21F93FFB21F9BFA076020083
:10481000B8760200FB21E93FF8B504000D0000F076
:10482000F7FE220006000F002B002000290005F0F3
:10483000D1FA002815D1002200232000290002F01F
:10484000E9FA00280DD1002200232000290002F0FF
:10485000C7FA002808D007F0D1FE22230026074F10
:10486000036030003900F8BD07F0C8FE2123036063
:10487000034800F0C7FE06000F00F2E70000F0FF5B
:10488000F0740200F8B504000D0000F03FFA2200B9
:1048900006000F002B002000290005F09BFA0028DD
:1048A00007D1002200232000290002F09FFA0028EF
:1048B00002D130003900F8BD07F0A0FE212300220C
:1048C000036000231000190003F08CFF06000F00A6
:1048D000EFE7C046F0B54746CE4680B59E4B4E004A
:1048E00004000D00884683B076089E420CD99B4B8D
:1048F0009E4200D9A1E000D19CE04346984E002B97
:1049000000DCDEE0974FA0E0974B9E4200D9B2E07A
:10491000964B9E4200D89FE001235B4299462200BD
:104920002B002000290004F093FB02000B000090F4
:10493000019104F08DFB06000F008D4A8D4B04F0B1
:1049400087FB8D4A8D4B03F039FB32003B0004F0AE
:104950007FFB8B4A8B4B03F031FB32003B0004F0B2
:1049600077FB894A894B03F029FB32003B0004F0B6
:104970006FFB874A874B03F021FB32003B0004F0BA
:1049800067FB854A854B03F019FB009A019B04F0F5
:104990005FFB834A00900191824B3000390004F0A4
:1049A00057FB814A814B04F00BFE32003B0004F0C0
:1049B0004FFB7F4A7F4B04F003FE32003B0004F0C4
:1049C00047FB7D4A7D4B04F0FBFD32003B0004F0C9
:1049D0003FFB7B4A7B4B04F0F3FD32003B0004F0CD
:1049E00037FB02000B000098019903F0E7FA2B0057
:1049F000220004F02DFB4B46013364D04B46724A33
:104A0000724EDB00F618D3180CCB04F0D9FD22004F
:104A10002B0004F0D5FD0B00020003CE04F0D0FD06
:104A2000434606000F00002B0FDA802109067B1891
:104A30001F000AE0002800D15FE722002B002000C1
:104A4000290003F0BBFA06000F003000390003B064
:104A5000C0BCB946B046F0BD5D4A5E4B03F0AEFA4D
:104A600000225D4B02F0D6F926002F000028ECD181
:104A7000431E994653E700F0FFF8584B04000D0021
:104A80009E4229D8564B9E424FD802000B0003F09D
:104A900095FA0022504B04F093FD802306000F008E
:104AA000002220002900DB0503F088FA0B00020039
:104AB0003900300003F096FE002304000D009946F3
:104AC0002DE7484FC1E702000B002000290004F049
:104AD00077FD06000F00B8E7434B9E421AD800222C
:104AE000424B04F06DFD002206000F00200029005B
:104AF0003E4B04F0ADFA0022374B03F05FFA0B0097
:104B000002003900300003F06DFE022304000D00A6
:104B1000994604E70B0002003549002003F062FECD
:104B2000032304000D009946F9E600222A4B04F005
:104B300047FD002206000F0020002900264B03F04D
:104B40003DFA0B0002003900300003F04BFE012358
:104B500004000D009946E2E6FFFF0F440000F07FDD
:104B6000182D4454FB21F93FFFFFDB3FFFFF1F3EA1
:104B700011DA22E33AAD903FEB0D76244B7BA93F4F
:104B8000513DD0A0660DB13F6E204CC5CD45B73F1D
:104B9000FF8300922449C23F0D5555555555D53FC9
:104BA0002F6C6A2C44B4A2BF9AFDDE522DDEAD3FBD
:104BB0006D9A74AFF2B0B33F711623FEC671BC3F5D
:104BC000C4EB98999999C93FD0760200F07602001B
:104BD0009C7500883CE4377E0000F03FFFFFF23F09
:104BE000FFFFE53FFB21F9BFFF7F03400000F83FD7
:104BF0000000F0BF30B51E4A4B0087B05B089342FF
:104C00001CD91C4A934205D902000B0004F0D8FCC1
:104C100007B030BD02AA00F0ABFE049C059D032343
:104C2000034002980399012B15D0022B0BD0002BC7
:104C300017D122002B0001F0DDFCE9E70022002360
:104C400001F0D8FCE4E722002B0001F0D3FC802324
:104C50001B06C918DCE7009322002B0001F0E4FDDD
:104C6000F5E70123220000932B0001F0DDFDCFE7E3
:104C7000FB21E93FFFFFEF7F49004B081900704718
:104C800030B5204A4B0087B05B0893421ED91E4ABC
:104C9000934205D902000B0004F092FC07B030BD2E
:104CA00002AA00F065FE049C059D032303400298C0
:104CB0000399012B1BD0022B0FD0002B1CD10133E9
:104CC000009322002B0001F0AFFDE7E70023002254
:104CD0000093002301F0A8FDE0E7012322000093E8
:104CE0002B0001F0A1FD80231B06C918D6E7220086
:104CF0002B0001F07FFCD1E722002B0001F07AFCB1
:104D0000F1E7C046FB21E93FFFFFEF7FF0B54546E5
:104D1000DE4657464E46764BE0B51A0004000D00BD
:104D200083B00A409A4200D1C8E00B00020000297B
:104D300000DC83E00C1500D191E06E491B03601884
:104D400080211B0B49031943E40703D4D30F490007
:104D50005918520043109B465000D30F00224900BF
:104D6000914680225B18002716219203BC189C42B2
:104D700002DCA7181B1B9144C40F5B0001391B19EF
:104D8000400052080029F1D10022924680220026DC
:104D9000202412060AE0BB4271D05B00C10FC91883
:104DA000013C0B0040005208002C1AD09119BB4264
:104DB000F1DDB8468E18002903DAF543ED0FA84659
:104DC000B844DB1B814200D9013B47465B00401AD7
:104DD000C10FC918013C92440B0040005208002C3E
:104DE000E4D1014356D0444F444B38687968984623
:104DF0000CCB3D687E6804F0E3FB02000B0028004A
:104E0000310001F0FDFF002844D03868796843463E
:104E100055460CCB013561D030CF03F0CFF80200FE
:104E20000B002000290001F0E1FF5546002858D072
:104E300002356B426B416C0899442DE04F007F08AE
:104E4000074334D0002942D1D10A153B520500292D
:104E5000FAD0802040031C000B00014244D1802581
:104E600000216D035B00080001312B42FAD02025A0
:104E700016006D1AEE408A403343241A5DE77B002A
:104E800081428BD800238E180029A0DAF543ED0F5C
:104E90007F199CE753465C084B46194A5B109B18E8
:104EA0005A461205D1184B46DE072643300003B0A0
:104EB000F0BCBB46B246A946A046F0BD02000B00BE
:104EC00004F0C6F822002B0003F078F8EFE704F0B6
:104ED00077FB02000B0003F085FCE8E7012399440F
:104EE000DAE701356C08D7E701204042241A24E7AD
:104EF0000000F07F01FCFFFF18770200107702002E
:104F00000000E03FF0B54746CE4680B53C4A4B0036
:104F10005B0D83B09E1804000D000F0088460190C1
:104F2000132E24DC002E52DB364B334199460B40C6
:104F3000034317D0344A354B03F040F800220023D6
:104F400001F068FF00280BD0002D04DD80235B03F7
:104F500033415B1998464B4647469F4300230193D4
:104F60003900019803B0C0BCB946B046F0BD332E3D
:104F700008DD8023DB009E42F4D102000B0003F029
:104F80001DF8EFE7224A9B1801225242DA40019BAA
:104F900090461A42E6D01C4A1C4B03F00FF8002240
:104FA000002301F037FF0028DAD0019B002D0ADD35
:104FB000142E07D034210122891B8A409B18019AA4
:104FC0009A4200D96F1C424693430193C8E70E4AA8
:104FD0000E4B02F0F3FF0022002301F01BFF00281C
:104FE000BED0002D06DB270000232F430193B7D04E
:104FF000084FB5E70023802701933F06B0E7C0467E
:1050000001FCFFFFFFFF0F009C7500883CE4377E2A
:10501000EDFBFFFF0000F03FF0B54746CE4680B500
:105020003E4A4B005B0D83B09E1804000D000F003C
:1050300088460190132E24DC002E47DB384B334189
:1050400099460B40034317D0364A374B02F0B6FF60
:105050000022002301F0DEFE00280BD0002D04DA30
:1050600080235B0333415B1998464B4647469F4379
:10507000002301933900019803B0C0BCB946B04683
:10508000F0BD332E08DD8023DB009E42F4D1020008
:105090000B0002F093FFEFE7244A9B1801225242D3
:1050A000DA40019B90461A42E6D01E4A1E4B02F09F
:1050B00085FF0022002301F0ADFE0028DAD0019B1D
:1050C000002D1BDB424693430193D3E7154A164B51
:1050D00002F074FF0022002301F09CFE0028C9D0DA
:1050E000002D03DB002300270193C3E76B005B085F
:1050F000234301930ED180273F06BBE7142E07D030
:1051000034210122891B8A409B18019A9A42D9D9DD
:105110006F1CD7E70023064F0193ABE701FCFFFFAD
:10512000FFFF0F009C7500883CE4377EEDFBFFFF1E
:105130000000F0BFF0B54746CE4680B55F0085B0B1
:105140007F083C000090019111001A000D000291AF
:1051500003920C4351D0019B5C006308BD4C1800C6
:10516000A3424AD84C420C43BB4EE40F3C43B442EA
:1051700043D80099019AD30FDB070C009946B84237
:105180004EDC46DB8D4244D800D11FE1019B1E421C
:1051900059D1002847D10E1E00DC9AE1AF4B9C4646
:1051A00001235B429C447600002EF9DCAA4E039B4F
:1051B0001E4200D0C3E0002F00D02FE1002D00DC04
:1051C0000CE1A64E013E6D00002DFBDCA44DAC456C
:1051D00000DA2AE18021019B49031803000B0143F7
:1051E000A048864200DB0CE19F48029F6346801B7B
:1051F00087409B1B00255A1E4AE0029A039B009899
:10520000019903F025FF02000B0003F0EBFA0A00FE
:1052100001000800110005B0C0BCB946B046F0BDA1
:10522000019B1E420FD18E4BC6029C4601235B425E
:105230009C447600002EB9DD01235B429C4476003D
:10524000002EF3DCB2E7894B03999C46824B06158E
:10525000B4440B422ED1002F00D0DFE0002DB0DC93
:105260008021019B49031B031B0B1943029A039BDB
:10527000D70A55053200794E1432013A08E0013B55
:1052800055D4641BE10F5B0059186400013A54D3F4
:10529000CB1BAC42F3D3002B49DB1900641B214329
:1052A000F0D14A46724BD20FD2009B1818CB19008E
:1052B0002200AEE78020400380466C4B3F15FE186D
:1052C000009A019B1903090B01431000029A039BEA
:1052D0004746801A1A03120B174363469A1BB445BC
:1052E000CBD1AC42AD41CB1B5B19002B01DA2000C6
:1052F0000B001A000243D4D080225203934208DAF2
:1053000080214903C20F5B009B184000013E8B4285
:10531000F8DB534A964245DB564AB618564A3605DC
:1053200099184B4619430E433200010071E7E30F11
:105330004900C9186400013AAAD2601BD1E74B4B5F
:10534000484C3F15FE18A44500DB9BE06346464AE7
:105350000099D21A039B91401F0380233F0B5B03EC
:105360001F43634600249A1B87E763463E4CE11ABD
:10537000009B8B4019003B4B9E4200DBA2E0634642
:10538000029FA41BA7409B1B0024B44500D031E71B
:10539000CB1B00D5C1E000D183E78022002052035F
:1053A0009342ADDB2E4A3549921B8E4200DA80E0F3
:1053B0003349D0407618190013414A46B1401A4388
:1053C000914608434B4601001A0022E74A46284B03
:1053D000120F9B1818CB190022001AE7214CA44584
:1053E00000DA8CE063461E4C2549E41A009B6144B8
:1053F000CB401900009B0500A340A5401C00174EA0
:1054000029431F4B029AF318154DDA40029BAD1B3E
:10541000AF40AB4017431D00E01A5EE7104EFD029F
:10542000013E6D00002DFBDCD0E60E4B9C459CDB65
:1054300062461349AC1A009A6144CA400500110043
:10544000009AA540A240294314009E4200DACBE610
:10545000D7E7C046FFFFEF7F0000F07FEDFBFFFFC7
:1054600002FCFFFFE3FBFFFFE2FBFFFF01FCFFFF8E
:1054700020770200FF0300000000F0FFEEFBFFFFBB
:105480001E04000063462A4C2A49E41A009B61442A
:10549000CB401900009B0700A340A7401C003943E4
:1054A000039B1F0380233F0B5B031F4363469A1B31
:1054B000E3E621498E4207DBD0401E4AB618B340CE
:1054C00018437FE700249CE71C4A921B13411800F5
:1054D00078E71B4E039B1E4209D01A4B3F15FE185E
:1054E000009B019CD90A5C05174B9C46D8E7164BDC
:1054F0009C46002F92D1002D00DD62E672E76246E5
:105500000E4B00999B1A114A9940029B039C0E4E28
:105510000024DF0A5D056244AFE6002900D1C0E641
:1055200080220B0020005203914200DAE8E639E7BE
:1055300002FCFFFF1E040000E3FBFFFFE2FBFFFF96
:105540000000F07F01FCFFFFEDFBFFFF13040000F4
:10555000F0B5C6460E008C46264B4900490DCC18C6
:10556000050000B5132C17DC002C38DB2249214143
:105570008C46314001430B003100002B09D08022C2
:1055800012032241634692199A43944600236146CE
:10559000180080BCB846F0BD332C09DD80233100F3
:1055A000DB009C42F5D10200330002F007FDF0E77A
:1055B0000120124B4042C918C840030007003100C7
:1055C00028002B42E5D033200121001B81404919DE
:1055D000A94201D2731C9C460B00BB43D7E7F30FD3
:1055E000DB079C4600230134D1D16146044A1143B4
:1055F0008C46CCE701FCFFFFFFFF0F00EDFBFFFF38
:105600000000F03F002001497047C0460000F87FCD
:10561000F0B5C646802200B50B0088B05203914217
:1056200079DA4A005208024300D10EE1002900DA7B
:1056300040E10022B14B03F00BFD3624B04A0B00D1
:10564000644293426BDCAF4D1A1552191219802433
:105650001B031E0BAC4B6403F3182340AB4C5C40A4
:1056600034431B159F1821000022A84B03F0A8FF0C
:10567000B31C1B03B84604000D0000221B0B022BB9
:1056800055DC002301F0ACFB002800D0E4E0A04A88
:10569000A04B2000290003F0DBFC02000B000020DF
:1056A0009D4903F08DFF220006000F002B00200013
:1056B000290003F0CDFC0B0002003900300003F09C
:1056C000C7FC434600900191002B00D1B6E0404654
:1056D00004F0D8FB06000F00904A914B30003900CF
:1056E00003F0B6FC8F4A029003918F4B30003900D3
:1056F00003F0AEFC02000B000098019903F060FF7C
:1057000022002B0003F05CFF02000B0002980399BB
:1057100003F056FF07E07A4A0024934293DD02002B
:105720000B0002F04BFC08B080BCB846F0BD8023F3
:10573000DB0502F043FC02000B002000290003F00F
:1057400051F802900391380004F09CFB06900791F9
:105750000298039902000B0003F07AFC734B0200DD
:105760009C460B00B44467460490059103F070FC1E
:105770006F4A704B0090019103F06AFC6E4A6F4BC8
:1057800002F01CFC009A019B03F062FC6C4A6D4B1A
:1057900002F014FC009A019B03F05AFC6A4A6B4B1E
:1057A00002F00CFC049A059B03F052FC684A04903A
:1057B000059100980199674B03F04AFC664A674BD4
:1057C00002F0FCFB009A019B03F042FC644A654B2B
:1057D00002F0F4FB009A019B03F03AFC0B0002007C
:1057E0000498059902F0EAFB5F4B009001919B1B26
:1057F0003B43002B4ADD0022474B2000290003F0E9
:1058000027FC22002B0003F023FC06000F000200FF
:105810000B00009801990496059702F0CFFB029ABD
:10582000039B03F015FC0B0002004146009201931C
:10583000002947D13000390003F0C2FE02000B00FE
:105840002000290003F0BCFE6DE7002200230020A9
:10585000464902F0C7FF66E7002F4CD0380004F03D
:1058600011FB2E4A2E4B04000D0003F0F1FB2D4AD4
:1058700006000F00200029002B4B03F0E9FB02007B
:105880000B003000390002F099FB4CE7009A019BB5
:105890002000290003F094FE029A039B03F0D8FB3A
:1058A000434600900191002BC8D0069E079F1B4ADB
:1058B0001B4B13E7020003F083FE0022002302F0DB
:1058C00091FF30E7069E079F144A154B30003900C0
:1058D00003F0BEFB134A02900391134B30003900D2
:1058E00003F0B6FB009A019B02F068FB02000B007C
:1058F0000498059902E70020002114E700005043B6
:10590000FFFFEF7F01FCFFFF645F09000000F03F35
:10591000555555555555D53F0000E03F0000E0FE78
:10592000422EE63F763C7935EF39EA3D86EBF9FFCA
:1059300044523EDF12F1C23FDE03CB966446C73FBE
:10594000599322942449D23F935555555555E53FD7
:105950009FC678D0099AC33FAF788E1DC571CC3FE2
:1059600004FA97999999D93F51B80600000050C39D
:10597000F0B54746CE4680B5CA4B4C001500884668
:1059800093B064089C4200D88AE0C74B9C4227D859
:10599000C64A002900DCABE1C54B03F011FEC44B45
:1059A000029003919C4200D18BE0C24AC24B03F0AB
:1059B00007FE02000B0006000F000298039903F097
:1059C000FFFDBC4ABC4B03F0FBFD2E606F6001265F
:1059D000A860E960300013B0C0BCB946B046F0BD65
:1059E000B64B9C4200D886E0B54B9C4260D8010083
:1059F0000A00B44B2015C0180105631A190081462E
:105A0000100016001F0004F005FA04F03BFA020033
:105A10000B00300039000C920D9303F0D1FD0022F1
:105A2000A94B03F015FB0F00060004F0F3F904F096
:105A300029FA02000B00300039000E920F9303F098
:105A4000BFFD0022A04B03F003FB03241090119133
:105A50000CAF00223869796900232600083F013C19
:105A600001F0BEF90028F4D1984B4A460193022375
:105A7000290000930CA8330000F07EF9434606008D
:105A8000002BA7DA802069682A6800060B18E968ED
:105A90002A606B60AA680B18AA60EB60764299E7EF
:105AA00010605160002300220026AA60EB6091E79D
:105AB00002000B0003F084FD0026A860E96003C526
:105AC00088E7D322029803997B4B520503F078FDB7
:105AD0007F4A804B0290039103F072FD02000B009D
:105AE00006000F000298039903F06AFD784A794B8B
:105AF00003F066FD69E7FFF7BFF8774A774B02903E
:105B0000039103F0A5FA0022754B02F057FA04F056
:105B100081F9060004F0B6F9644A654B06900791D6
:105B200003F096FA02000B000298039903F048FD77
:105B3000604A02900391069807995F4B03F088FA38
:105B400002000B00029803990892099303F038FDB4
:105B5000049005911F2E0ADC624B721E9200D358EE
:105B6000A34204D0049B059C2B606C6044E0059B21
:105B700024155B005B0DE31A102BF3DD06980799E3
:105B8000D3224D4B520503F063FA02000B0002983A
:105B900003990492059303F013FD0A00010013001A
:105BA0000A910B9202000298039903F009FD049AEE
:105BB000059B03F005FD464A02900391069807995C
:105BC000444B03F045FA029A039B03F0F9FC0B00E7
:105BD00002000A980B990892099303F0F1FC4B001C
:105BE0005B0D04900591E41A312C21DC0A9B0B9C7F
:105BF0002860696002930394049A059B02980399B4
:105C000003F0DEFC089A099B03F0DAFC4346A86027
:105C1000E960002B00DBDDE68022049B12062B608E
:105C2000059BA8609B186B608B18EB607642D1E6F1
:105C3000B82206980799274B920503F009FA03004A
:105C40000C000200049305940B000A980B9903F0D2
:105C5000B7FC03000C000200029303940B000A98A7
:105C60000B9903F0ADFC049A059B03F0A9FC1E4AB6
:105C700004900591069807991C4B03F0E9F9049AE2
:105C8000059B03F09DFC0B0002000298039908920B
:105C9000099303F095FC03000C00049305942B601A
:105CA0006C60A9E7FB21E93F7BD90240000040542A
:105CB000FB21F93F3163621A61B4D03DFB213941C8
:105CC000FFFFEF7FEAFBFFFF00007041B0770200AB
:105CD0007370032E8A19A33B83C8C96D305FE43FFC
:105CE0000000E03F30770200C14920259A837B39CC
:105CF0001C4B02F063F91B4B029003919C4216D09F
:105D0000194A1A4B02F05AF902000B0006000F0064
:105D10000298039903F054FC134A144B02F04EF915
:105D20002E606F600126A860E960764252E6D322B9
:105D3000029803990D4B520502F040F90C4A0D4BA5
:105D40000290039102F03AF902000B0006000F00E6
:105D50000298039903F034FC054A064B02F02EF931
:105D6000DEE7C046FB21F93F3163621A61B4D03DE2
:105D70007370032E8A19A33BF0B55746DE464E4694
:105D80004546E0B5C94CA5440D9119001400A49AEC
:105D90000A93C74B9200D2584B1E03932300A59F32
:105DA00005900792143300DAA8E21821E01E00F0F3
:105DB0001BFF431C9A009B1A0290DB00E31806931A
:105DC000039A079B9E1816D4029B039A01369C1ACD
:105DD00022AD361907E0A300F85804F053F8013457
:105DE00003C5B44207D0002CF5DA002000210134AD
:105DF00003C5B442F7D1079B002B00DAB0E372ABC6
:105E0000079A0A999A460893039B52189B46009258
:105E1000002B00DAB5E30A9BA597DE0020AB99467C
:105E2000059BB14498460496B0444E460024002594
:105E3000059F3268736803CF03F00AF902000B0074
:105E40002000290002F0BAF8083E04000D00474582
:105E5000EFD1534630C39A4608239944073B9B44ED
:105E6000009B9B45E1D1A59F049E04210EA84942B9
:105E700009188C46079A93009C4461460C910821AE
:105E8000494209185B180B93029B02929B00FB1876
:105E90000493059B9B46B344029C089AE1001300BF
:105EA000884643440991C0CB002C2FDD70AB984449
:105EB0000EAB994608235B42D218924600227D4BD6
:105EC0003000390003F0C4F803F0A4FF03F0DAFF58
:105ED0000022794B04000D0003F0BAF802000B0019
:105EE0003000390003F06CFB03F094FF4B4601C314
:105EF0009946434620000CCB290002F05FF80823A6
:105F00005B42984406000F00C245D7D1069B300083
:105F10001A003900994600F031FDFF2300229B054D
:105F200004000D0003F094F8FFF776F80022634BAD
:105F300003F08EF802000B002000290003F040FB64
:105F400004000D0003F066FF804603F09BFF020093
:105F50000B002000290003F033FB4C4606000F0025
:105F6000002C7DDD029B18205A1E92000EAB9B5820
:105F7000001B19000141884481405B1A0EA98B5017
:105F800017211D00091B0D41002D00DDECE0002351
:105F900000223000390000F023FF029B002800D1CE
:105FA00075E2079A93420CDD002298000C9C0DAB21
:105FB0001B181968043B0A43A342FAD1002A00D0F7
:105FC000E5E0029B0EAA01339946079B013B9B002B
:105FD000D358002B00D0D7E001220B9B1968043B5B
:105FE00001320029FAD00299531800930A9A029BB1
:105FF0009B18DB00984622AA099B9044089AD31864
:106000009A464B46049A9B00D05803F03BFF434608
:1060100003C3039B002B20DB474600240025059E7D
:106020003A687B6803CE03F013F802000B002000EF
:10603000290001F0C3FF083F04000D005E45EFD1C9
:1060400053469C60DD6001239944073398449A4489
:10605000009B9945D5DD02931EE700240025EFE75C
:10606000069B002B66D00022154B00F0DDFE0025BC
:1060700000288CD001239844029B0225002B6ADD66
:106080000E9C0EAB18000021002C08D1029A0131A1
:10609000914222DA5C6804331800002CF6D080228A
:1060A0005204121B0260074812E0C04694FDFFFF35
:1060B000F87802000000703E0000704100002040AF
:1060C0000000E03FFFFFFF005A680433821A1A60A5
:1060D000029A01318A42F7DC0124069B002B0DDD78
:1060E000012B00D100E1022B08D1029B0EA95A1E00
:1060F00092000EAB9B589B029B0A8B50022D00D046
:1061000045E732003B000020A04903F059FA0600A1
:106110000F00002C00D13AE7069A00209B4900F0BE
:106120002DFC02000B003000390003F049FA060094
:106130000F002CE7029B0EAA013B9B00D558ED15E2
:10614000002D00DC23E701239844029B002B97DC01
:10615000022D00D01BE732003B0000208B4903F0EA
:106160002FFA06000F0012E7012188440299002946
:1061700086DC0699012900D117E20229E8D19B02A9
:106180009B0A0EA98B50E3E74B4600932EE7029B38
:10619000069A591E8B000EACE358183A04950291EA
:1061A0000692002B0BD1083B1B19C0180B0001688D
:1061B0000438013B183A0029F9D0029306920020D6
:1061C000069A724900F0DAFB029B04000D00002BD6
:1061D00000DACAE19E000EAAB6180822D900089B70
:1061E00052425F189B18994605910097306803F05A
:1061F00049FE22002B0002F02BFF0022386079605C
:10620000634B2000290002F023FF083F04000D002B
:10621000043EB945EAD14AAB9946039300239B4615
:1062200043460693079B9A465346002B2ADB594B5D
:10623000009F98463B0000244746002500269846CC
:1062400010E041460CC9884603CF02F001FF02006E
:106250000B002000290001F0B1FE013604000D0002
:10626000B24501DB5E45ECDD4B4630C39946009BF1
:10627000083B0093029B9B4507D001239B44534658
:10628000002BD4DA00240025EEE7069B9846A49B59
:10629000022B00DD80E0002B35DC19D1082200251F
:1062A0000026039B059C52421C199B1828003100B4
:1062B0001D0022686368083C01F080FEA542F8D109
:1062C00005000E00049B002B00D044E10D9B60C331
:1062D0004346072018409B239B009D44F0BCBB46CF
:1062E000B246A946A046F0BD029B0EA95A1E9200D6
:1062F0000EAB9B585B025B0A8B50FFE61823002213
:106300005B4202925AE5039A4A9B4B9C94460822B0
:106310005242624400930194002500241700059E18
:106320006644200032687368290001F047FE083E89
:1063300004000D00B742F4D1049B002B00D0F7E01D
:106340000B0002000098019903F03AF90D9B06003A
:1063500030C3029B0F00002B14D001243000390001
:10636000039D08350CCD01F029FE029B0134A342A8
:10637000F8DA049B06000F00002B03D080210906E9
:106380007B181F000D9B9E60DF60A1E70000F03FBF
:106390000000703EB8780200A49B032B98D1029BAA
:1063A000002B00D10FE10821039B059A49429C185C
:1063B0005B189B462668676813005B4499469A46BB
:1063C00006945346300030CB390022002B00009653
:1063D000019701F0F3FD02000B0006000F00200002
:1063E000290003F0EDF8009A019B01F0E7FD534608
:1063F0009860D960C0C308235B429A44D345E0D17A
:10640000029B069C012B00D1DDE030CC4B462000E6
:10641000C0CB290032003B000094019501F0CEFD75
:1064200002000B0004000D003000390003F0C8F832
:10643000009A019B01F0C2FD4B469860D96030C3C1
:1064400008235B429944039B4B45DFD10020002188
:106450004D46059C039B1C192268636801F0AEFD44
:106460002300103B083C9D42F6D14A9E4B9F039B64
:10647000009601979C68DD68049B002B47D10D9B1B
:106480001E605F609C60DD601861596120E79A467C
:10649000069B30005A423900049500F06FFA002242
:1064A000524B06000F0000F0BFFC002824D0504BD8
:1064B00000223000390002F0CBFD03F0ABFC524665
:1064C0000400950003F0DEFC0022484B02F0C0FD02
:1064D00002000B003000390003F072F803F09AFC60
:1064E0000EAA50515246069B01321833029206936F
:1064F00093000EAAD45062E65346300039009C0047
:1065000003F088FC0EAB18515346029357E68023E4
:106510001B069C460D9E009A019B326062466344B6
:106520007360AB18F3608B18B46030617361CFE6B1
:1065300080230D9A1B06CB18106053600B000200DD
:106540000098019903F03CF8029B06000F00002B15
:1065500000D002E712E78021090673181E00B5E695
:1065600072AB08930A9BDE007FE4A49B022B24DC21
:10657000002B2BDCA49B002B00D0A9E600250026D5
:10658000A0E60022002351465846009D441C0A60A4
:106590004B60AC4206D0009C02308A60CB60103168
:1065A000A042F2D10A9BDE005FE45B025B0A0EA907
:1065B0008B50022D00D0EAE4CDE54AAB0393A49BB7
:1065C000032B00D084E6002000214EE7049B4A9E66
:1065D0004B9F002B05D0802300220D991B060CC178
:1065E000CCE6002200230D990CC1CBE600007041DF
:1065F0000000703EF0B5C64600B588B00092019329
:106600004B005A08F92306000F0090469B059A425A
:1066100063D203F0FFFB002800D1DCE032003B0036
:106620003000390002F014FD04000D006B4A6C4B81
:1066300002F00EFD6B4A6C4B01F0C0FC22002B00F7
:1066400002F006FD694A6A4B02F0BAFF22002B00F5
:1066500002F0FEFC674A684B01F0B0FC22002B0000
:1066600002F0F6FC654A664B02F0AAFF22002B00FE
:1066700002F0EEFC634A644B01F0A0FC22002B0008
:1066800002F0E6FC029003910022200029005F4BFB
:1066900002F0DEFC029A039B049005912000290081
:1066A00002F0D6FC009A019B04000D003000390076
:1066B00002F0CEFC02000B002000290002F080FF57
:1066C00002000B000498059902F07AFF02000B000B
:1066D00000204F4902F074FF71E002000B0002F04D
:1066E000B7FC04000D003D4A3D4B02F0B1FC3D4AB1
:1066F0003D4B01F063FC22002B0002F0A9FC3B4A59
:106700003B4B02F05DFF22002B0002F0A1FC394A56
:10671000394B01F053FC22002B0002F099FC374A60
:10672000374B02F04DFF22002B0002F091FC354A5E
:10673000354B01F043FC2B00220002F089FC354B65
:106740000290039198459FD94146334B00229942CC
:1067500039D832480B1800202D490492059302F0D5
:106760002FFF06900791002220002900274B02F0FE
:106770006FFC049A059B02F023FF029A039B04908E
:1067800005912000290002F063FC009A019B04009F
:106790000D003000390002F05BFC02000B0020000D
:1067A000290002F00DFF02000B000498059902F089
:1067B00007FF02000B000698079902F001FF08B0DE
:1067C00080BCB846F0BD164B069207930022154BCD
:1067D00004920593C7E700200D49F0E7D43888BE3E
:1067E000E9FAA8BDC4B1B4BD9EEE213EAD529C8075
:1067F0004F7E923E9015CB19A001FA3E7751C116FB
:106800006CC1563F4C5555555555A53F0000E03FCE
:106810000000F03F3233D33F0000E93F0000E0FFCB
:106820000000E73F0000D23FF0B589B00292039329
:10683000F9224B0004000D005B089205934206D23A
:1068400003F0E8FA290003002000002B48D02200C2
:106850002B002000290002F0FBFB06000F000200C5
:106860000B002000290002F0F3FB374A0090019151
:10687000364B3000390002F0EBFB354A354B02F065
:106880009FFE32003B0002F0E3FB334A334B01F042
:1068900095FB32003B0002F0DBFB314A314B02F04A
:1068A0008FFE32003B0002F0D3FB2F4A2F4B01F04A
:1068B00085FB0B0002000E9904920593002911D16B
:1068C0003000390002F0C4FB294A2A4B02F078FE5E
:1068D000009A019B02F0BCFB22002B0001F06EFB32
:1068E00009B0F0BD002202980399234B02F0B0FBDF
:1068F000049A059B069007910098019902F0A8FB65
:1069000002000B000698079902F05AFE32003B0085
:1069100002F09EFB029A039B02F052FE144A06000C
:106920000F0000980199134B02F092FB02000B003C
:106930003000390001F042FB02000B00200029006A
:1069400002F03EFECCE7C0467CD5CF5A3AD9E53DB1
:10695000EB9C2B8AE6E55A3E7DFEB157E31DC73E10
:10696000D561C119A0012A3FA6F810111111813F6C
:10697000495555555555C53F0000E03F4B0070B592
:106980005B0D14000A00002B25D14B005B0803436C
:1069900020D02F4B002202F05BFB2E4B9C4240DBB1
:1069A0000A004B005B0D363B2B4DAC421BDCE41860
:1069B0002A4B9C4217DC002C2DDC2300353335DBC1
:1069C000274B36341A402405144321000022254B5E
:1069D00002F03EFB70BD244DAB42E5D102000B003E
:1069E00001F0ECFAF6E7214C214B25001C000029B0
:1069F00006DB200029001E4A1C4B02F029FBE9E7B8
:106A00001B4B1C4C1A4A25001C0029002000174B68
:106A100002F01EFBDEE7124B24051340234319004E
:106A2000D8E7154A154B02F013FBD3E7134C124B72
:106A300025001C00002906DB200029000E4A0F4B10
:106A400002F006FBC6E70E4C0B4B25001C00F3E7DB
:106A500000005043B03CFFFF50C30000FE070000A1
:106A6000FFFF0F800000903CFF0700003CE4377EF2
:106A70009C7500883CE437FE59F3F8C21F6EA501EF
:106A80001F6EA58102B471464908490009564900A4
:106A90008E4402BC7047C04602B4714649084900A2
:106AA000095C49008E4402BC7047C04603B471467D
:106AB000490840004900095E49008E4403BC704704
:106AC00003B47146490840004900095A49008E4400
:106AD00003BC7047002243088B4274D303098B42E6
:106AE0005FD3030A8B4244D3030B8B4228D3030C9E
:106AF0008B420DD3FF22090212BA030C8B4202D340
:106B00001212090265D0030B8B4219D300E0090A67
:106B1000C30B8B4201D3CB03C01A5241830B8B4270
:106B200001D38B03C01A5241430B8B4201D34B0359
:106B3000C01A5241030B8B4201D30B03C01A5241BE
:106B4000C30A8B4201D3CB02C01A5241830A8B4243
:106B500001D38B02C01A5241430A8B4201D34B022C
:106B6000C01A5241030A8B4201D30B02C01A524190
:106B7000CDD2C3098B4201D3CB01C01A5241830944
:106B80008B4201D38B01C01A524143098B4201D37E
:106B90004B01C01A524103098B4201D30B01C01AA9
:106BA0005241C3088B4201D3CB00C01A5241830823
:106BB0008B4201D38B00C01A524143088B4201D350
:106BC0004B00C01A5241411A00D2014652411046B0
:106BD0007047FFE701B5002000F0F0F802BDC046A5
:106BE0000029F7D076E7704703460B437FD4002295
:106BF00043088B4274D303098B425FD3030A8B4251
:106C000044D3030B8B4228D3030C8B420DD3FF22BA
:106C1000090212BA030C8B4202D31212090265D088
:106C2000030B8B4219D300E0090AC30B8B4201D33B
:106C3000CB03C01A5241830B8B4201D38B03C01A82
:106C40005241430B8B4201D34B03C01A5241030BF9
:106C50008B4201D30B03C01A5241C30A8B4201D3AA
:106C6000CB02C01A5241830A8B4201D38B02C01A55
:106C70005241430A8B4201D34B02C01A5241030ACC
:106C80008B4201D30B02C01A5241CDD2C3098B42B1
:106C900001D3CB01C01A524183098B4201D38B012E
:106CA000C01A524143098B4201D34B01C01A5241D1
:106CB00003098B4201D30B01C01A5241C3088B4216
:106CC00001D3CB00C01A524183088B4201D38B0001
:106CD000C01A524143088B4201D34B00C01A5241A3
:106CE000411A00D201465241104670475DE0CA0F7A
:106CF00000D04942031000D34042534000229C463A
:106D000003098B422DD3030A8B4212D3FC22890143
:106D100012BA030A8B420CD3890192118B4208D319
:106D2000890192118B4204D389013AD0921100E07B
:106D30008909C3098B4201D3CB01C01A524183098F
:106D40008B4201D38B01C01A524143098B4201D3BC
:106D50004B01C01A524103098B4201D30B01C01AE7
:106D60005241C3088B4201D3CB00C01A5241830861
:106D70008B4201D38B00C01A5241D9D243088B42B7
:106D800001D34B00C01A5241411A00D2014663465A
:106D900052415B10104601D34042002B00D54942BE
:106DA000704763465B1000D3404201B5002000F0FD
:106DB00005F802BD0029F8D016E770477047C046B5
:106DC0008446100062468C461900634600E0C046C7
:106DD0001FB502F0D3F8002801D40021C8421FBD1E
:106DE00010B502F017F84042013010BD10B502F0A6
:106DF000C5F8002801DB002010BD012010BDC046F1
:106E000010B502F0BBF8002801DD002010BD012004
:106E100010BDC04610B502F047F8002801DC002084
:106E200010BD012010BDC04610B502F03DF800288D
:106E300001DA002010BD012010BDC04684460800C4
:106E40006146FFE71FB500F075FD002801D4002161
:106E5000C8421FBD10B500F0F1FC4042013010BD2A
:106E600010B500F067FD002801DB002010BD0120F7
:106E700010BDC04610B500F05DFD002801DD00200A
:106E800010BD012010BDC04610B500F003FD002864
:106E900001DC002010BD012010BDC04610B500F07F
:106EA000F9FC002801DA002010BD012010BDC04609
:106EB0001C2101231B04984201D3000C10391B0A2A
:106EC000984201D3000A08391B09984201D30009EE
:106ED000043902A2105C40187047C0460403020245
:106EE00001010101000000000000000041420840D3
:106EF0001C2101231B04984201D3000C10391B0AEA
:106F0000984201D3000A08391B09984201D30009AD
:106F1000043902A2105C401A7047C0461B1C1D1D9C
:106F20001E1E1E1E1F1F1F1F1F1F1F1F002B11D1E4
:106F3000002A0FD1002900D1002802D00021C94326
:106F4000080007B4024802A14018029003BDC046E1
:106F50006DFEFFFF03B4684601B5029800F064F8C7
:106F6000019B9E4602B00CBC7047C046F0B50F00B6
:106F70001104090C060C050404000800C6462D0C7B
:106F80009C46130C684371435D435E436D18030CCC
:106F90005B1900B5994202D9802149027618000494
:106FA0001D0C000C1B04181863467A435C43AD1992
:106FB000A118491980BCB846F0BDC046094A43082B
:106FC0001340C01A0200084B800818401A401218DB
:106FD00013099B18054A13401802C0180304C0186F
:106FE000000E704755555555333333330F0F0F0F80
:106FF00070B500220B4B04000D00FFF715FF0028B1
:1070000004D12000290002F005FF70BD054B0022CD
:107010002000290002F0D4FA02F0FCFE80231B06B7
:10702000C018F2E70000E041F0B545465746DE469D
:107030004E46E0B504000D0090469A4683B08B4260
:107040002ED82BD05146404603F04AF829000600BE
:10705000200003F045F8331A9946203B31D44246CC
:107060009A409B46170043464A4693401E00AF4253
:1070700037D8AF4200D175E05A46A41BBD41002A63
:1070800000DA72E00123002000219340009001917A
:10709000019301234A469340009326E08242D1D9CE
:1070A00000220023009201930C9B002B00D030C3E0
:1070B0000098019903B0F0BCBB46B246A946A04671
:1070C000F0BD4A469B46202341469B1AD9400B00FF
:1070D000514691404A465F18434693401E00AF42D6
:1070E000C7D9002200230092019349460029DBD032
:1070F000FB079C46720862440E007B080EE0AB4220
:1071000001D1A2420CD8A41A9D41012024196D413D
:107110000021013E24184D41002E06D0AB42EED98D
:10712000013E24196D41002EF8D1009801995A466C
:1071300000196941002A23DB2B004C46D3402A006A
:107140005E46E2401C001500002E29DB1F00B74000
:107150003B0026004F46BE403200801A9941009005
:107160000191A1E7A342BCD886E74A46202300212B
:107170009B1A0022009101920122DA40019288E7D5
:107180004E4620232A009B1B9A402300F3404C4686
:10719000D3182A005E46E2401C001500002ED5DA06
:1071A0004F4620232600DB1BDE40B4461600BE40BF
:1071B00033006344CDE7C046F0B5C64647027B0ABC
:1071C0009C464B025A0A904645004A002D0E120E6C
:1071D000CE0F00B59909C40FBF09AB1AB4424BD00A
:1071E000002B39DD002A00D177E0FF2D00D1C1E06E
:1071F0008022D20411431B2B00DCFFE0013F7A0107
:1072000000D4B1E001277F42BF01BA091600100087
:10721000FFF74EFE330005388340854200DCD5E0A1
:10722000B94F2D1A1F405A0700D178E10F221340A1
:10723000042B00D173E104377B0100D46FE1681C9B
:10724000FE2D00D07DE0FF200022C0051043E407A2
:10725000204380BCB846F0BD002B46D0531B002D08
:1072600073D1002F00D139E1012B00D17EE1FF2B3A
:1072700000D156E1013B6EE0002B00DC85E0002AE6
:1072800051D1002972D05A1E012B00D12CE1FF2BC5
:1072900070D01B2A4CDC130008002022D840D31ADF
:1072A00099400B005A1E93410343FF188023DB04CF
:1072B0001F4200D12CE10135FF2DC4D0934A79083B
:1072C0001140012217400F437A0700D08DE01F4282
:1072D000B5D1FB089C462B002EE0002946D0012B9F
:1072E00067D0FF2B46D0013B85E7FE206A1C104289
:1072F00000D099E0002D00D0E6E0002F00D12FE172
:10730000002919D080257A1AED042A4200D15AE1C9
:107310003400CF1B00D18FE001202F4212D1FB0897
:107320009C46002308E0FF2D24D01B2B00DC9AE0B4
:107330000537FB089C462B0062465202520AD8B21F
:1073400083E7C0B2BA01520A7FE7FF2A00D1E8E022
:107350008020C00407431B2B00DC88E04F1E340054
:107360001500790100D54DE72B000437FA08944643
:10737000FF2BE1D16346002B00D145E18022D203EF
:107380001A435202FF20520A5FE7002B57D0531BCB
:10739000002D78D1002F00D1A1E05D1E012B00D17E
:1073A000A2E0FF2B00D1BDE01B2D00DDC0E02B00D3
:1073B00070E0791A4A0100D4B6E089018D092800ED
:1073C000FFF776FD2B000538834001252022401B66
:1073D0000130121A1F009340C7405A1E93411F43A9
:1073E0002AD000257B0700D108E10F233B40042B66
:1073F00000D020E77B0100D521E76AE708002022C2
:10740000D840D31A99400B005A1E93410343FF1AE8
:107410007B0100D5F8E67B0700D15AE70F233B40FC
:10742000042B00D007E754E77B1A1A005B0158D4FD
:10743000002A00D0EAE600240020002205E7FE2210
:107440006B1C1A4231D1002D77D1002F00D1A6E05C
:10745000002900D1BCE07A18530100D4BAE09201AF
:107460000120520AF1E68022D204114314E73800C9
:107470002024D840E31A9F407B1E9F4107433400DD
:107480001500CF1BC4E7FF2A4CD01B2B50DC8020FB
:10749000C004074338002025D840EB1A9F407B1ECC
:1074A0009F41074315007F1800E7FF2B00D1CAE674
:1074B0007F187F087A0700D190E00F223A40042A13
:1074C00000D18BE0043751E7002F5DD1002900D0B7
:1074D00086E080220024FF20D203B6E634000F00AD
:1074E00044E73400CA1B91E67B185A0100D47EE0C1
:1074F000064F5B081F405A0758D00F221340042B39
:1075000054D00223043731E7FFFFFFFBFFFFFF7D6D
:107510007B0704D00F233B40042B00D08BE62B00CD
:1075200024E73400C44625E7CB089C46012303E743
:107530000531CB089C461300FEE6002FF2D000294F
:1075400036D08023DB039C4502D3984500D2C44645
:1075500080226346D2031A435202FF20520A74E685
:10756000002900D167E73400C446E5E6CB1B5A0189
:1075700024D59B019C092000FFF79AFC23000538C5
:1075800083403400013521E7002911D08023DB033B
:107590009C45DDD39845DBD23400C446D8E70029AA
:1075A00000D149E7CB089C460023C5E6022590E6BA
:1075B00080226346D203FF201A4346E6DB089C463E
:1075C00034000123B8E6002A15D1002400203CE64F
:1075D0000023B1E6D3089C460023ADE61D0078E603
:1075E00080224346D2033400FF201A432DE6DB08F5
:1075F0009C460123A0E6D20894469DE601207B012B
:1076000000D59EE63900CDE7FF201A001DE6C046F2
:10761000F0B54F464646D6464502C0B5C30F4700B3
:1076200099460E1C6D0A3F0E5AD0FF2F21D08023A1
:10763000ED00DB041D43002398469A467F3F740209
:107640007300640A1B0EF60F002B1FD0FF2B42D0D5
:1076500080220020E400D20414437F3B4A46FF1AF4
:10766000434672400F2B00D99CE071499B00CB58D8
:107670009F46002D59D108239846063B74029A462E
:107680007300640A1B0EF60F002BDFD1002C3BD1D8
:1076900001234A464146724019430E2918D86548CD
:1076A000890041588F465346022B00D1B9E0032B85
:1076B0006ED04A462C00012B40D100200024C0058A
:1076C0002043D2071043E0BCBA46B146A846F0BDFD
:1076D000FF200024F3E7002C20D10223FF3FD8E74E
:1076E000002D05D104239846033B00279A46A6E7C0
:1076F0002800FFF7DDFB7627431F9D4000237F42D4
:1077000098469A463F1A9AE72000FFF7D1FB431F9D
:107710009C4076235B421B1A00209FE703234246CE
:107720001A4390460320FC3398E70C239846093B04
:10773000FF279A4683E703282CD0320038007F3099
:10774000002847DD630704D00F232340042B00D01B
:107750000434230103D53800374B80301C40FE2809
:10776000B6DCA401640AC0B2A9E780240022FF208D
:10777000E403A4E78023DB031D4201D01C420BD0AD
:107780008024E4032C4364024A46FF20640A96E7FF
:107790004E462C008023DB031C4364023200FF2092
:1077A000640A8CE76D01600185422ED21B23002400
:1077B000013F0126290064006D00002901DB85429C
:1077C00001D32D1A3443013B002BF3D16B1E9D4195
:1077D0002C43B3E703001A3300DA6EE701232100DC
:1077E0001B1A9E37D940BC400B00611E8C412343BD
:1077F000590704D00F211940042900D0043359013E
:1078000013D49B0100205C0A59E71A2301242D1A86
:10781000CFE7981E43425841404232000024C0B294
:107820004DE74A46FF20002449E70120002446E7AF
:107830000879020048790200FFFFFFF730B54302E4
:107840004200C50F48025B0A440A48009C46120EDB
:10785000000EC90FFF2A11D0FF280CD0012382424D
:107860000AD1A44508D18D4211D0002A04D1634623
:107870005A1E934100E00123180030BD0123FF2868
:10788000FAD162462243F7D12B004B40F4E70023A4
:10789000F2E7C04643025B0A42009C46C30F48021F
:1078A00010B5440A4800120E000EC90FFF2A1AD064
:1078B000FF280BD0002A24D1624600281ED1002CBC
:1078C0002ED0002A32D1480001380BE0002C2AD1FA
:1078D000002A02D16246002AF5D08B421DD0012039
:1078E0005B42184310BD6246002A1CD1FF28F6D126
:1078F000002C18D120008B42F1D1F3E7002AE2D00E
:10790000EBE70028EBD08B42E9D18242E7DC04DBD5
:10791000A445E4D80020A445E4D258000138E1E7AA
:10792000002ADFD0DBE702204042DBE78B42D6D1E2
:10793000EEE7C04643025B0A42009C46C30F480282
:1079400010B5440A4800120E000EC90FFF2A15D0C8
:10795000FF280BD0002A1AD1624600281DD1002C26
:1079600022D0002A32D1480001380FE0002C0CD17F
:10797000002A14D16246002AF5D010E06246002A9F
:1079800003D1FF2805D1002C1CD0022010BD0028F7
:107990000DD101205B421843F8E7002AE3D08B4267
:1079A000F7D158000138F1E7002AEFD0F1E78B4218
:1079B000EFD18242EDDCF4DBA445EAD80020A445F7
:1079C000E4D2EEE720008B42E3D1DFE78B42E0D147
:1079D000F2E7C046F0B5C64647027B0A4A024500B8
:1079E0009C46C40F530A4800984600B52D0EBF09A7
:1079F000000ECE0F9209FF2800D171E001235E40F6
:107A00002B1AB4423CD0002B00DC9CE1002800D1B2
:107A1000A3E0FF2D00D18BE08021C9040A431B2B7A
:107A200000DCFBE0013F7B0100D47BE001277F42CB
:107A3000BF01B9090E000800FFF73AFA3300053814
:107A40008340854200DCD2E0B44F2D1A1F405A0714
:107A500000D1F6E00F221340042B00D1F1E00437EF
:107A60007B0100D4EDE0681CFE2D00D090E0FF20EB
:107A70000022C0051043E407204380BCB846F0BD97
:107A8000002B00DC77E100286FD1002A4CD0591E72
:107A9000012B00D146E1FF2B4AD01B296ADC0B00E9
:107AA00011002020D940C31A9A40531E9A410A431C
:107AB000BF188023DB041F4200D1BBE00135FF2D3E
:107AC000D5D0974A79081140012217400F437A0711
:107AD00000D09AE01F42C6D1FB089C462B004DE027
:107AE0002B00FF3B002A2ED101214E40B44200D191
:107AF000B4E0002B50D0002D00D0EAE0FF23002F8F
:107B000000D1FAE0591E012B00D15CE1FF2B00D11E
:107B10003DE11B2900DC22E1571E340005007B01FA
:107B200000D583E72B000437FA089446FF2B25D1B4
:107B30006346002B9BD080226346D2031A43520235
:107B4000FF20520A95E7B44200D1A4E0002B23D0D5
:107B5000002DD3D0C4463400EDE7002AE4D0012B39
:107B600039D0FF2BE4D0013B59E7FF2DE0D01B2B90
:107B700000DCA6E00537FB089C462B00624652025B
:107B8000520AD8B275E701203A007B0100D43FE1E8
:107B9000C0B2BA01520A6CE7FE216B1C194252D1E5
:107BA000002D00D0ACE0002F00D11AE1002A00D156
:107BB000F4E08021BB1AC9040B4200D13CE101244E
:107BC000D71B3440002F46D001200F42E1D1FB08E3
:107BD0009C460023D2E7BF1A7A0100D4DAE0BD0147
:107BE000A809FFF765F9AB09053883400125202274
:107BF000401B0130121A1F009340C7405A1E934188
:107C00001F4328D000257B07BDD00F233B40042B0A
:107C100000D024E77B0100D525E75DE71100202097
:107C2000D940C31A9A40531E9A410A43BF1A7B0196
:107C300000D5FDE67B0704D00F233B40042B00D08A
:107C40000DE72B0070E7BB1A19005B0162D4002915
:107C500000D0EFE60024002000220AE7002B1CD011
:107C6000002D00D003E7FF23002F47D0591E012B22
:107C700058D0FF2B00D18BE01B2900DD90E00B00DA
:107C800039002025D940EB1A9F407B1E9F410F43AE
:107C90000500BF180DE7002B17D1FE216B1C194200
:107CA0001BD1002D00D080E0002F00D1AEE0002AD3
:107CB00074D0BA18530100D4AAE092010120520AEC
:107CC000D7E68021C9040A43EAE6002DCBD0C4469A
:107CD00031E73400FF200022CBE6FF2B00D1C6E6BF
:107CE000BA185208510705D00F21171D1140042959
:107CF00000D019E7D208944640E73400170013E794
:107D0000002F75D1002A00D09DE080220024FF20A2
:107D1000D203AEE60124D11B34408BE6FFFFFFFB0C
:107D2000FFFFFF7DBB185A0100D494E04D4A5B0869
:107D30001A40590700D192E00F210B40042B6ED05E
:107D40000223171DF0E6002B00D125E7411B0B0095
:107D5000002D00D1D3E68023DB041F43D9E63B008E
:107D60002024CB40611A8F40791E8F411F4334007D
:107D70000500D71B5BE7002B8FD0431B002D00D1E4
:107D800072E71B2B0CDC8021C9040F4378E7340019
:107D9000C446CDE6FB089C460123EFE60023EDE652
:107DA0000532D3089C460300E8E6002FF0D0002AF5
:107DB00037D08023DB039C4500D2BCE6984500D336
:107DC000B9E6C446B7E6D31B5A0130D59B019C09DE
:107DD0002000FFF76DF823000538834034000125AB
:107DE00005E7002A18D001240023C4463440C5E624
:107DF000002A16D08023DB039C4500D29BE69845E1
:107E000000D398E60124C446344094E6002A04D006
:107E1000D3089C460023B1E60024002029E6023B5B
:107E200068E780226346D203FF201A4321E6DB087D
:107E30009C4634000123A1E6002B00D10AE7DB08B1
:107E40009C4600239AE6802243460124D203FF2069
:107E50001A4334400DE6DB089C4601238EE60223DC
:107E600048E7C046FFFFFF7D41024200C30F490AB9
:107E70000020120E7E2A03DD9D2A02DD094A981891
:107E80007047802000040143952A07DC9620821A5F
:107E9000D1404842002BF3D10800F1E7963A9140D7
:107EA000F7E7C046FFFFFF7F70B5002813D0C31768
:107EB000C5185D40C40F2800FEF7FAFF9E2301009D
:107EC0001B1A07280EDD082830D008398D406D02B6
:107ED0006D0AD8B201E000240025C0052843E4075C
:107EE000204370BD042816DD052801D0421F9540AF
:107EF000104A2A4068070AD00F202840042806D0DC
:107F00000432500103D50B4B1A409F235B1A920198
:107F1000550AD8B2E1E7020028001B329040421E09
:107F200090410522521AD5400543E1E76D029620A3
:107F30006D0AD2E7FFFFFFFB10B504000020002C04
:107F40000ED02000FEF7B4FF03009E20C01A072BBE
:107F500009DD082B2CD0083B9C406402640AC0B2A7
:107F6000C005204310BD042B16DD052B01D05A1F80
:107F70009440114A224061070AD00F212140042970
:107F800006D00432510103D59F200B49C01A0A4084
:107F90009201540AC0B2E3E71A0021001B3291405B
:107FA0000A00511E8A410521C91ACC401443E0E75A
:107FB00064029620640AD3E7FFFFFFFBF0B5474653
:107FC000CE4680B583B0009001910E034D0001991B
:107FD0005F00CC0F710A009E6D0D760F0E43009965
:107FE00000920193C8001903019B7F0DDB0F9C4693
:107FF0004B0A0099490F1943009BDB009846EB1B85
:10800000644565D0002B14DD002F00D0AEE00F00DA
:108010004246174300D14DE15A1E012B00D1C9E25F
:10802000AF4FBB4200D121E2382A00DD58E21300F5
:1080300061E1002B00D1A9E07B1B002D00D0D7E12E
:108040003400044300D18AE25C1E012B00D125E3F9
:10805000A34DAB4200D1CFE2382C00DC7FE3424697
:10806000013A9146904592418E1864461D003202B5
:1080700061D501235B4299469A4E3000FEF718FF06
:108080000300083B484620210700CA1AD7409E40FB
:1080900098403A00814632430600AB4200DADDE107
:1080A000581B33000130091A8B40C6405D1EAB419E
:1080B00017008F4033431F43C2403B001600134359
:1080C00000D117E27B0700D05FE1A446380082E0D0
:1080D000002B00DCCCE0002F00D08AE00F004246ED
:1080E000174300D1E6E05F1E012B00D146E27C4A37
:1080F000934200D1BAE1382F00DCE0E2421C914605
:10810000802212041D00164215D01600744B013552
:108110009D421DD0744A012116404A465308114021
:10812000F7070B431F4376085B0709D00F23B946B7
:108130003B40042B04D04B461F1D4F459B41F61A74
:10814000330200D487E0664A0135954200D085E0CD
:108150002B00002600271B053343E4072343380088
:10816000190003B0C0BCB946B046F0BD5C4FBD427B
:1081700000D12EE2382B00DCBAE0431E9842804149
:1081800036189946330200D573E7D4E7574F6B1C76
:108190003B4200D04EE133000F00424603431743F9
:1081A000002D00D0E0E1002B00D119E2002F00D11A
:1081B0001CE2821A9042AD41731A5B191D0200D471
:1081C000E3E24346181A8045924107008E1BB61819
:1081D000374300D1F1E264460700012331008046B5
:1081E00032023DD443464F07DA0817430023CD0837
:1081F000F9E03B4FBD4200D138E1382B00DD53E1BF
:1082000080273F0439431F2B00DD02E22027FA1AA2
:108210000F00944697404246DA401743B9466246FB
:10822000474697403A00D940571EBA414F46761804
:108230003A431318834280419946361A330200D5D7
:1082400064E74A46530700D1BBE20F231340042BD7
:1082500000D070E74F462B00F8082CE06B055B0D53
:10826000214AFF081640720776021743360B72E761
:10827000002B00D194E07B1B002D00D01DE13500C8
:10828000054300D14EE25D1E012B00D13BE2144AB2
:10829000934200D1D0E1382D00DC8CE2424601321D
:1082A0009146802212041D001600114200D02DE7D5
:1082B0000E0040E7C00872071043094AF5089342D0
:1082C00000D08BE107002F4307D0802636032E43D2
:1082D00036030700024B360B3DE70026004B3AE71A
:1082E000FF070000FFFF7F00FFFF7FFFFE0700008A
:1082F00080273F0439431F2B00DDBCE02027FA1AFA
:108300000F00974094463A004746DF403A43914673
:108310004746624697403A00D940571EBA414F46F9
:10832000761A3A43831A98428041994636183302A6
:1083300087D57602760A002E00D09EE64846FEF7E4
:10834000B7FD030018331F2B00DC9BE64A460838B4
:1083500082409D4200DDA1E05B1B581C1F2800DC11
:108360000FE217001F3BDF40202805D040231B1AD7
:108370009A40531E9A411743002F6CD007231900CF
:10838000B84639403B4200D12CE70F233B40042B39
:1083900000D03BE10025033B320200D560E75AE7FD
:1083A000C84F6B1C3B4200D0B3E033000343002DA9
:1083B00000D055E10F0042461743002B00D1C9E120
:1083C000002F00D112E18218824280417618361ABD
:1083D000330200D5E0E1170037433CD00023D20838
:1083E00077071743F5082E035B05360B5B0DB2E6E6
:1083F000B54CA74200D1FFE0382B7EDC802424045A
:1084000026431F2B00DD1DE120253400ED1A02005C
:10841000A840AC40DA40451EA841DE40144320434A
:10842000891B43461B1A98459241994664463D0074
:108430008E187CE74346C71AB946B842BF41731A43
:108440007F42DB1B1F0200D580E04F461E001F430A
:1084500000D070E70024002300267CE69B4EED1A36
:1084600016400200430700D0EFE6F3E67207C008AB
:108470001043F50826E71F000A00203FFA40944603
:10848000202B05D04027FB1A994043460B439846C2
:108490004246531E9A4163461A4343E7EB1A8B4DFB
:1084A00015406F07ED089EE7431C994680231B0487
:1084B0001E4200D13FE61E0028E6834DAF4200D1A8
:1084C000BAE0382B00DC03E14346013399468023B0
:1084D0001B043D001E00194200D017E60E002AE6DC
:1084E000421E90428041361891461D00320200D54E
:1084F000BFE520E6002700262DE64346013B9845D0
:1085000092418E18994664463D00330200D5B0E58D
:1085100011E66D4DAB4200D11BE642468218824205
:1085200080417118091AC8075208104381464E0845
:10853000520700D148E10F221D000240042A00D05A
:10854000F9E5C208770717430D094CE743461B1AA4
:10855000984592418E1B99466446B618EBE6424612
:1085600064460E00D008A6E6002B00D0DEE0002F07
:1085700042D180260024544B3603ECE58318834215
:10858000804175182D1A2A0200D4C5E04F4A5B08B5
:108590001540EA071A4369085B0700D119E10F2368
:1085A0001340042B00D100E1171D9742B64102256C
:1085B0008E1B50E64346C21A90428041761A361806
:1085C0009146330220D4D30877071F43F5080123CF
:1085D00009E7C00873071843F50873E6070002E7C8
:1085E000002F00D136E764460E004046C0087707EA
:1085F00000230743F508F6E643464807DA086446D1
:108600001043CD085EE66446012592E6B946002592
:1086100091E51F000A00203FFA409446202B05D028
:108620004027FB1A994043460B4398464246531E47
:108630009A4163461A43FCE543464807DA0810436B
:10864000CD083FE61C003500203CE540202B03D040
:108650004024E31A9E403043431E98412843E0E6FD
:10866000002BE9D07307C008424618430B00F508F9
:10867000134300D126E680231B031D4206D0CE08FB
:108680001E4203D13500D00849070843430FC000FC
:10869000ED00C0085B071843ED0813E643461B1ABC
:1086A000984592418E1BB618994619003302AAD4F8
:1086B000CB0877071F4364460123F50893E63B0088
:1086C000A1E5C046FE070000FF070000FFFF7FFF97
:1086D00080252D042E431F2B43DC2025EA1A35006C
:1086E000944695400200DA40154362469040DE40D1
:1086F000421E904189192843404440459241814699
:108700003D008E1A9AE50300434443459241751893
:10871000AD1A2A0200D539E76F07DB081F43ED08C1
:10872000012360E642460E00D008C4E5C008730786
:108730001843F508002F00D1C4E580231B031D4218
:10874000A4D0CE081E42A1D1D00849076446350006
:1087500008439BE7002F00D044E50026FBE42300FC
:108760004FE61D003200203DEA409446202B03D006
:108770004025EB1A9E403043431E98416346184300
:10878000BAE720210023091A92E4170010001E0006
:108790001F4300D02AE75DE6114BD2081E40770741
:1087A000760201231743360BD5E4D7084907022385
:1087B0000F432D0917E62B008DE7644600230026A2
:1087C000C9E42B00D00876E57707C20817430D09E6
:1087D00009E6D208490711430F0002232D0902E6DA
:1087E000FFFF7FFFF0B54546DE4657464E46040084
:1087F000E0B50D0089B0009401951F00019B1600A3
:108800001B03190B019A019BD20F5B0080460C00E1
:1088100093465B0D00D1C1E08E4A934234D0009C58
:10882000019DC900620F0A43802109041143E2003F
:108830009046894A00249B189A460023039100938E
:108840003B03190B7A0030008946520DFD0F002AB8
:1088500000D17FE07F4B9A426ED0C900730F0B436B
:1088600080210904194389467B49F3005218514677
:108870008A1A924600215E466E400F2C00D9FBE01A
:10888000764AA400125997460A0000990A430392B7
:1088900000D0B7E09A460223904608240093CFE721
:1088A0002E0000210023002288461B051343F607F3
:1088B00033434046190009B0F0BCBB46B246A94656
:1088C000A046F0BD039B5D469946434600990229A8
:1088D00000D1F5E1032900D1A1E00129E0D05446FF
:1088E0005F4AA4180494002C00DCFAE15A0704D073
:1088F0000F221A40042A00D076E22E00DA084946F8
:10890000CB0107D5574B1940894680215346C900F2
:108910005B180493544B0499994208DC484643077A
:108920001343984642024B05120B5B0DBDE7002135
:1089300000228846474BB8E752460B004B49334369
:1089400052189246002B58D10222144300220221D1
:10895000914690E70B00334349D0002900D19EE1B6
:108960000800FEF7A5FA0B235B429C4602008444F4
:1089700011004846083988401D23814660461B1A6D
:108980003000D840030048460343994633008B40EB
:10899000374952445218924600216CE70A00009968
:1089A0000A4303921CD0002C00D168E12000FEF79E
:1089B0007FFA02000B381D231B1A009811002500B6
:1089C000D84008398D4003002B430393009B8B4014
:1089D0009846284B00249B1A9A46002300932FE7C1
:1089E000002398469A4601330424009328E7012285
:1089F00014430022012191463DE7032303211C4338
:108A0000330038E79A460323039400930C2417E7B6
:108A100000238022984600260E4B120345E7802251
:108A2000494612030A43120398462E00094B120BC3
:108A30003BE7802203991203114202D049461142BA
:108A4000F0D08022039B12031A4312035E46014BAF
:108A5000120B2AE7FF07000001FCFFFF84790200E8
:108A6000FF030000FFFFFFFEFE07000001F8FFFF0D
:108A7000F30300000DFCFFFF0399894500D2F5E0E8
:108A800000D1F0E05246013A924600224446904618
:108A900003984A461F0E120217431B0203933B041E
:108AA000110C1B0C00938B46FEF79AF8009A0B04EE
:108AB0004243210C050019438A4207D9C919013DD7
:108AC0008F4203D88A4201D9851EC919881A59468E
:108AD000FEF786F8009A240442430904240C03009C
:108AE0000C43A24204D9E419013BA74200D8F2E0AA
:108AF0000399A01A2D040C0C09041D43090C2A0C1F
:108B00002B04A9460D001B0C5D43079163435143A1
:108B1000069462435B182C0CE318994202D9802119
:108B200049025218190C2D041B042D0C8A185D19CA
:108B3000904200D284E000D17FE043465D1BAB420F
:108B40009B415446801AC018AD4BE41804948742E8
:108B500000D1FBE05946FEF743F80200009B059068
:108B60005A430B04290C19438A4209D9431EC919D7
:108B700005938F4204D88A4202D9831E0593C919EE
:108B8000881A5946FEF72CF80A04944603002A0472
:108B900065460099120C59432A43914207D9D219CC
:108BA000013B974203D8914201D9831ED219521A30
:108BB00005990798090405000B43190C8C46190404
:108BC000090C4D4388466146AB46654648430699C5
:108BD0004D43AC46454669435D4609182D0C49197D
:108BE000884202D98020400284445D46080C2D044E
:108BF00009042D0C60444D19824211D30DD001227D
:108C00001343804A92456DDB1A1D9A429B41D2085C
:108C10005B42CC469C44E14671E6002D00D193E0D6
:108C2000591EBA188C46BA4200D285E0824200D260
:108C3000C4E000D1D1E00B00E1E7A84500D37CE718
:108C40004B46013B04934346039C1B199846A342A1
:108C50009B41FB1AC018874238D282427DD87AD015
:108C6000049B994669E7434500D90BE74146039ABF
:108C7000D40750084A081443CA07904609E7FEF78C
:108C800017F902000300153020321C2800DC92E6A0
:108C90000099083B994000230391984699E6FEF716
:108CA00007F915239C4684440200634620321C2B9E
:108CB00000DC5DE63100083881400023894667E624
:108CC00000212E00002288464F4BEEE58742C7D197
:108CD0004445C5D8C1E7A24200D809E7831EE4197C
:108CE00006E72E002200373200DADAE522001E32D3
:108CF0003FDB4D46012250464449121B40181C00E0
:108D0000290083408140D440581E8341D5402143EF
:108D10000B432A00590708D00F211940042904D019
:108D2000191D99429B41EA1A0B00110263D50021DB
:108D3000012300228846B8E50B00824200D05EE79E
:108D4000039A954200D05AE73500CBE5002C41DD6F
:108D5000002201235DE7454582D94B46023B9946F7
:108D6000434603995B1898468B429B41FB1AC018F7
:108D7000E3E648461F2201005242121BD1401F3435
:108D800004D05246224C1219904003435A1E93417C
:108D900007200B43010000221940184209D00F217F
:108DA000194004291ED0181D9842894103004942E8
:108DB0004907DB080B439846002376E50399023BFD
:108DC00049008C4603998C458941791A52186146AD
:108DD0000391B2E701235B4284E70399A942EDD3F3
:108DE0006346ADE70021E4E71A1D9A429B412E003D
:108DF0005B42D2080DE751075202120BD9E7C04679
:108E0000FF03000002FCFFFFFF0700001E0400003C
:108E10003E040000F0B54546DE4657464E460C037C
:108E2000E0B51F00230B4C009846630D9C463C03A5
:108E3000CB0F1C4D16009B4683B0220BFB0F7C0012
:108E4000640D0193AC450FD0AC420BD079400125A5
:108E5000490017D0280003B0F0BCBB46B246A94673
:108E6000A046F0BD0125F5E701256445F2D1434652
:108E7000134333430343EDD15B46019A9D1A6B1EA6
:108E80009D41E7E78642E5D1019A934507D08C459D
:108E9000E0D142463243531E9A411500DAE70025DD
:108EA000D8E7C046FF070000F0B557464E46454696
:108EB000DE46E0B50D000903090BDF0F8C46B9460D
:108EC000E90F2D4F0400834688466E0019035800B1
:108ED0009246760D090B400DBE421CD0B8420DD013
:108EE000002E2AD166463443002823D10A4334D0C9
:108EF000002C3ED14B465800013815E0114335D1C6
:108F0000002E02D163462343F4D0C84508D143461E
:108F10005800013808E06746274327D1B0421FD0E8
:108F2000434601205B421843F0BCBB46B246A9460B
:108F3000A046F0BD002CDDD0E7E70028F0D0C84502
:108F4000EED18642ECDCE2DB8C45E9D8DFD1DA45B4
:108F5000E6D30020DA45E7D9D9E7002CE4D0DFE7F3
:108F6000114303D1C845DBD10800DDE702204042B0
:108F7000DAE7C845E8D0D3E7FF070000F0B5574669
:108F80004E464546DE46E0B50D000903090BDF0FEE
:108F90008C46B946E90F2D4F0400834688466E0083
:108FA000190358009246760D090B400DBE421DD0A4
:108FB000B8420DD0002E27D166463443002831D167
:108FC0000A4332D0002C3DD14B465800013815E001
:108FD000114312D1002E02D163462343F4D0C84579
:108FE0001CD0434601205B42184307E067462743F5
:108FF00003D1B042F5D111431AD00220F0BCBB46D8
:10900000B246A946A046F0BD0028EAD0C845E8D13E
:109010008642E6DC02DB8C45E3D80DD0434658009F
:109020000138EBE7002CCFD0D9E7002CE6D0D8E709
:109030000800C845E2D0D4E7DA45D2D30020DA45AB
:10904000DCD9EBE7C845E6D0CBE7C046FF07000018
:10905000F0B557464E464546DE46E0B50D000400E5
:109060001F000B03190B160087B06B00EA0F89462F
:109070009246009401955B0D00D1B7E1D54A934229
:1090800000D11DE1C900420F0A43802109041143A8
:10909000C2009046D04A89469B189B460023002573
:1090A00002933C037A00FB0F3000240B520D009317
:1090B00000D170E1C74B9A4200D155E1DC46C64B66
:1090C000D2189444E3460A2D00DD0AE1730FE40050
:1090D0001C4380231B042343F000524600990026C2
:1090E0004A409246022D11DD0122AA40A621140019
:1090F000C9000C400A4200D0F3E0902189000A42E6
:1091000000D0C4E18821114200D0E5E041460C0CBA
:109110000904020C090C0F0015000004000C654343
:1091200047430395B8462F000D0006005543AC4653
:10913000454666432D0CB4446544AE4204D93E0016
:1091400080277F02F619039647463F043F0C2E0CFA
:109150002D04ED1904951D0C1B041B0C00934B43AF
:109160001F00009B694363439C463B0C6144C91844
:109170006C438C4502D980235B02E4183F040B0C3E
:109180003F0C0904C919E418731805934B461E04D3
:10919000360C1F0C330043439C463B005343029361
:1091A0006346784372431B0C1218D218904204D9BC
:1091B000802302985B02C0180290029B100C1B18BF
:1091C0000293634618043300000C1204121800982E
:1091D0006E4343439C46030060467B436F43F6184F
:1091E000050CAD19AB4202D980235B02FF18039B2B
:1091F000059E2804F61863468E4289411B041B0C09
:10920000C3181B19494258188446B618A3429B41FB
:109210008C458941964292410298494260440090AF
:109220005B4252420B43009C02998018904292414B
:109230008C4289412D0C494252420A435B199B18CA
:10924000DB19C20D5B0204991A43914672020A436C
:10925000511E8A41F60D16433100420211430800A7
:109260008846DB0156D45A465C4BD218002A00DCF3
:1092700013E14B0716D00F215B460140042911D0A2
:109280004146081D40458941CC4649428C44E1464F
:1092900080464846C10105D5514A1040802281468A
:1092A000D2009A184F4B9A4200DD25E149464346C9
:1092B0004C07DB081C4352054B021B0B520D1BE0F5
:1092C0000A0000990A43904600D0DAE09B46022348
:1092D000914608250293E4E6009A99469246804614
:1092E0000296029B022B00D106E1032B33D0012B07
:1092F0001AD100220023002412051A435346DB072B
:109300001A432000110007B0F0BCBB46B246A94684
:10931000A046F0BD01224B080A4049461343CA0744
:10932000134398464B08994680215A46C900531C5E
:109330005218002A00DCB1E040464107A9D00F21B5
:10934000014004299CD1A4E70F2D00D1F7E0009B38
:10935000A1469A46804680234A461B0313431B03BB
:1093600044461C4A1B0BC7E759463300194E23439A
:1093700089198B46002B72D1022129430A29B0DCBE
:109380005046009C60408246002D00D107E10D0050
:1093900000200226A8E62300334351D0002C00D140
:1093A000BEE02000FDF784FD02000B381D231B1AD0
:1093B0003000D84011000300300008398C4088404C
:1093C000234359468A1A0849521893460A2D00DC4D
:1093D00083E686E7FF07000001FCFFFFFF030000B4
:1093E000FFFFFFFEFE0700000DFCFFFF0A000B0061
:1093F00000990A4390461CD0002B00D180E0180051
:10940000FDF756FD02000B381D231B1A00981100B2
:109410004D46D84008398D4003002B439946009BA8
:109420008B409846624B00259B1A9B460023029373
:1094300037E6002399469B4601330425029330E624
:10944000012215430A2D00DD4BE7524600994A40A0
:109450009246022D00DC4CE70020012644E603235F
:109460001D430A2D00DD6FE75346009A88215340C3
:109470000122AA409A4603262300114200D145E664
:109480002AE79B46032380460C25029309E6002326
:109490009A468023474A1B032EE75B46110037316B
:1094A00000DA26E711001E3158DA48461F21040071
:1094B0004942891ACC4021001F3205D03E4A9B18F0
:1094C00098404246024390464246531E9A410A4300
:1094D00007210C0000231440114209D0083111402B
:1094E00004295FD0111D9142A4410A00644264071F
:1094F000D20814430022FFE6002300242D4AFBE695
:10950000FDF7D6FC02000300153020321C2800DCD9
:109510007AE7002188460099083B9940894681E70F
:10952000FDF7C6FC02000300153020321C2800DCC9
:109530003CE73100083B994000200B0041E78023C5
:109540004A461B031A4200D105E71C4200D002E73D
:10955000009A234392460400164ACDE60121891A57
:10956000164A48469B1842469840CA401043424615
:109570009A40531E9A414B460243CB40510708D0B4
:109580000F211140042904D0111D914292419B1AD0
:109590000A00190208D5012200230024ACE60023AA
:1095A0000024A9E60024A3E75C075B021B0B9FE7EE
:1095B0000DFCFFFFFF0700003E0400001E0400003A
:1095C000F0B557464E464546DE46E0B50C0383B03F
:1095D000009201934D00CB0F610A440F9846009A08
:1095E000019B0C431903019BC0005F007B0D9C464F
:1095F000019B8346DE0F4B0A00996D0D490F1943FD
:10960000009BDA00BF4B924699469C456BD00123E4
:1096100047465E406346EB1AB74216D0002B00DC8B
:1096200091E26646002E00D07AE00E00164300D18B
:1096300032E15E1E012B00D199E24B4500D1E5E1FC
:10964000382E00DD23E2330036E1002B00DCE1E2BE
:109650006646002E00D0F0E00E00164300D11BE15C
:109660005E1E012B00D152E24B4500D1CEE1382ED7
:1096700000DC20E3802212041D00471C144214D099
:109680001400A04B01359D421CD001219E4A7B084D
:1096900014403940E0070B43184364085B0709D0C6
:1096A0000F2307000340042B04D0381DB842BF41EC
:1096B0007F42E419230200D421E1924A0135954208
:1096C00000D0DFE02B000024002742461B05234387
:1096D000D60733433800190003B0F0BCBB46B2468E
:1096E000A946A046F0BD894BEF180B0013434DD09F
:1096F000B0454FD0002F6DD0002D00D18BE1B0468A
:109700004807D2081043CD0807002F4300D1CDE011
:10971000802424032C43240307007A4B240BD4E732
:109720004D4500D131E2382B00DCC2E0471EB84283
:10973000804124182302B8D50127754C7F422000B0
:10974000FDF7B6FB0300083B20213800CA1AD040C1
:109750009C4002009F402243AB4200DA4FE1581B7D
:109760000130091A3C008F40C4407B1E9F4113000A
:109770008B4027431F43C2403B001400134300D1DA
:109780008EE17B0700D0F6E038004AE001235E401E
:10979000B045AFD1002F00D1F9E0002D00D071E12C
:1097A00063462500054300D1A6E25D1E012B00D1D2
:1097B000BBE2544FBB4200D164E1382D00DCFCE237
:1097C000571C802212041D001400114200D058E7DB
:1097D0000C006AE74F4F6B1C3B4200D0FFE00F00CC
:1097E000230017430343002D00D080E1002B00D15C
:1097F000D7E1002F00D1DBE1831A9C466045AD41E3
:10980000631A5B191D0200D4B9E2101A8242924118
:10981000012307000C1BA41833409846274300D1AE
:10982000B8E101232100824622022DD453464F077E
:10983000DB081F43CD080023CCE04D4500D1E5E017
:10984000382B00DD16E180273F0439431F2B00DD54
:10985000B7E120260F00F61AB740B2463E001700C7
:10986000DF403E4337005646B240D940561EB24113
:1098700064183A43171887428041241A230200D5FE
:10988000FFE633E06B055B0D1F4AC0081440670715
:1098900064020743240B18E7C00862071043194A03
:1098A000E508934200D12FE7070093E00024154B11
:1098B0000BE780273F0439431F2B00DDC4E020263F
:1098C0000F00F61AB740B2463E001700DF403E4395
:1098D00037005646B240D940561EB241641A3A4348
:1098E000871AB84280412418230217D47B0700D17D
:1098F00065E20F233B40042B00D0D6E638002B0056
:10990000C008CAE7FF070000FFFF7FFF01F8FFFF65
:10991000FFFF7F00FE070000B04601256402640AD5
:10992000002C00D00BE73800FDF7C2FA0300183313
:109930001F2B00DC08E73A00083882409D4200DD1A
:1099400092E05B1B581C1F2800DC14E217001F3B31
:10995000DF40202805D040231B1A9A40531E9A410D
:109960001743002F00D115E107231900BA463940EB
:109970003B4200D15AE70F233B40042B00D01EE1AD
:1099800038000025033B220200D57DE7B7E7CB4F27
:109990006B1C3B4200D086E023000343002D00D027
:1099A0005CE10F001743002B00D1CCE1002F00D168
:1099B000FEE08218824280416418241A230200D5F6
:1099C000EAE11700274300D1E4E00023D20867074B
:1099D0001743E5082C035B05240B5B0D75E6831A22
:1099E0009C466045BF41631A7F42DB1B1F0275D452
:1099F00067461F4300D1D0E01C00674690E7B04C9B
:109A0000ED1A14407B0700D073E777E76307C008BF
:109A10001843E50878E663462500054373D05D1ECC
:109A2000012B00D138E1A74FBB4200D167E6382DAA
:109A300000DC8DE1571EBA4292418C18B0461D00E1
:109A4000220200D578E630E61F000E00203FFE40DF
:109A5000202B04D04027FB1A99400A4392465246D5
:109A6000531E9A4132433BE7EB1A954D15406F0761
:109A7000ED08AFE780231B04471C1C4200D114E60D
:109A80001C00FEE54807D2081043CD083CE6471EFF
:109A9000B842804124181D00220200D54CE604E69D
:109AA0000027002411E6874DAB4200D10BE6821857
:109AB000824280416118081AC707520817434408B8
:109AC000520700D47EE10F221D003A40042A00D044
:109AD000EBE5FF086407274305097BE70123171A15
:109AE000BA4292410C1B33409846A41818E7002B49
:109AF00000D004E1002F00D057E1002380249846D5
:109B00002403704BE1E5B0460C00D008C5E6871889
:109B10008742804165182D1A2B0200D40DE1684B55
:109B20007A081D40EB0713436F08520700D42DE15C
:109B30000F221A40042A00D128E1181D9842A4419E
:109B400002253C1BDBE6002B00D143E663465B1B92
:109B5000002D00D160E7382B43DD571EBA429241F9
:109B60008C18B0466546230200D5E5E59DE5871AC9
:109B7000B8428041641A2418230200D5CDE6630759
:109B8000FF081F43E508012324E7C00863071843C3
:109B9000E508B9E50023002497E500230024984652
:109BA00093E5002FF9D00133334098460C009346DB
:109BB0005B466707DB081F43E50800230AE700252B
:109BC00073E51F000E00203FFE40202B04D04027ED
:109BD000FB1A99400A4392465246531E9A41324319
:109BE00048E68025B0462D042C431F2B26DC202779
:109BF0002500FF1A0600B840BD40DE40471EB841B0
:109C0000DC4035432843091B171ABA429241654686
:109C10008C1869E6002B00D1B9E663465B1B002D6A
:109C200000D1BEE5382B4FDD80231B0465461C00A8
:109C3000571C194200D024E50C0036E51D00270012
:109C4000203DEF40202B04D04025EB1A9C402043C0
:109C500083465846431E98413843D5E7002B00D130
:109C600010E76307C00818430B00E508134300D151
:109C70004AE580231B031D4206D0CC081C4203D1B9
:109C80002500D00849070843430FC000ED00C00875
:109C90005B071843ED0837E5171ABA4292410C1BCF
:109CA000A418230200D537E66307FF081F43B04618
:109CB0000123E5088EE63300C8E5C046FE07000034
:109CC000FFFF7FFFFF07000080252D042C431F2B83
:109CD00041DC20272500FF1A0600B840BD40DE40C9
:109CE000471EB841DC40354328430919871897427D
:109CF000924165468C1AC1E50C00D008CDE5C0083C
:109D000063071843E508002F00D1FDE480231B03FF
:109D10001D42B9D0CC081C42B6D10123D008490756
:109D20003340984625000843AEE787189742924192
:109D30006518AD1A2B0200D5F1E66B07FF081F432B
:109D4000ED08012346E6002F00D06FE50024BCE4B7
:109D5000B0462B0049E71D002700203DEF40202B97
:109D600004D04025EB1A9C40204383465846431EAE
:109D700098413843BAE720210027091AF7E46746DB
:109D80001F4300D109E71C00E34611E7DB087F070A
:109D90001F432D0902231DE60D4BD2081C40670707
:109DA000640201231743240B8FE401234807D208E0
:109DB000334098461043CD08A6E42B0087E72B00DC
:109DC000F8086AE56407FF082743050902E6C0466C
:109DD000FFFF7FFFF0B51D002E03360B0C4F140064
:109DE000B4460B034A006E001B0B520D760DBA42AF
:109DF00008D0074B00209E4203D160462043431EFB
:109E00009841F0BD03430120002BFAD1F1E7C04691
:109E1000FF070000F0B505000020144C0A034B00BA
:109E2000C90F0F008446120B5B0DA34205DD104CD9
:109E3000A34204DD0F4BC9188C466046F0BD802458
:109E4000640322430C4CA34207DCE41AE240534271
:109E50009C46002FF1D19446EFE728000749591896
:109E60008A400749CB1AD8400243F0E7FE030000BE
:109E70001D040000FFFFFF7F13040000EDFBFFFF48
:109E80003304000070B5002819D0C317C2185A4017
:109E9000C40F10001500FDF70BF8134B1B1A5B05E0
:109EA0005B0D0A2817DC010015310A0029009540D6
:109EB0000B22121AD1400A03AC46120B04E0002117
:109EC0000024002300228C461B051343E407234390
:109ED0006046190070BD2A000B3882400021120331
:109EE0008C46120BF0E7C0461E04000010B5041E9D
:109EF00010D0FCF7DDFF0E4B1B1A5B055B0D0A282B
:109F00000FDC0B222100121AD14015300A038440C5
:109F1000120B01E0002300221B051343200019004F
:109F200010BD22000B38824012030024120BF3E70D
:109F30001E04000070B542024300C40FFE201B0E39
:109F4000591C550A08420BD0E02189006D07120BFD
:109F50005B181B051343E40723432800190070BD59
:109F6000002B14D1002D1BD02800FCF7A1FF0A28DC
:109F70001CDC0B232A001B1ADA40030015339D401A
:109F80000D4B12031B1A5B05120B5B0DE1E7002D55
:109F900009D0130B802212031A436D07074BD8E731
:109FA00000230022D5E70022044BD2E703002A0059
:109FB0000B3B9A400025E3E789030000FF07000000
:109FC00070B50D036D0A4B00440F2C435B0D404DE3
:109FD000A44682B05C1C00900191CA0FC6002C42BE
:109FE0000BD03C495C18FE2C15DDFF200023C0057A
:109FF0001843D207104302B070BD604631000143E0
:10A000000020002BF3D00029EFD080236146DB0332
:10A01000FF200B43EBE7002C0DDD009B710F9B0134
:10A02000581E83416046C00003430B43590720D1AB
:10A03000DB08E0B2DBE72100173129DB8021604635
:10A0400009040143601C26DB23481D181E20330031
:10A05000AE40001BC3403000A940441EA041014354
:10A060000B430721180008400B4227D19B015B0AD4
:10A07000BDE70F211940042903D19B015B0AE0B21F
:10A08000B5E704335901F8D5601C0023C0B2AEE730
:10A0900000200023ABE702200D004042001BC5401A
:10A0A0002800023405D00D4C1B19994033000B4396
:10A0B0001E003300591E8B410343D2E70F210024B9
:10A0C00019400429DDD19B0120005B0A8FE7C046BF
:10A0D000FE07000080FCFFFF82FCFFFFA2FCFFFFE9
:10A0E00010B5002903D1FCF7E3FE203002E00800A0
:10A0F000FCF7DEFE10BDC04630B59C460A4B04009E
:10A100001B680D00D86885B0002A0AD0074B0849A3
:10A110000292019362462300009500F01DF802F0C0
:10A12000CDFB044B1A00F2E770080020E474020033
:10A13000F4740200F074020010B50A22002101F04C
:10A140005FFD10BD10B5040008001100FCF732FEE1
:10A1500020606160200010BD0EB400B582B003AB7A
:10A160000100054804CB0068019300F0F5FA02B045
:10A1700008BC03B01847C0467008002010B5034B58
:10A180000100186800F00EF810BDC04670080020ED
:10A1900010B5034B0100186802F0F0FB10BDC0467B
:10A1A00070080020F0B54E46DE46574645460C0086
:10A1B000E0B50B34814685B0162C21D8102900D982
:10A1C000D0E000F0A1FA102418230221C94DEB18A9
:10A1D0001A005F68083A974200D172E103227B6857
:10A1E000B9689343FA68CA6091600121FB185A6804
:10A1F00048460A435A6000F08FFA38000830B5E04C
:10A2000007239C4300D5ADE0A14200D9AAE000F0AD
:10A210007BFAFC235B009C4200D2B9E1610A00D1C9
:10A22000ABE0042900D980E138239C46A1098C4485
:10A23000E0463931CB00082252429446AD4DEB182E
:10A240009C446346DF68BC4512D00B000326614680
:10A250009C4607E0F868002A00DB2CE1814200D12F
:10A260002DE107007B68B3431A1B0F2AF2DD41463C
:10A270002A002F690832974200D10BE103207B6846
:10A280008343181B0F2800DD86E12A616A610028DC
:10A29000ABDA6A68944680229200934200D316E1BA
:10A2A000DA08580901238340604618438446D300E6
:10A2B0005B199A686860FB60BA609F60D760012094
:10A2C0008B10984060455FD8634603420AD1032350
:10A2D0009943634640000431034203D140000431F6
:10A2E0000342FBD00323A8469C4683460D00E800AA
:10A2F00040440600AA46F3680BE061465A688A4368
:10A30000171B1900DB680F2F00DD1BE1002F00DB9E
:10A310002FE19E42F1D1534601339A4608369B07FE
:10A32000E9D1032205E003680838013D834200D0EB
:10A33000E2E12A42F7D14246594653688B435360C3
:10A340005A46520093469A421DD8002A06D11AE076
:10A350005246043292465A46520093461342F7D070
:10A360005546C4E70C234A461360002005B0F0BCF4
:10A37000BB46B246A946A046F0BD80233F224021FD
:10A3800090469B0057E745460322AF687B6893439E
:10A390009A46A34202D31B1B0F2B7EDC564B082090
:10A3A0001B6810331E1902F02FF9544B834601939A
:10A3B0001B68013304D0731E1B18424213401E0059
:10A3C0003100484602F008F98046431C00D1FDE008
:10A3D0005346FB18834200D9F6E0494A11680292BD
:10A3E000891911605A46013A834200D139E1019836
:10A3F0000068013000D13FE14046C31A5B18029962
:10A400000B6041460723080018400190194200D113
:10A41000F9E0C446310001331B1A9C4461440391A6
:10A420005B4411405B1A1A4011004846E046160092
:10A4300002F0D2F8431C00D13AE1029B1968891955
:10A4400019604346C21A012092190243AB605A6058
:10A45000AF4213D053460F2B00D811E107220C3B1B
:10A4600093437A68024005201A437A60FA185060D4
:10A4700090600F2B00D921E143465A68214B1868A0
:10A48000884200D21960204B1868884200D21960B7
:10A4900047469DE06B689C4611E70122210013436B
:10A4A00011433C1979604846AC60636000F034F9B0
:10A4B000380008305AE7BA68D060826095E6614695
:10A4C000D6E6DF680231BB4200D1D1E686E65A0A01
:10A4D000042A73D9142A00D9A7E010005C325B303B
:10A4E000D200AA18083A160092688846964210D1FF
:10A4F00081E0C04608020020F01B0020FC01002083
:10A50000C01B0020EC1B0020E81B00209268964234
:10A5100004D00321506888439842F7D84146D66852
:10A52000FE60BA60B760D760C9E614295CD95429C7
:10A5300000D982E06E239C46210B8C446F31E046AB
:10A54000CB0078E601200E004546091904437460EB
:10A55000B4680835E36038439C60A960E9604860EE
:10A56000CD6048468D60B75000F0D6F83000083016
:10A57000FCE601200C008A18516808340143516040
:10A5800022684846D3609A6000F0C6F82000EDE6E5
:10A590002300E108083319E60126391934437C60A9
:10A5A00029616961CA608A60320002434A60F850DA
:10A5B000484600F0B1F838000830D7E69A09100094
:10A5C00039323830D2008CE7AF4242D0AF687A6877
:10A5D00003239A43131BA24202D30F2B00DD5CE737
:10A5E000484600F099F8C0E65B239C468C445C31F9
:10A5F000E046CB001FE601238010834060461843ED
:10A60000844668608CE73300594643440193134005
:10A61000CB1A1A4011004846160001F0DDFF431C1A
:10A6200000D00AE70026019807E7542A2BD81A0B16
:10A6300010006F326E30D20053E7AA235B009942BC
:10A640002BD8DD3B9C46E10B8C447831E046CB00B7
:10A65000F1E52B4A11680292891911605A46013AB4
:10A66000C5E6104200D0C2E652460123A8689219FE
:10A670001A438046426001E74146019B1960C0E6EB
:10A6800043465860ACE7AA204000824221D8DA0B4A
:10A69000100078327730D20023E71A4B994221D844
:10A6A0007C239C46A10C8C447D31E046CB00C2E566
:10A6B0000198039B083800261818BEE63900484662
:10A6C000083102F05BF9029B1968AB6898465A683A
:10A6D000D4E60C4882420BD89A0C10007D327C30B4
:10A6E000D200FEE6FE237E227F2190469B00A2E55B
:10A6F000FE227E209200F4E643465B6820E6C046D8
:10A70000C01B00205405000010B5024801F0DCFF1A
:10A7100010BDC046341D002010B5024801F0D8FF1E
:10A7200010BDC046341D002010B5084B084A1C68F7
:10A73000084B983420686168FCF718FC012200235C
:10A740008018594103C44800400810BD700800201B
:10A750002D7F954C2DF45158F0B5DE4657464E46A8
:10A7600045468146E0B5C9B00E931C0018AB1800F1
:10A7700005910392002108229A4601F0D7FD4B462D
:10A78000002B04D05B6B002B01D100F083FF059BF5
:10A790005A6E0C215B5E0121114200D1EEE098045B
:10A7A00001D500F08CFD802189010B4305998B8137
:10A7B000C24B1A404A660123910401D501F0CAF840
:10A7C000059B0C229B5E1A0751D5059A1269002A37
:10A7D0004DD01A221A400A2A58D01FAB1C930023CE
:10A7E0001E931D931193129313930893B44BB54A80
:10A7F0009B464B461FAF0F920493E6235B0098469F
:10A80000B9465C46039E049D4346E75801F0C4FEEA
:10A810005246030000922800320016A9B8470028CB
:10A8200058D04FDB169B252B01D03618ECE7039B45
:10A830004F46F21AA346050090469E4252D1731C21
:10A840000393002312AAD3720122524207920022DC
:10A85000150073780992039A013203921A00203A84
:10A860005A2A00D996E00F9992008A589746059D7A
:10A870004846290001F0CEFC002801D001F080F804
:10A880000C22AB5E1A221A400A2AA6D105990E2084
:10A890000A5E002AA1DB4A6ED20703D49B0501D4CD
:10A8A00001F00EF823004846039A059901F09CF840
:10A8B00008905BE0039B1B78CDE720231D43039B9F
:10A8C0001B78C8E708220021504601F02FFD012027
:10A8D000361899E7039B4F46F21AA34605009046A7
:10A8E0009E4211D0039B3B6043467B601E9B4344CA
:10A8F0001E931D9B01331D93072B12DC0837089B09
:10A9000043440893002D9AD1049B99461E9B002B2B
:10A9100001D000F0DEFF00231D93059B0C229B5EFF
:10A920001BE0059904981CAA01F076F9002811D1C2
:10A930001FAFE4E7059904981CAA01F06DF90028FF
:10A9400000D195E0049B0D999946002902D0484614
:10A9500002F014F8059B0C229B5E059A526ED207FA
:10A9600000D4A1E05B0601D500F0D2FF089849B001
:10A97000F0BCBB46B246A946A046F0BD980500D43F
:10A9800055E1980400D40EE75213114200D11AE7A2
:10A9900000F0E2FFA846002BB6D02FAD2B700023AD
:10A9A00012AAD3720D9301330C9300230793013342
:10A9B00006938421434640460B4099461E9A1D9BB0
:10A9C00001422AD1099906980E1A002E01DD00F0E5
:10A9D00018FC12A9C97A002923D0002189461091B8
:10A9E0000B2112A809183960012101320133796065
:10A9F0001E921D93072B00DDB2E308371099002942
:10AA00000BD015A9396002210232013379601E9200
:10AA10001D93072B00DD96E308374946802900D1B6
:10AA200014E307990C980E1A002E00DD50E30C99E0
:10AA3000013352183D6079601E921D93072B00DD93
:10AA400075E3083743465B0705D5099B06995D1AF0
:10AA5000002D00DD91E3099B06998B4200DA0B0083
:10AA600008998C469C4463460893002A00D061E70D
:10AA700000231D930D9B002B03D00D99049801F02A
:10AA80007DFF1FAFB9E6303B00201900039A830019
:10AA90001B185B00C81813780132190030390929D6
:10AAA000F5D909900392D9E69A0500D55AE7059C95
:10AAB000A06D01F00DFE0C22A35E53E7FFDFFFFF48
:10AAC0001C060020C87A0200A846432B04D02B00A5
:10AAD000DB0601D400F07CFC082200211AA801F05A
:10AAE00025FC0E9B2FAD1A68290004981AAB01F0C3
:10AAF000ADFE0C90431C01D100F001FF0C9AD34332
:10AB0000DB171A4006920E9B12AA04330E93002301
:10AB1000D3720D9307934CE72B00A8469B0601D4F4
:10AB200000F0F9FB07230E9A07329A4301339C4643
:10AB3000944463460E930CCA0A920B93002B00DADE
:10AB4000C2E1079900290ADB802342469A439046D6
:10AB50000A9A0B9B1000184301D100F045FC0A9B98
:10AB60000B9C002C00D0C6E1092B00D9C3E10A9A46
:10AB70003032632312A97431CA54079B0693002B09
:10AB800001DC0123069312ABDB7A002B00D189E3B1
:10AB9000069BD7250133069300230D9301330C93B5
:10ABA00012ABED188421434640460B4099461E9A4D
:10ABB0001D9B014200D105E70021109110E70E9A7C
:10ABC00012A802CAA846914600220D91C27200291D
:10ABD00001D100F07CFD532B01D100F06EFC2B0065
:10ABE000DB0601D500F069FC079B002B01DA00F0C1
:10ABF00050FE1A0000210D9801F06CFD12ABDA7ABC
:10AC0000002801D100F098FE0D9D411BCB43DB17BE
:10AC10000C9119400691002A01D100F033FD013159
:10AC200006914B460E93002307930D93BAE7059DBB
:10AC3000A86D01F049FD0C216B5E6A6E990400D588
:10AC4000B9E5B0E50E9A08CA0993002B00DB31E3A1
:10AC5000099B0E925B42099304231D43039B1B78BF
:10AC6000F9E510232B43AA0621D40E9A111D0E9A42
:10AC700012A812680A920022C27207980B9200284A
:10AC800000DA87E38032934398460A9B0E91002BAB
:10AC900000D064E7002826D10C9306930D9348ADAD
:10ACA00087E62B00A8469B0600D446E32B0007212D
:10ACB0000E9A07328A43100006C80A910B920022AE
:10ACC00012A9CA72079A0E90002A00DA63E3802262
:10ACD000934398460A9A0B9B1100194300D03EE714
:10ACE000079B002BD8D0002300240A930B943EE747
:10ACF000DD4912A8818100210E9B079C04CBC17203
:10AD0000002C00DA4AE32800803188437E3908436A
:10AD10008046002A01D100F0E8FC0F21D348114001
:10AD2000455C632112AC743465540224002112097D
:10AD30000E93069401D100F050FED7250F2612ABDA
:10AD4000ED1813003340C35C013D2B7012090B0753
:10AD50009A18130009090B43F3D1079A48AB5B1B00
:10AD600010000C939A4200DA1800069B002B01D1C8
:10AD700000F031FE023084214346069040460B40ED
:10AD800099461E9A1D9B014206D1099906980E1AF2
:10AD9000002E01DD00F0EFFB00210D9131E62B00CC
:10ADA0009B0600D5F4E22A000E9908C9D20601D507
:10ADB00000F00FFE2A00520601D400F0A6FC1B048E
:10ADC000002228001B0C0E913AE02A000E990B1D60
:10ADD000920600D5D4E22A00D20601D500F070FC1C
:10ADE0002A00520601D500F04DFD2A00920501D43B
:10ADF00000F066FC0E9A089912680E931170FCE43C
:10AE0000039B1B786C2B00D1F4E21022154322E542
:10AE1000039B1B78682B00D1F4E2402215431AE50E
:10AE200010202843AB0600D46EE207230E9A0732A7
:10AE30009A4301339C46944463460E9313685268C8
:10AE4000002112ACE1720799002900DA26E2884954
:10AE5000014088461900114300D136E207218C4693
:10AE600048AD614650071940DB08C31818002E0092
:10AE70003031013DD20829701043F2D14346DB073F
:10AE800000D4B2E1302900D1AFE13023013D079A6F
:10AE9000023E2B7048AB9B1B0C9306929A4200DA41
:10AEA0009FE23500F0E210222A43AB0600D528E2EB
:10AEB0000E9B191D0E9B90461B680E91D8170A9386
:10AEC0000B90031E00DB3CE60A990B9A00244B42D0
:10AED00094410A930B942D2312AAD372079B002B43
:10AEE00000DA3CE6802342469A4390460A9B0B9C3C
:10AEF000002C00D138E680234246DB001A4048ABE4
:10AF000000261D00B9460C920FE03D000A9B0B9CE9
:10AF100006930A22002321000698FCF707F80A90FE
:10AF20000B91002C01D100F06EFC0A980B990A22BB
:10AF30000023FBF7FBFF0C9B6F1E30323A7001368B
:10AF4000002BE2D0119B1B78B342DED10A9B0B9CF5
:10AF5000FF2E00D1B1E3002C00D0EBE2092B00D989
:10AF6000E8E23D00079A48AB5B1B4F460C93069204
:10AF70009A4200DA069312ABDB7A002B00D186E30B
:10AF8000069B0133069300230D930BE6049E3000CD
:10AF900001F00AFB43681800139301F027FC12909C
:10AFA0000400300001F000FB039B82681B781192C3
:10AFB000002C00D14FE4002A00D14CE41278002A82
:10AFC00000D148E48022D200154344E401231D430C
:10AFD000039B1B783FE412AA039BD27A1B78002ABA
:10AFE00000D038E4203212A9CA7234E480231D4311
:10AFF000039B1B782FE4039B5C1C1B782A2B01D13D
:10B0000000F0C9FC1900303920000022092901D9BB
:10B0100000F05BFC93009B185B005A18037801302A
:10B02000190030390929F5D903900792002A01DB6C
:10B03000FFF714FC012252420792FFF70FFC2B236B
:10B0400012AAD372039B1B78FFF705FC0999069897
:10B050000E1A002E00DCE4E40649102E28DDA94675
:10B0600010240D000CE0C046307800003875020056
:10B070007FFBFFFF347C0200103E0837102E15DDE9
:10B08000103201333D607C601E921D93072BF3DD6F
:10B09000059904981CAA00F0BFFD002800D051E4D7
:10B0A000103E1E9A1D9B1FAF102EE9DC29004D4655
:10B0B0009219013339607E601E921D93072B00DDCB
:10B0C000EDE207990C9808370E1A002E00DCAEE46A
:10B0D000CE49102E20DDA94610240D0003E0103EBD
:10B0E0000837102E16DD103201333D607C601E9251
:10B0F0001D93072BF3DD059904981CAA00F08CFD25
:10B10000002801D0FFF71EFC103E1E9A1D9B1FAFAA
:10B11000102EE8DC29004D469219013339607E601B
:10B120001E921D93072B00DDAAE008377FE40599E6
:10B1300004981CAA00F070FD002801D0FFF702FC63
:10B140001E9A1FAF7EE4059904981CAA00F064FDC6
:10B15000002801D0FFF7F6FB1E9A1D9B1FAF5CE491
:10B16000059904981CAA00F057FD002801D0FFF7AC
:10B17000E9FB1E9A1D9B1FAF40E4A5491D9B894614
:10B18000102D1EDD10260C0003E0103D0837102D99
:10B1900016DD103201333C607E601E921D93072B3A
:10B1A000F3DD059904981CAA00F036FD002801D0B3
:10B1B000FFF7C8FB103D1E9A1D9B1FAF102DE8DC4A
:10B1C000A14649465219013322C71E921D93072BEF
:10B1D00000DC40E4059904981CAA00F01DFD00283D
:10B1E00001D0FFF7AFFB1E9A35E4079A48AB5B1B13
:10B1F0000C9306929A4200DA069300230D93FFF710
:10B20000D8FB002310931E9A1D9B8149102E20DD30
:10B21000A94610240D0003E0103E0837102E16DD5D
:10B22000103201333D607C601E921D93072BF3DDCD
:10B23000059904981CAA00F0EFFC002801D0FFF744
:10B2400081FB103E1E9A1D9B1FAF102EE8DC2900CB
:10B250004D46B218013339607E601E921D93072B54
:10B2600000DDE0E112A9C97A0837002945D110991B
:10B27000002901D1FFF7D5FB00218946FFF7C1FB6B
:10B28000059904981CAA00F0C7FC002801D0FFF71C
:10B2900059FB1E9A1D9B1FAFFFF7C9FB5D49084074
:10B2A0008046DBE5D7250D9301330C9312ABED18E7
:10B2B000FFF77FFB039B0E921B78FFF7CCFA52132C
:10B2C000114201D1FFF77FFA22E30799002900D04C
:10B2D000C4E50123190001400C91034200D19CE117
:10B2E000302212A862337430C2540023D7250D9344
:10B2F00012AB0691ED18FFF75CFB00218946FFF7C2
:10B300006FFB9046FFF70EFC0E9B191D0E9B002253
:10B310001B680E9194E52A000E9908C9D20600D543
:10B3200051E32A00520600D4FDE11BB2DA170A935A
:10B330000B9213000E91FFF701FC102228000E99CA
:10B340002C0008C910402A4200D03FE3402215409B
:10B35000224200D1D8E000220B9212AA1B04D07224
:10B36000079A1B0C0A93002A00DAE0E0404680228C
:10B37000904380460E91002B01D0FFF7F0FBAFE425
:10B380000A6808990E931160C9175160FFF735FAE2
:10B3900028004AE50E919846FFF7E1FB02212800BC
:10B3A000084380460D311C481140455C0E936321D3
:10B3B000022312AC74346554120900210693002A4A
:10B3C00000D0BAE40120D72512ABED180C90D1E4DF
:10B3D0000E9B2FAD1B682B70012306930C93FFF778
:10B3E00092FB350006934FE0002900D112E2302293
:10B3F000FFF7BFFB4C3B039A1D43013213780392C6
:10B40000FFF729FA9933FF33F5E7C046347C020091
:10B41000447C0200FFFBFFFF38750200A846CC48C1
:10B4200042460E99920600D4C7E0072207319143A5
:10B43000013294468C4462460E920A68496801259E
:10B44000444646462C400694354200D098E012AB64
:10B45000DC72079B002B00DAC6E04446BD4B1C4063
:10B460001300A0460B4300D008E10799002900D142
:10B47000B9E16323D725027812A87430C254623B25
:10B480000C9312AB0691ED188421434600204446EC
:10B490000B4099461E9A1D9B0D900C4201D1FFF75F
:10B4A00091FA12A9C97A1090002901D0FFF798FAF1
:10B4B000FFF7B3FAA846A848B2E70D9B082200217F
:10B4C0001AA8179300F032FF079C002C00DA49E11C
:10B4D000069700250026049F0FE01AAB38002FA91D
:10B4E00001F0B4F9431C00D109E23018A04208DC95
:10B4F0000435A04200D110E20600179B5A59002AD9
:10B50000EBD1069F07963BE1802240469200104017
:10B51000144200D1A1E1023AFF3A134000220B92FB
:10B5200012AAD572079A0A93002A00DB1EE70E9131
:10B53000FFF715FB129A1399BF1A380000F0E0FFCD
:10B540001199013F4B788C460A980B995A1E9341EA
:10B550009C4463460A2211930023FBF7E7FC0A9000
:10B560000B910A220A980B990023FBF7DFFC30327B
:10B5700001263A70E6E400230D930233109342E66D
:10B5800015000D4367D112ABDD72079B002B00DA6B
:10B59000CFE042466F4B07991A409046002900D1F0
:10B5A0004FE16323D725027812A87430C254069B5A
:10B5B00006910C9312ABED1866E704C90E91414653
:10B5C000C9060AD44146490603D512040021120CCB
:10B5D00035E74146890500D536E100212FE70223F2
:10B5E00044461C43A046069344465C4B1C400F2334
:10B5F000A0461340C35C632512AC74346355120932
:10B600000B079A18130009090B4301D0FFF795FBAC
:10B61000743512ABED18FFF7A0FB002348AD06937D
:10B620000D93FFF7C6F9059904981CAA00F0F4FAE7
:10B630008146002801D0FFF785F912A9C97A1E9A20
:10B640001D9B00296CD110991FAF002901D0FFF775
:10B65000D8F9FFF7E6F915AD6B700023302612AC70
:10B66000E372079B2E70002BB9DB4446394B022551
:10B670001C4023002B439846022306930F231340BC
:10B68000C35CB8E74B460E9300230D9D07930D93C3
:10B69000FFF78FF9484600F091FDFFF778F805991C
:10B6A00004981CAA00F0B8FA002801D0FFF74AF964
:10B6B0001E9A1D9B1FAFFFF7B4F93D00069328E4C7
:10B6C0000E9A0899126811600E93FFF796F8079B7F
:10B6D0000693062B00D9ABE04B460E93069B204DFC
:10B6E0000C9300230793FFF764F9201E00D1A2E01A
:10B6F00012AC63322E317434A154D7250E9312ABA1
:10B70000ED1801230C93FFF735FB2A00920500D4B6
:10B710009EE0FF22280013400E910022FFF790FBCD
:10B720001FAFFFF75DF92A00920500D4FEE55BB27A
:10B73000FCE54246094B12A91A4063239046027861
:10B740007431CA54069BD7350C9312ABED189BE6A7
:10B75000247502007FFBFFFF38750200FFFBFFFF2F
:10B760004C7502001AAB009300210023049817AA1D
:10B7700001F096F80790431C00D1C0E00D9B179391
:10B78000079B002B34D0632B00DC95E00498591CF8
:10B79000FEF708FD051E00D1C1E00D900822002132
:10B7A0001AA800F0C3FD079C1AAB009329002300E0
:10B7B000049817AA01F074F8844200D0F9E000233D
:10B7C000079AAB54D3431100DB17194012ABDB7A55
:10B7D0000691002B00D087E04B460E9300230C927D
:10B7E0000793FFF7E6F8002348AE35000C934BE6CD
:10B7F00012ABDA7A0D9D531E9A414B460E930023ED
:10B8000006920C9340E6069B092B01D9FFF78DFBAE
:10B81000FFF7A7FB12ABDB7A002B01D1FFF73CFA55
:10B8200000230C930D93013348AD0693FFF7BAF94B
:10B830000623069350E70E93002348AD0C93FFF7C1
:10B8400099FA0023FFF728FAFF210A400021F6E5C4
:10B85000002228000E91FFF7F3FA0A9300230B93BE
:10B8600012ABD872079B002B00DA60E680234246B9
:10B870009A430A9B90460E91002B01D0FFF76FF977
:10B88000FFF72EFA0E9A089912680E931180FEF7B0
:10B89000B4FF0D9D280000F0A9FFC3430200DB1791
:10B8A0001A4012ABDB7A0C900692002B00D1E9E62D
:10B8B00001320692FFF7B5F900232FAD0D936DE726
:10B8C000886D00F005FFFEF7EDFF03940792FEF789
:10B8D000C5FF484605991CAA00F09EF9002801D131
:10B8E000FFF719F8FFF736F8069B013306934B462E
:10B8F0000E93079B0C9300230793FFF753F90599C9
:10B900000C228B5E40221A438A814A6ED2070FD5E1
:10B9100001235B420893FFF729F8069F30E705995A
:10B920000C228B5E40221A438A814A6ED207EFD4E2
:10B930009B05EDD4FFF7BBF8002A16D0079B0D9DA1
:10B940005A1C06920C934A4600230E9207930D93BD
:10B95000FFF728F91342DBD1059B9B899B05D7D4C0
:10B96000059B986D00F0B4FED2E74B460E93079B03
:10B970000D9D0C93069300230D920793FFF719F882
:10B98000059A536EDB07C3D493899B05C0D4906D91
:10B9900000F09EFEBCE70E9A08CA0793002B02DA5D
:10B9A00001235B420793039B0E925B780394FEF79F
:10B9B00052FF4022049B0598994683890D991343B1
:10B9C0008381FEF7C2FF2A00FFF774FA2B00FFF70E
:10B9D0004EF928009AE4069056E5079A10008A422C
:10B9E00000DD8AE6012088E6F0B5C64600B5204CA9
:10B9F0001600A54402226C4698468B8907009343A3
:10BA0000A3814B6E16A81993CB890D00E381CB69F6
:10BA100007934B6A09931AAB009304938023DB00CE
:10BA2000029305930023069300F048FE320043463C
:10BA300069463800FEF790FE061E10DAA3895B0601
:10BA400003D54022AB891343AB81A06D00F038FED3
:10BA500030008D23DB009D4480BCB846F0BD6946B4
:10BA6000380000F06FFA0028E8D001267642E5E7BA
:10BA700098FBFFFF10B5034B1868416805F018FEEE
:10BA800010BDC046700800200FB400B5064983B051
:10BA900004AB086804CB8168019303F0D9F903B0C3
:10BAA00008BC04B01847C04670080020F0B55746DF
:10BAB000DE464E464546E0B58346894692461D0021
:10BAC0001F0083B0242B3DD8012B3BD00B00082056
:10BAD000494E1A0014780133315D0842F9D1984675
:10BAE0002D2C00D172E02B2C38D0444B0093002336
:10BAF0000193002D4ED1302C00D170E00A270A2589
:10BB000039000098FBF76CF8434606008C4600208D
:10BB100000212200303A092A07D9113A192A03D9FB
:10BB20002200613A192A21D80A3295421EDD4C1CA6
:10BB300005D086422BD328D00121784310181C78D9
:10BB40000133E6E700F05AFD16230360002003B03E
:10BB5000F0BCBB46B246A946A046F0BD1C78931C7B
:10BB60009846264B009300230193C2E74A1C23D03A
:10BB7000019A002A00D040425246002AE7D000290C
:10BB800036D153464A461A60E1E79445D4DA01219A
:10BB90004942D4E7102DB3D11027302CB0D1434601
:10BBA00020221B789343582BAAD143465C7802236A
:10BBB000102710259844A3E7222259460A605246CE
:10BBC000002A17D0013B99460098DAE71C78931CAD
:10BBD000984680231B0600930123019389E743467F
:10BBE00020221B789343582BDFD00827083587E79E
:10BBF0000090E7E70098AAE7C5790200FFFFFF7F02
:10BC0000844610B51300034A10680A006146FFF726
:10BC10004DFF10BD7008002010B51400926800237D
:10BC2000002A05D0220005F0A1FB00220300A2603B
:10BC300000221800626010BD10B5034B01001868A7
:10BC4000826805F065FF10BD7008002030B5050062
:10BC500089B008000C0000F0C9FD04AB2B4A019329
:10BC600002230692012202936B6B0590013004942B
:10BC70000792AC680390002B40D00C21625E01213A
:10BC8000636E19421DD0900425D4802189010A4396
:10BC9000A2811F4A134063669A0433D4280001AA84
:10BCA000210005F063FB421E90410A254042636E6D
:10BCB0000543DB0702D4A3899B0512D5280009B0F0
:10BCC00030BD900511D59004DFD55B131942E5D046
:10BCD00001256D42EFE75B131942DFD001256D426C
:10BCE000ECE7A06D00F0F4FCE8E7A06D00F0ECFCE0
:10BCF0000C23E25E636E9104CED4C6E7280000F008
:10BD00005DFABAE701256D42D3E7C04654750200DB
:10BD1000FFDFFFFF10B5034B01001868FFF796FF28
:10BD200010BDC0467008002070B505000C1E42D042
:10BD3000002802D0436B002B49D000F05BFA0121B0
:10BD40000C22A35E626E0A4231D19B0542D52100CE
:10BD5000280000F053F8E36A0600002B04D0280006
:10BD6000E1699847002828DBA3891B062AD4216BA8
:10BD7000002908D023004033994202D0280000F067
:10BD8000FDFD00232363616C002904D0280000F02E
:10BD9000F5FD002363640023A381636EDB0728D5D0
:10BDA000A06D00F08DFC00F02DFA300070BD002B6E
:10BDB000CDD100F027FA0026F7E70126A3897642C5
:10BDC0001B06D4D52800216900F0D8FDCFE700F08C
:10BDD000F5F9B2E7A06D00F077FC0C22A35E002B12
:10BDE000B5D10122636E1342E3D1A06D00F070FC67
:10BDF000DFE7A06D00F06CFCD2E7C046F0B5C646A8
:10BE000000B50C228B5E80460C001A0754D48021AA
:10BE1000626809011943A181002A00DC6DE0A56A6E
:10BE2000002D45D042464046166800220260DB04E1
:10BE300068D400220123E169A8470200431C00D115
:10BE40006DE00C23E15EA56A490706D56368D21A46
:10BE5000236B002B01D0E36BD21A0023E16940462B
:10BE6000A8470C23E15E431C4ED143461A681D2AA5
:10BE700061D8324BD340DB075DD5314B0B40A381FA
:10BE80000023636023692360C90403D543461B680C
:10BE9000002B42D04346216B1E60002908D02300AE
:10BEA0004033994202D0404600F068FD00232363EE
:10BEB000002080BCB846F0BD0E69002EF8D00D6899
:10BEC0000022AD1B0E609B0700D14A69A260002DC5
:10BED00004DCEDE736182D1A002DE9DD2B003200C9
:10BEE0004046E169676AB8470028F3DC4022A3892D
:10BEF00013430120A3814042DBE7E26B002A00DD0F
:10BF00008DE7D5E7226D9FE70D4B0B40A381002302
:10BF1000636023692360C904BCD52065BAE7434642
:10BF20001B68002B00D18CE71D2B01D0162BDDD117
:10BF300043461E60BCE740230B43DAE70100402084
:10BF4000FFF7FFFF70B505000C00002802D0436B1F
:10BF5000002B27D00C22A35E002B11D0626ED207DB
:10BF600001D49B050ED528002100FFF747FF636E23
:10BF70000500DB0702D4A3899B050FD5280070BDFF
:10BF80000025FBE7A06D00F09FFB28002100FFF7D4
:10BF900035FF636E0500DB07F0D4ECE7A06D00F021
:10BFA00097FBEBE700F00AF9D4E7C0460CB430B5D4
:10BFB000154B0C001D689DB0002920DB00231B934E
:10BFC0000B005A1E9341CB1A049307930F4B029018
:10BFD00006900593280021AB209A02A9019300F056
:10BFE000CDFD431C01DA8B232B60002C02D00022F4
:10BFF000029B1A701DB030BC08BC02B018478B23DE
:10C0000001202B604042F5E7700800200802FFFF86
:10C010000EB410B500240C499DB0049107910B4952
:10C020001FAB05910A4904CB02900690086802A94B
:10C0300001931B9400F0A2FD029B1C701DB010BC6C
:10C0400008BC03B01847C046FFFFFF7F0802FFFF90
:10C050007008002010B5034A0349044805F006FBA8
:10C0600010BDC0461006002029BD01007808002040
:10C0700041680B4B10B50400994201D0FFF754FE04
:10C08000A168084B994202D02000FFF74DFEE168FD
:10C09000054B994202D02000FFF746FE10BDC04676
:10C0A000F41B00205C1C0020C41C0020F0B53A4C9E
:10C0B0003A4B3B4A200083B000251A600423082233
:10C0C00000215C30E36025606560A56065662561E0
:10C0D0006561A56100F02AF92000324F324E334BE2
:10C0E000334958300093236201916162E461A76291
:10C0F000E66200F0E3FACC23E5502E4B20006367A4
:10C10000802308220021C430E550A566E566256736
:10C11000A567E56700F00AF9220084232000683251
:10C12000E250009A01990433E2500433E1500433A1
:10C13000E750C0300433E65000F0C0FAD0232000AE
:10C14000E5500433E5500433E5501B4A5C33E550B9
:10C15000583BE2500433E5502D300433E5500822BB
:10C1600004330021FF30E55000F0E0F82000EC231C
:10C17000D030E0502000009A01990433E25004339B
:10C18000E15029300433E750FF300433E65000F02B
:10C1900095FA03B0F0BDC046F41B00202C1D002012
:10C1A00055C00100B91C0200E51C0200511C020030
:10C1B000791C0200090001001200020070B50500A0
:10C1C000094C200000F080FA6B6B002B05D1074B67
:10C1D0006B63074B1B68002B03D0200000F078FA3C
:10C1E00070BDFFF763FFF8E7381D002071C0010044
:10C1F0002C1D002010B5024800F066FA10BDC046A4
:10C20000381D002010B5024800F062FA10BDC0468B
:10C21000381D0020334B70B5050018680C0000284D
:10C2200002D0436B002B51D00C22A35E1A070FD50E
:10C230002269002A16D00C21635ED90723D500217C
:10C24000A160616900204942A161002A23D070BD2C
:10C25000DA063ED55A0724D4226908210B43A3816C
:10C26000002AE8D1A0208021A38980008900034012
:10C270008B42E0D02100280005F04AFA0C21635ED1
:10C280002269D907DBD40021980700D46169002016
:10C29000A160002ADBD11A06D9D540221343A3811D
:10C2A0001CE0216B00290AD022004032914204D0C8
:10C2B000280000F063FB0C22A35E002222632422EC
:10C2C00093430022626022692260C6E7FFF776FF8F
:10C2D000AAE709222A6040221343A3810120404299
:10C2E000B5E7C0467008002030B50400032A18D90D
:10C2F0000B0003439B070BD00023013A02E09A4254
:10C3000011D00133E05CCD5CA842F8D0401B0BE0BB
:10C3100020680B689842EFD1043A04340431032AB0
:10C32000F6D8002AE8D1002030BDC04630B50D0057
:10C330001400010083070BD00300032204E00D70FA
:10C34000013C0131134204D00133002CF7D130BD40
:10C350000300032C22D9FF222A40110289180A0463
:10C3600089180F2C26D922091201D2181960596098
:10C370009960D96010339342F8D10F22224094463D
:10C380000C222240644609D0624692089200D218DC
:10C3900002C39342FCD10324624614401A19002CB4
:10C3A000D5D01D7001339A42D1D01D7001339A420D
:10C3B000F7D1CCE7A446E7E7F0B507000E00002070
:10C3C00003240E4D3A5CAB5C2340012B00D120329C
:10C3D000335CE95C2140012908D09A4203D1002B4B
:10C3E00002D00130EEE7D31A1800F0BD2033190057
:10C3F000D31A8A42F8D10130E4E7C046C579020079
:10C400000323CAB230B503400C00002A2CD003210C
:10C41000002B24D1FF2121400B025B189C461904FC
:10C420008C4400E0043064460168204D4C404B19B8
:10C430008B436119A1430B431D490B42F2D0037892
:10C44000002B05D09A4204D043780130002BF9D15B
:10C45000002030BD9342FCD001300842DAD003788E
:10C46000002BF7D10020F4E7002B08D0032202E0D4
:10C470000130104203D00378002BF9D1E9E70268BC
:10C480000A4B0B49D31893430B4206D14268074B22
:10C490000430D31893430B42F8D00378002BD8D044
:10C4A00043780130002BFBD1D3E7C046FFFEFEFEF0
:10C4B0008080808030B50C000178844600291CD033
:10C4C0002578002D14D022002B0003E05378013290
:10C4D000002B04D08B42F9D16346C01A30BD41789D
:10C4E00001300029EFD1F7E783780230002BF3D039
:10C4F0004378002BF8D10130EEE70020EEE7C0468C
:10C5000070B50C0001430300890718D1032A16D91E
:10C5100011498C466646256810496918A94331427D
:10C520000DD1043A043420C3032AF3D8002A08D0DA
:10C530002578013A1D7001340133002D02D0002A04
:10C54000F6D170BD0021D418002AFAD01970013339
:10C550009C42FBD1F5E7C04680808080FFFEFEFE56
:10C5600030B50C00017884460020002912D02578CF
:10C570006046002D0CD022002B0003E053780132DE
:10C58000002B05D09942F9D1417801300029F2D130
:10C590006346C01A30BDC0468422024B9200985CAC
:10C5A0007047C0461C06002000487047F407002072
:10C5B00070B5050001280DD929004042FAF710FB9B
:10C5C0000C0005F0BBFF8442FBD82900FAF708FBFA
:10C5D000080070BD0020FCE7002370B5064C050084
:10C5E0000800236008F07EF8431C00D070BD23686B
:10C5F000002BFBD02B60F9E78C210020014B186841
:10C600007047C04670080020802310B55B010828E1
:10C6100001D1180010BDFFF7F1FF16230360173B8F
:10C62000F7E7C046024670B50A4392072AD11E4D6D
:10C63000EE0104C808C9541B9443344017D0D0B24B
:10C64000D9B2401A2106014310D190B299B2401AD2
:10C65000210401430AD110021902000A090A401AF2
:10C660002102014302D1100E190E401A70BD9A42E8
:10C67000DFD010BA19BA884201D9012070BD00205C
:10C68000C04370BD02780B7801300131002A09D017
:10C690009A4207D102780B7801300131002A01D08B
:10C6A0009A42EFD0D01A70BD0101010103000A784F
:10C6B00001311A700133002AF9D170477047C04622
:10C6C0007047C0467047C0467047C0467047C04676
:10C6D0007047C0468C4610B5C9B283070CD00324FE
:10C6E00006E003788B4206D00130013A204203D0A5
:10C6F000002AF6D1002010BD032A14D96346FF2476
:10C700001C4023021B199C461C04A4446446036875
:10C7100063400A4C1C199C43094B1C4205D1043A46
:10C720000430032AF2D8002AE4D0821803788B421E
:10C73000E1D001309042F9D1DCE7C046FFFEFEFEB9
:10C7400080808080F0B5C6460D00160000B5032A33
:10C750000DD80400711E002E06D000230131EA5CC2
:10C76000E25401338B42FAD180BCB846F0BD0324B9
:10C7700002000A43210003001140144232D132006A
:10C7800004000F2E1ED91027BC462A003409013C94
:10C790002401A0460419A44454685C6094689C6019
:10C7A000D468DC60146810321C6010336345F3D128
:10C7B0000F221C000C231035324033404544160034
:10C7C000002BC7D06B5863500431531A032BF9D890
:10C7D000032616409208013A920004350434AD183D
:10C7E000A418B7E70400711EB7E7C04603008446EB
:10C7F0009B070BD00300032102E001330B4206D05C
:10C800001A78002AF9D16246981A7047030019680D
:10C810000C4A0D488A188A4302420FD15968094AC6
:10C8200004338A188A43024208D15968054A0433FE
:10C830008A188A430242F1D000E001331A78002AB4
:10C84000FBD1E0E7FFFEFEFE8080808070B5050032
:10C850001C0084B0002B0CD0E420104B40001E586C
:10C86000230000290ED02800B047431C10D004B08C
:10C8700070BD441DE420094BFF3440001E582300C6
:10C880000029F0D10022280001A9B047431CEED1B5
:10C89000002323608A332B60E9E7C0461C06002092
:10C8A0009C4610B582B0049C0123019464465B420F
:10C8B000009405F0BDFF02B010BDC046062010B5C3
:10C8C00005F0F4FA0120E5F715FCC046F0B5C646C0
:10C8D000050000B5804608200C00FFF795FE060015
:10C8E0002800FDF711FF224F3100BB685D6803236C
:10C8F0009D4328001138001B8019FAF7EBF8441EFD
:10C900007443A64207DC00214046FFF765FEBB6882
:10C910005B19984206D04046FDF7FEFE002080BC21
:10C92000B846F0BD40466142FFF756FE01300DD0DB
:10C9300001222D1BBB6815430E4A5D6013684046FB
:10C940001B1B1360FDF7E8FE0120E8E700214046CD
:10C95000FFF742FEBA68831A0F2BDCDD064C05494F
:10C960002468001B086001210B435360D3E7C046D5
:10C9700008020020C01B0020FC010020F0B5C646C4
:10C980000C00804600B5002940D0FDF7BDFE210017
:10C9900008394E68012533000320AB43CA1894467A
:10C9A0005268824328003040070064488468644528
:10C9B00000D171E064466260A41864682C40002FC6
:10C9C00027D10E685E4F891B9B198E68BE4256D0D8
:10C9D000CF68F760BE60002C1DD062461D434D60DD
:10C9E00013608022920093422DD2DA085C09012361
:10C9F000A340446823434360D3001B189A68CB606C
:10CA00008A609960D1604046FDF786FE80BCB846DA
:10CA1000F0BD002C0FD19B18624601249268484D4E
:10CA20001C43CE18AA4259D06546ED68D560AA606D
:10CA30004C603360D5E7624635434D601360802219
:10CA400092009342D1D35A0A042A3DD89A0914007D
:10CA500039323834D60086193268083E03259642AA
:10CA600003D14CE09268964203D05068A8439842A4
:10CA7000F8D8D668CE608A60B160D160C3E7002C78
:10CA800033D1D218604663468068DB681543C360C3
:10CA900098604D608A50B6E79A18002F06D10B684F
:10CAA000C91A8C68D218CB68E3609C6001231343D9
:10CAB0004B60244B81601B689342A4D8224B4046B4
:10CAC0001968FFF703FF9EE7142A13D9542A1DD8CB
:10CAD0001A0B14006F326E34D600BCE7D16091603F
:10CAE000CA608A604C6033608DE762461D434D60CA
:10CAF000136088E714005C325B34D600ABE7012397
:10CB0000A410A340446823434360B3E7AA2464000D
:10CB1000A24205D8DA0B140078327734D6009AE7AF
:10CB20000A4CA24205D89A0C14007D327C34D600FF
:10CB300091E7FE267E24B6008DE7C046080200205D
:10CB40001002002000020020F01B0020540500000D
:10CB500082B000290AD0002A0BD0002B0BD013780A
:10CB60000B601078431E984102B0704701A9002A5B
:10CB7000F3D10020F8E702204042F5E7F0B5DE46A9
:10CB80004E4645465746E0B5E3B00C0090460A9144
:10CB900011938346FFF708FD036818002093FFF701
:10CBA00025FE32AB1F900822180000219946FFF79E
:10CBB000BDFBA3891B0604D52369002B01D101F01D
:10CBC000AEF839AB3693002300243893379314938F
:10CBD00000231C931D94002321931E9322932393DF
:10CBE0000C93C04B46461993BF4B39AC16935B462A
:10CBF0000993E6235B0035009A46B346A046199F89
:10CC0000099C5346FE58FFF7C7FC4A4603000092B2
:10CC100020002A002CA9B047002835D02CDB2C9B03
:10CC2000252B01D02D18ECE75E46AB1B44460700D0
:10CC30009A465D452FD16B1C0893002322AAD37717
:10CC400001225242170000226B780D920792089A37
:10CC5000013208921A00203A5A2A4DD816999200A9
:10CC60008A589746089B1B78F1E72023079A1A43B6
:10CC7000089B07921B78EAE7082200214846FFF745
:10CC800055FB01202D18BCE75E46AB1B4446070050
:10CC90009A465D4510D053466360389B26605344E6
:10CCA0003893379B01333793072B1CDC08340C9BDC
:10CCB00053440C93002FBED1099B9B46389B002BFD
:10CCC00001D001F089FB0A9B9A8940231340002B75
:10CCD00001D002F043F80C9863B0F0BCBB46B246FA
:10CCE000A946A046F0BD0A99099836AA04F04AFF61
:10CCF0000028E8D139ACDAE71793002BDCD049AE35
:10CD00003370002322AAD3771093013312930023A8
:10CD10009B461B931A93189301330B93079A842312
:10CD200011001940389D1591134200D1A1E122ABA9
:10CD3000DB7F002B22D000229046379B1F2222A9A6
:10CD40005218226001220135013362603895379311
:10CD5000072B01DD00F060FD08344346002B0DD0A9
:10CD6000379B2AAA2260022202350133626038957D
:10CD70003793072B01DD00F043FD0834159B802B12
:10CD800001D100F054FC5B46129A9F1A002F00DD7F
:10CD900080E1079BDB0500D5B3E1129B2660ED180F
:10CDA0006360379B389501333793072B00DD8DE0A7
:10CDB0000834079B5B0706D50D9B0B9A9E1A002E25
:10CDC00001DD00F035FD0D9B0B9A934200DA130054
:10CDD0000C9A94469C4463460C93002D01D000F0BD
:10CDE00061FC00233793109B002B03D01099099806
:10CDF000FFF7C4FD089E39ACFBE6303B00201A006B
:10CE0000089983001B185B00D0180B7801311A00B9
:10CE1000303A092AF5D90D9008911BE7072217939C
:10CE2000119BBB460733934319000CC911911100A4
:10CE30001A001C911D9201221D9B26915B005B082C
:10CE400027935242294B26982799FCF7C3FF0028C5
:10CE500001D000F055FE269827990122234B52421B
:10CE6000F9F7CEFF002801D000F04AFE1C981D996A
:10CE70008023079A9A43079200230022F9F7B6FF0E
:10CE8000002801D001F0F6F9179A22ABDB7F472A80
:10CE900001DC01F065FA164E002B01D001F0D2FE44
:10CEA00010930333129300239B461B931A931893FA
:10CEB00003330B9332E7BA465246AD190133226071
:10CEC000666038953793072B00DC71E70A9909985B
:10CED00036AA04F057FE002801D000F0ECFB389D84
:10CEE00039AC66E71C060020547C0200FFFFEF7F90
:10CEF000A47502000798BB461793830600D561E12D
:10CF00001199079A08C9D20601D501F086FF079A40
:10CF1000520601D401F041F91BB2DA170E930F92B9
:10CF2000131E119100DB5DE10E980F990023424220
:10CF30008B410E920F932D2322AAD3775B46002BB1
:10CF400003DB8023079A9A4307920E9A0F9B002BCC
:10CF500000D0ADE1092A00D9AAE10E9A303263234C
:10CF600022A99C31CA545B460B93002B01DC0123A0
:10CF70000B930122FF2622AB1292DB7F22AAB61866
:10CF8000002B01D101F017FF0B9B01330B936CE2D7
:10CF900017930023BB46119F22AA40CFD377002EC0
:10CFA00001D100F0AAFE179B532B01D101F067F8C5
:10CFB000079A1023110019401891134201D001F073
:10CFC0005EF85B46002B01DA01F011FA5A460021A7
:10CFD0003000FFF77FFB22ABDA7F1090002801D1F1
:10CFE00001F0A7FD109B991BCB43DB171291194051
:10CFF0000B91002A01D001310B9100239B461B931A
:10D000001A93109373331197179387E61793432B53
:10D0100004D0079BDB0601D400F015FE0822002196
:10D0200034A8FFF783F9119B49AE1A6831000998BB
:10D0300034ABFFF70BFC1290431C01D101F089FEC9
:10D04000129AD343DB171A400B92119B22AA043386
:10D0500011930023D377079A9B46110010931B93DB
:10D060001A93189384231940389D1591134200D0C8
:10D070005DE60D9B0B9A9F1A002F00DD7AE322AB31
:10D08000DB7F002B00D056E65B46129A9F1A002FDA
:10D0900000DC7EE6DD4A379B9246102F21DD102210
:10D0A000B0469346564603E0103F0834102F16DD75
:10D0B0005A46103501332660626038953793072B46
:10D0C000F2DD0A99099836AA04F05CFD002800D028
:10D0D000F1E2103F389D379B39AC102FE8DCB246A7
:10D0E00046465246ED190133226067603895379302
:10D0F000072B01DD00F0A8FC079B0834DB0500D4FA
:10D100004BE6179B652B00DCE2E21C981D99002280
:10D110000023F9F765FE002800D1CDE3BC4B0135B3
:10D12000236001236360379B389501333793072BC6
:10D1300001DD00F097FF08342B9B149A934201DB2A
:10D1400000F0AAFC209B23601F9BED186360379BB7
:10D15000389501333793072B01DD00F0BFFD08340C
:10D16000149B5E1E002E00DC23E6379BA74A102E80
:10D1700001DC01F09CFD17001022904604E0083409
:10D18000103E102E00DC96E6424610350133276033
:10D19000626038953793072BF1DD0A99099836AA12
:10D1A00004F0F0FC002800D085E2389D379B39ACB4
:10D1B000E6E710201793079BBB4618439B0601D454
:10D1C00000F092FC0723119A079007329A4301332B
:10D1D0009C469444634611930CCA0E920F93002B05
:10D1E00000DAA1E65B46002B00DAAEE68023079A60
:10D1F0009A4307920E9A0F9B1100194300D0A4E6A0
:10D200005B46002B01D101F097F83022A7E6119A76
:10D2100008CA0D93002B01DB00F045FC0D9B119219
:10D220005B420D93042321E5089B1B786C2B01D1F5
:10D2300000F04AFD102207991143079107E5089B6A
:10D240001B78682B01D100F055FD4022079911434E
:10D250000791FCE4079ABB461793930600D54BE170
:10D26000079D102328001199184004C92B4201D0B2
:10D2700001F0DAFD079E402335001D40334201D105
:10D2800000F09DFF00231204120C0F9322AB0E92AC
:10D29000D877002F06DB8023079898430790002A51
:10D2A00000D120E111910E9A0F9B002B00D151E685
:10D2B0008023079ADB001A4000239046A24614936D
:10D2C00062AF10E00E9A0F9B14001D000A2200238B
:10D2D00020002900F9F72AFE37000E900F91002D4B
:10D2E00001D101F023F80E980F990A220023F9F7D3
:10D2F0001DFE149B7E1E0133149343463032327060
:10D30000002BDFD01E9B149A1B789342DAD1FF2B9F
:10D31000D8D00E9B0F9C002C01D000F0CAFD092B29
:10D3200001D900F0C6FD5A4662AB9B1B54461293CE
:10D330000B929B4500DA0B9322ABDB7F20E60022A9
:10D34000119D344922A8BB4608CD0184C277002F25
:10D3500001DA00F021FC8021079888437E390843D8
:10D360000790002B01D000F0DAFE002F01D100F071
:10D37000EBFF6323FF2622A99C313032CA5422AB33
:10D38000F618002310931B9318931A93783317936E
:10D39000773B002111950B97129300F03AFC079808
:10D3A000BB461793830600D488E30723119A0732FC
:10D3B0009A4301339C469444634611931368526820
:10D3C000002122ADE9775946002927DB12490140A7
:10D3D00007911900114324D15946002921D1012375
:10D3E000190001400B91034201D100F0F5FD3022FC
:10D3F00022A862339C30C2540023FF261B931A9349
:10D400001893109322AB1291F61887E4587E02000D
:10D41000B0750200307800007FFBFFFFDA4908405A
:10D420000790072762AE390050071940DB08C31880
:10D43000180035003031013ED20831701043F2D16E
:10D44000079BDB0700D42DE2302900D12AE23023EC
:10D450005A46013E023D337062AB5B1B12930B9246
:10D460009B4501DA00F0FEFB2E00002310931B9376
:10D470001A93189352E4119A079B111D9B0600D52D
:10D480002BE3079BDB0601D500F042FE079B5B0602
:10D4900001D500F09AFF079B9B0501D400F038FEF0
:10D4A000119B0C9A1B6811911A70089EFFF7A1FB43
:10D4B00017931023079ABB46134392061DD4119A63
:10D4C000111D119A22A812680E9200220F92C277A3
:10D4D0005A46002A00DA55E38022934307930E9BB5
:10D4E000002B00D0DEE65B461191002B21D00022FC
:10D4F00000230E920F9330E513000721119A073293
:10D500008A43100006C80E910F92002222A9CA7702
:10D510005A461190002A00DA35E38022934307939C
:10D520000E9A0F9B1100194300D00EE55B46002BAD
:10D53000DDD112931B931A9318930B93109362AE41
:10D54000FFF7ECFB10201793079BBB4618439B0685
:10D5500000D52AE7119B191D119B00221B68119110
:10D560002EE70823FFF782FB099B18009846FFF778
:10D570001BF8436818002393FFF738F92290050041
:10D580004046FFF711F8089B82681B781E92002D19
:10D5900001D1FFF75CFB002A01D1FFF758FB12789D
:10D5A000002A01D1FFF753FB80220799D2001143D3
:10D5B0000791FFF74CFB0123FFF758FB22AA089BBA
:10D5C000D27F1B78002A01D0FFF741FB203222A92D
:10D5D000CA77FFF73CFB8023FFF748FB089B5D1CE5
:10D5E0001B782A2B01D101F0DAFB1A00303A29000E
:10D5F0000027092A01D901F0C0F9BB00DB195B0043
:10D600009F180B7801311A00303A092AF5D9089190
:10D61000002F01DBFFF71EFB01277F42FFF71AFBFC
:10D620002B2322AAD377089B1B78FFF710FB0D9BB7
:10D630000B9A9F1A002F01DCFFF7A5FB534A379B7B
:10D640009246102F20DD102290462A00554603E016
:10D65000103F0834102F15DD41461032013325608C
:10D66000616038923793072BF2DD0A99099836AA40
:10D6700004F088FA00281ED1103F389A379B39AC45
:10D68000102FE9DCAA4615005246ED19013322603D
:10D69000676038953793072B01DD00F01FFD0834D4
:10D6A000FFF771FB0A99099836AA04F06BFA002873
:10D6B00001D1FFF796FB099B9B46109B002B01D1E4
:10D6C000FFF701FB58461099FFF758F9FFF7FBFAEF
:10D6D000379B01350133984608239B46149BA3448E
:10D6E000012B00DC6EE10123636043462660389520
:10D6F0003793072B00DDC1E15B46209A1A605A463A
:10D700001F9BED1853600123984443463895379387
:10D71000072B00DDA4E108239B44149B00221C98E6
:10D720001D995C1E0023F9F75BFB002800D064E123
:10D73000012398445B4601361E605C6043462D1908
:10D7400038953793072B00DD49E108239B445A465F
:10D750002EAB1360219BED1853604346013338957F
:10D760003793072B01DDFFF7B1FB5C46FFF720FB8A
:10D77000022315930649389A8A46379B102F25DDD8
:10D78000B04610250E0009E0FFFBFFFF587E0200A7
:10D79000687E0200103F0834102F15DD103201336F
:10D7A0002660656038923793072BF3DD0A99099854
:10D7B00036AA04F0E7F9002800D07CE7103F389A39
:10D7C000379B39AC102FE9DCB24646465146BD18AE
:10D7D00001332160676038953793072B01DD00F036
:10D7E0002BFC22AAD27F0834002A00D060E1159ACF
:10D7F000002A01D1FFF7C7FA00221592FFF7B1FA0C
:10D800000A99099836AA04F0BDF9002800D052E719
:10D81000389D39ACFFF7B2FA0A99099836AA04F094
:10D82000B1F9002800D046E7389D39ACFFF795FAEA
:10D83000D64A379B9246102E1FDD170010229046C5
:10D8400003E0103E0834102E16DD42461035013339
:10D850002760626038953793072BF2DD0A990998A3
:10D8600036AA04F08FF9002800D024E7103E389D36
:10D87000379B39AC102EE8DCBA465246AD1901335D
:10D8800044C438953793072B01DCFFF79CFA0A99BB
:10D89000099836AA04F076F9002800D00BE7389DE5
:10D8A000FFF791FA5A4662AB9B1B12930B929B4572
:10D8B00000DBDAE50B93D8E52B98002800DC94E335
:10D8C000189B149A9846934200DDC5E14346002B0D
:10D8D0000BDD6360379B45440133266038953793F1
:10D8E000072B01DD00F04AFF08344346DB43424684
:10D8F000DB171340189AD31A9846002B00DD1EE25E
:10D90000189B9A46079BB2445B0500D544E22B9ACC
:10D9100014998A4204DB079BDB0701D400F026FD43
:10D92000209B23601F9BED186360379B3895013364
:10D930003793072B01DD00F08FFF0834149BF61896
:10D940009A1A5346F61A964200DD1600002E0CDD98
:10D9500053462360379BAD19013366603895379382
:10D96000072B01DD00F0CEFF0834F343DB171E4028
:10D97000961B002E01DCFFF71CFA379B844A102E01
:10D9800001DC01F094F917001022904605E00834FC
:10D99000103E102E01DCFFF78EFA4246103501339F
:10D9A0002760626038953793072BF0DD0A99099854
:10D9B00036AA04F0E7F8002800D07CE6389D379BB3
:10D9C00039ACE5E70123079A134200D08BE6636088
:10D9D0004346266038953793072B00DCB7E60A9953
:10D9E000099836AA04F0CEF8002800D063E6379BE9
:10D9F000389D984639AB9B46A9E6149B012B00DC69
:10DA0000A5E6112B01DC01F0A0F9614B10261F00E7
:10DA10005A46434604E00832103C102C00DCABE3CD
:10DA2000103501331760566038953793072BF2DDB8
:10DA30000A99099836AA04F0A5F8002800D03AE619
:10DA4000389D379B39AAE7E70A99099836AA04F066
:10DA500099F8002800D02EE6389D39ACFFF799F9E7
:10DA60000A99099836AA04F08DF8002800D022E619
:10DA7000379B389D984639AB9B464EE60A990998E4
:10DA800036AA04F07FF8002800D014E6379B389DB2
:10DA9000984639AB9B462FE6079BDB0701D4FFF77F
:10DAA00088F9FFF74FFB089B11921B78FFF7CFF81F
:10DAB000159A904600221592FFF740F91199079A9E
:10DAC00008C90798D20600D546E5420600D46CE3A3
:10DAD0001B0400221B0C119172E413680C9A119123
:10DAE0001A60D2175A60E0E4119B191D119B079030
:10DAF0001B681191DA170E930F921300FFF76FFB5B
:10DB00001C981D9902000B00FCF764F9002801D055
:10DB100001F023F8179B612B01D100F08FFD412B01
:10DB200001D100F0FFFE5B46013301D100F0EDFCB6
:10DB30008023079F179A5B001F431D9B672A01D113
:10DB400000F08AFF00211091472A01D100F084FFE4
:10DB50001C991D9A8023079F5B001F43002A01DA4E
:10DB600000F070FF1C9A1D9B2492259300231593AF
:10DB7000179B413B252B01D900F059FC054A9B001E
:10DB8000D3589F4611910793FFF7DFF9687E020093
:10DB9000587E0200C07D02000221079808430790CA
:10DBA0000D31D5481940415C11957825022717950C
:10DBB0006325AC4622AE3935761965461B09715589
:10DBC0001107CB181900FF2622AD1209761911434F
:10DBD0000F2500290BD019002940415C013E31700E
:10DBE0001B091107CB18190012091143F3D15A462A
:10DBF00062AB9B1B12930B929B4500DA0B930023A5
:10DC0000002110931B931A931893002F01D1FFF753
:10DC100085F8079884220300134015930B9B389DC9
:10DC200002330B93379B024205D10D9A0B98171ABA
:10DC3000002F00DD9CE5002901D1FFF792F80222B8
:10DC40009046FFF77BF8119B49AE1B6833700123A8
:10DC50000B931293FFF7F9F990464346002B00DD32
:10DC600037E642E60B93FFF7FFFBBB46A34817934B
:10DC7000079B119A9B0600D45FE1072307329A4362
:10DC800001339C4694446346119313685268079D80
:10DC900001212F000F40294200D037E122A9CF7780
:10DCA0005946002900DA69E19549079D0D401900A0
:10DCB0000795114300D173E10F211940415C77E7CB
:10DCC000BB468D481793D3E74C3B079A1A430792FC
:10DCD000089A537801320892FEF7B9FF0A99099819
:10DCE00036AA03F04FFF002800D0E4E4389D39AC99
:10DCF000FFF736FA9933FF33E7E75B460B93062BC2
:10DD000000D930E3002310930B9B7E4E1293002327
:10DD100011979B461B931A931893FEF7FFFF402120
:10DD20005846FCF73FFA0A9B18601861002801D199
:10DD300001F06FF840230A9A5361FEF742FF424612
:10DD4000379B102A01DC01F00EF86F4A47469246D5
:10DD5000102229009346B04622005646099C0A9D8F
:10DD600004E00832103F102F00DC98E258461031D2
:10DD700001331660506038913793072BF1DD29008D
:10DD8000200036AA03F0FEFE002801D000F0B5FE08
:10DD90003899379B39AAE5E7149B1E999C46B444F1
:10DDA00063461293584B88461F00102309999B46DF
:10DDB000230054468A461A992A0017961B9D00296B
:10DDC0002FDD002D6DDD013D239919602299521838
:10DDD00059603799389201313791072900DDB7E052
:10DDE0000833414612980978061B8E4200DD0E006A
:10DDF000002E0CDD3799921901311C605E6038925B
:10DE00003791072900DD76E1414609780833F04370
:10DE1000C01706408E1B002E12DC64181A990029C8
:10DE2000CFDC002DCFDCA2461C004346179E1E937C
:10DE3000149B1500F3189A4500D868E59A4666E5E4
:10DE40003799102E01DC00F040FF159703E0103EDB
:10DE50000833102E16DD5846103201311F6058600D
:10DE6000389237910729F2DD50460A9936AA03F015
:10DE700089FE002800D03BE2103E389A379939AB32
:10DE8000102EE8DC15989219013118605E60389206
:10DE90003791072900DDBCE341460978083364184F
:10DEA000BCE7012149428C461A99E04461441A9129
:10DEB0008AE7229A2399B61A3000FEF721FB1E99B1
:10DEC000013E4B788C460E980F995A1E93419C4404
:10DED00063460A221E930023F9F728F80E900F914B
:10DEE0000A220E980F990023F9F720F80123303207
:10DEF00032701493FFF706FA387502002475020099
:10DF00007FFBFFFF4C750200587E02001900114391
:10DF10003CD030252AA90D70179D4D70002122ADEF
:10DF2000E9775946002924DBE649079D02270D4081
:10DF30002900022529430791BEE608CA07991192D4
:10DF4000CA0614D44A060ED51B0400221B0C9EE6FA
:10DF500050460A9936AA03F015FE002800D0C7E102
:10DF6000389A39AB3DE7079A920500D50FE20022B7
:10DF70008DE602210227079D0D430795D249079D93
:10DF80000D400F2107951940415C11E622ABD9776E
:10DF90005B46002B00DA9DE1079ACA4B1A400792B4
:10DFA0005B46002B01D1FFF7C4FA6323027822A954
:10DFB0009C31CA545B460B93002B00DCE4E1002348
:10DFC0001093013312930023FF261B931A93189387
:10DFD00022ABF618FEF7A2FE002362AE12931B934B
:10DFE0001A9318931093FEF799FEB84B01352360EE
:10DFF00001236360379B389501333793072B00DD8E
:10E0000079E10834002800D095E00123079A1340F5
:10E01000149A134301D1FEF7CCFE209B23601F9B73
:10E0200059196360379B389101333793072B00DD13
:10E030005DE22200083290E00A99099836AA03F0BE
:10E04000A1FD002801D0FFF736FB22ABDB7F389D16
:10E05000002B66D0159A379B9046002239AC15925A
:10E06000FEF76CFE0A99099836AA03F08BFD00288A
:10E0700001D0FFF720FB389D39ACFFF75DF834ABDA
:10E080001800082200219A462D96FEF74FF95B46AC
:10E09000002B00DAB2E0A0460B975C460025B346A1
:10E0A000099F002611E05346380049A9FEF7CEFB30
:10E0B000431C01D100F024FD3018A04209DC0435D6
:10E0C000A04201D100F0CBFD06002D9B5A59002A39
:10E0D000E9D1129644465E460B9F9DE00A99099845
:10E0E00036AA03F04FFD002801D0FFF7E4FA389D6F
:10E0F00039ACFEF748FE50460A9936AA03F042FDB5
:10E10000002800D0F4E04346389A197839AB7EE60F
:10E11000119B0C9A1B681A601191FFF7C6F90F2129
:10E120003FE5159B002B00D12BE10022379B159278
:10E1300039ACFEF716FE209B23601F9B59196360C4
:10E14000379B389101333793072B00DDCFE1220055
:10E150000832002801DA00F021FC14980133451838
:10E160001660506038953793072B01DDFEF7AEFE41
:10E1700008321400FEF71DFE98469346BA465B46E9
:10E18000524614C30123984443462D1938953793BA
:10E19000072B01DCFFF7D9FA21E4079A920501D495
:10E1A000FEF7BBFE5BB2FEF7B8FE0798820500D40F
:10E1B000F1E0FF22119113400022FFF701F9079EC1
:10E1C000802330009B0018401E4200D1E8E0023B53
:10E1D000FF3B134000220F9222AA0E93D577002F07
:10E1E00001DAFFF75FF88022079890430790002B31
:10E1F00001D1FFF778F91191FFF755F85346002147
:10E200000093099800232DAAFEF74AFB1290431CA5
:10E2100001D100F0FBFD2D96129B002B78D0632BD3
:10E2200000DD4DE1002349AE109308220021504645
:10E23000FEF77CF85346129D009331002B0009989D
:10E240002DAAFEF72DFB854201D000F0CDFD002365
:10E25000129AB354D343DB171A4022ABDB7F0B92E5
:10E26000002B00D0C9E39B4611971B931A93189378
:10E27000FEF754FD2D2322AAD377179B472B00DDF1
:10E28000C7E0002310930333129300239B461B9394
:10E290001A93189304330E4E0B93FEF73FFDB246CC
:10E2A000140046460D00B846524622604246454498
:10E2B0000133626038953793072B00DD0AE108349B
:10E2C000FFF71EFB7FFBFFFFFFFBFFFFB0750200A8
:10E2D000A0750200D64B079AFF261A4063230792C7
:10E2E00022A902789C31CA5422AB0027F6187EE49A
:10E2F000D346FFF7E2F90A99099836AA03F042FCDF
:10E30000002801D0FFF7D7F92B98389D39AC79E672
:10E3100022ABDA7F1197531E9A4100230B929B4642
:10E320001B931A9318931093FEF7F8FC092C01D94C
:10E33000FEF7D9FFFEF7F7FF002222ABDB7F0B923F
:10E34000129262AEFEF71CFE7823002111951B97F6
:10E3500018971A970B97129762AE1097179358E475
:10E36000B44EFEF799FD06230B93CBE45346761883
:10E370008A1AF61A964201DCFFF7F7FA1600FFF741
:10E38000F4FA39ACFEF7FFFC01230B9317E6FF22EA
:10E39000134000227BE4002207981191FFF710F848
:10E3A00000230F9322AB0E92D877002F01DAFEF7ED
:10E3B00079FF8023079A9A430E9B0792002B01D185
:10E3C000FFF791F81191FEF76EFF119B0C9A1B68F5
:10E3D00011911A80FFF769F80A9C36AA2100584665
:10E3E00003F0D0FB4023A2891340FEF770FC3000FD
:10E3F000FEF7FCF9C3430200DB171A4022ABDB7FB8
:10E4000012900B92002B00D185E301320B92FEF7A4
:10E41000F4FD002310930333129300239B461B93B8
:10E420001A9318930433844E0B93FEF777FC34ABA6
:10E4300004932DAB03932BAB02935B460193022312
:10E4400009980093249A259B04F0EAFA0600079B9A
:10E45000DB0700D551E2349B991B2B9B14911A00CA
:10E460001893033300DA05E2934500DAD4E19142D0
:10E4700000DD85E2189B1293079B5B0503D5189B73
:10E48000002B00DD9DE3129A0797D343DB171A4058
:10E4900067230B92179300231B931A930223079F62
:10E4A0001F40159B002B00D1ABE02D232D2122AA6C
:10E4B000D3770B9B01330B9300239B46FFF7A5FB00
:10E4C0000998591CFBF76EFE061E01D100F0AFFC47
:10E4D0001090AAE60A99099836AA03F053FB00287F
:10E4E00001D0FFF7E8F8389D39ACFFF709FA0A992F
:10E4F000099836AA03F046FB002801D0FFF7DBF8A5
:10E500002B983899379B39AA23E6002310930633BA
:10E510009B46FFF71DFB5B4601331493022334AA8D
:10E52000149D04922DAA03922BAA029201950093A6
:10E530000998249A259B04F073FA2023179A060061
:10E540009A4390464519462A00D124E124982599FA
:10E5500000220023F8F744FC002800D0FAE245220C
:10E56000349B9046AB4201D300F02FFC30215A1C63
:10E5700034921970349B9D42F9D89B1B14934346E7
:10E580002B9A1892472B00D140E1462B00D11BE17A
:10E59000189B179A581E2EAB2B901A70002800DA81
:10E5A00070E12B225A70092800DD73E1302222A984
:10E5B0009A7003325218303010700132D31A2193FE
:10E5C000149B21995A181292012B00DCACE2129B89
:10E5D0001F9A9B181293164B079A1A401300802219
:10E5E00052001A430792129AD343DB171A400023B2
:10E5F0000B921B931A93189350E75B4614930323D3
:10E600008DE722ABD97F002900D052E78B46FFF778
:10E61000FCFA50460A9936AA03F0B4FA002800D052
:10E6200066E643461978389A39AB6418FFF7F6FB6B
:10E63000FFFBFFFFA0750200A4750200DB4B22AABE
:10E6400013840223079A1A435B460792632B00DD6B
:10E6500048E21C991D9A002A00DA1DE21C981D99B7
:10E660002BAA04F0F7F8FF2300229B05FAF7F0FC31
:10E670000022002312901391F8F7B2FB002800D17A
:10E6800010E301232B93002349AE15931093C84B3D
:10E690000B93149418963400129E139F5D4607E066
:10E6A00000220023013DF8F79BFB002800D0B7E2D1
:10E6B0000022C04B30003900FAF7CAFC0F000600F8
:10E6C000FBF7A8FB8046FBF7DDFB02000B003000E8
:10E6D0003900FAF775FFA24642460B9B06009B5C89
:10E6E00052460F0001341370002DD9D10022B24BD5
:10E6F0002700454612901391A046189E149CF8F7E7
:10E7000089FB002809D1129813990022AA4BF8F727
:10E7100067FB002818D0ED0716D5534634934346BF
:10E720000B99013B1A78C97B914207D130201870B0
:10E73000349B013B34931A788A42F8D0392A00D1AD
:10E74000D8E20132D2B21A702B99BB1B1493179BDB
:10E75000481E70222B90612B02D041235022179328
:10E760002EAB1A70002800DAA4E22B225A70092876
:10E7700000DD8FE0073222A952181CE70A99099898
:10E7800036AA03F0FFF9002801D0FEF794FF389D68
:10E7900039ACFFF7AAF83378302B00D104E22B9B79
:10E7A000ED180022249825990023F8F719FB00287A
:10E7B00025D1349B9D4200D9D8E69B1B1493434638
:10E7C0002B9A1892472B21D00123079A13405A46BF
:10E7D0001343189A002A00DCC9E2002B00D0DBE1C9
:10E7E000189B129366231793079B5B0500D5EAE1FC
:10E7F000129AD343DB171A400B9207974BE62B9BD9
:10E800001893AB1B14934346472BDDD1189B03335E
:10E8100030DB189B9B4510DA179A189B023A581E5A
:10E820002EAB17922B901A70002800DBB9E601205E
:10E83000189A801A2D225A70B8E6149B189A93429F
:10E8400000DD9DE0189A079B1292DB0700D413E6C7
:10E850001F9BD21812920FE60A99099836AA03F064
:10E8600091F9002801D0FEF726FF2B9A389D39AC8C
:10E87000FFF764F8189B179A013B023A2B932EABD3
:10E8800017921A7001202D2218995A70401A0831D7
:10E8900000DB8BE63F2222A95218A04692461500C3
:10E8A0000400B3460B9320000A21F8F783FA2F00E7
:10E8B0003031013D200029700A21F8F795F9260032
:10E8C0000400632EEFDCBA1E303044465E460B9BDC
:10E8D0001070924500D874E2322022A9401801003D
:10E8E000157801320D7001319245F9D10200524480
:10E8F0000232D21BD31A219362E65B46F5184723F6
:10E9000098464EE70A99099836AA03F03BF9002881
:10E9100001D0FEF7D0FE2B9A149B389D9A1A39AC81
:10E92000FFF723F8254B22AA13840223079A1A43E0
:10E930005B460792632B00DDD4E01C991D9A002AE8
:10E9400000DAA9E01C981D992BAA03F083FFFF238E
:10E9500000229B05FAF77CFB002200231290139102
:10E96000F8F73EFA002801D001232B9300231593DA
:10E970001093134B49AE0B938BE60895FEF76AF99B
:10E980001F9A149B9B1867221792189A1293002AB9
:10E9900000DD29E79B1A5A1C12922AE745421030E3
:10E9A00000DB1EE207481024070011E03078000069
:10E9B00038750200000030400000E03F3058000091
:10E9C00024750200587E02000832103D102D1FDD14
:10E9D000103101331760546038913793072BF3DD02
:10E9E0000A99099836AA03F0CDF8002801D0FEF75D
:10E9F00062FE3899379B39AAE7E70B9B11970133E1
:10EA00000B9300239B461B931A931893FEF786F9EA
:10EA1000BA46504649190133106055603891379312
:10EA2000072B01DCFFF706FB0A99099836AA03F0C9
:10EA3000A9F8002801D0FEF73EFE3899379B39AA85
:10EA4000FFF78BFB1300802212069B1825932D23C2
:10EA500024911593FFF78CF85A46002A00D116E14D
:10EA6000002B00DA66E11C9A1D9B2492259300235B
:10EA7000159334AB04932DAB03932BAB02935B46FE
:10EA80000193022309980093249A259B03F0C8FF61
:10EA9000002306001093DAE41300802212069B186C
:10EAA0002593002310932D33249149AE15932BAA5F
:10EAB0002498259903F0CEFEFF2300229B05FAF748
:10EAC000C7FA0022002312901391F8F789F9002861
:10EAD00001D001232B93DA4B0B93179B612B00D0B2
:10EAE000D7E5D4E55B460998591CFBF75BFB061E8E
:10EAF00000D170E11090FFF72BF8A346FEF7DDFD83
:10EB0000BB4640220A9B9B891343002210920A9A1B
:10EB10009381FEF7D2FD9B461B931A9310937323A8
:10EB200011971793FEF7FAF8079BDB0700D452E51D
:10EB30004DE5002A00D1D1E05B4601330B935B46E3
:10EB4000129300239B461B931A93733311971793C9
:10EB5000FEF7E4F82B9B18931AE51D9B0799DB0F32
:10EB6000DA071892802291430791002B7DD02D2344
:10EB700022AAD377179B472B00DCCDE0002310930C
:10EB80000333129300239B461B931A931893043369
:10EB9000AC4E0B93FEF7C2F813001F9A5B449B1810
:10EBA0001293662317931FE60022249825990023C9
:10EBB000F8F716F9002800D18BE02B9B1893ED187D
:10EBC0001FE6672317931E990B78FF2B00D127E1CF
:10EBD00000221B921A92189A05E01A98013101300E
:10EBE0001A90FF2B0AD0934208DAD21A4B78002BE6
:10EBF000F3D11B9B01331B930B78F2E71E91189204
:10EC00001A9A1B9B07979B18229A5343129A944671
:10EC10009C446246D343DB1712921A400B923DE4A8
:10EC2000A0462B002700434430223900149C189E34
:10EC30000133002D00DA87E50A7001319942FBD1DA
:10EC40000F0081E5002310930333129300239B46AA
:10EC50001B931A93189304330B93FEF75FF81294E7
:10EC60005E4644460B9FFFF7D7FA179A22ABDB7F2D
:10EC7000472A42DD734E002B00D0BCE09B461B931D
:10EC80001A931093033312930B93FEF747F8002B5C
:10EC900035DB1C9A1D9B2492259300231593013389
:10ECA0009B46E6E6002349AE15931093EFE49246A7
:10ECB000FEF702F901202D22401A5A70083100DABD
:10ECC000E8E5053222A9521875E45F481590FFF770
:10ECD000D9F80123149A9B1A2B9361E55B46129392
:10ECE0000B9300239B46733311971B921A92179331
:10ECF000FEF714F80B9A927A25E5544EBBE71C995F
:10ED00001D9A1300802212069B1825932D2315931C
:10ED10002C3B9B462491ACE60023109303331293C3
:10ED200000239B461B931A9318930433474E0B936F
:10ED3000FDF7F4FF1C991D9A1300802212069B1800
:10ED400025932D232491159393E63F4B9A46FFF785
:10ED500016FA40220A998B8913438B8101235B4267
:10ED60000C93FDF7B8FF384A9246FFF79DFA002B47
:10ED700008D101230B9365331793653B07971293D3
:10ED8000FFF789FB1F9B07975A1C5A44D343DB1795
:10ED900012921A4066230B921793FFF77CFB119A8D
:10EDA00080CA002F01DA01277F42089B11925B780D
:10EDB0000895FDF74CFF10931B931A931893FDF7DA
:10EDC000ADFF02232193FFF7FBFB2B9A9B1B1892AD
:10EDD0001493FFF7DDFB40230A998A8913438B8143
:10EDE000BCE71948824614E64022099B9B460A9BD1
:10EDF0009B8913438BE600239B461B931A93109326
:10EE00000333129301330B93FDF788FF099B9B4655
:10EE100077E60C235A461360A0E70798FEF766FED4
:10EE200000231B931A93EBE62B00FEF74AFB099B8A
:10EE30009B460A9B9A8940231090134367E6C0467D
:10EE400024750200AC750200587E0200A87502000D
:10EE5000F0B5DE464E4645465746E0B5E3B091462E
:10EE6000099183461C001193FDF79EFB036818006F
:10EE70002093FDF7BBFC32AB1E9008221800002146
:10EE80009846FDF753FA5B46002B04D05B6B002BD2
:10EE900001D101F020FA099B5A6E0C215B5E012121
:10EEA000114201D100F062FE980401D500F0AAFFE2
:10EEB000802189010B4309998B81BA4B1A404A661C
:10EEC0000123910401D502F002F9099B0C229B5EFB
:10EED0001A0701D400F023FE099A1269002A01D111
:10EEE00000F01DFE1A221A400A2A01D100F028FE65
:10EEF00039AB3693002300243893379314930023BF
:10EF00001C931D94002321931F93229323930C930E
:10EF1000A54B4E461993A54B39AC16935B460A9305
:10EF2000E6235B0035009A46B346A146199F0A9C2A
:10EF30005346FE58FDF730FB424603000092200086
:10EF40002A002CA9B047002801D100F0BEFC01DA4C
:10EF500000F0B2FC2C9B252B01D02D18E8E75E4673
:10EF6000AB1B4C4607009A465D4501D000F0B4FC4F
:10EF70006B1C0893002322AAD37701225242170068
:10EF800000226B780D920792089A013208921A00BB
:10EF9000203A5A2A03D8169992008A58974617930E
:10EFA000002B01D100F0ACFC49AE3370002322AA43
:10EFB000D37710930133129300239B461B931A932C
:10EFC000189301330B93079A842311001940389D3D
:10EFD0001591134200D14AE122ABDB7F002B22D0F6
:10EFE00000229146379B1F2222A95218226001223B
:10EFF00001350133626038953793072B01DD00F04E
:10F00000D8FD08344B46002B0DD0379B2AAA22602E
:10F01000022202350133626038953793072B01DDF8
:10F0200000F0BBFD0834159B802B01D100F075FC6E
:10F030005B46129A9F1A002F00DD2AE1079BDB0531
:10F0400000D55DE1129B2660ED186360379B389513
:10F0500001333793072B00DD8DE00834079B5B07F6
:10F0600006D50D9B0B9A9E1A002E01DD00F0ADFD1A
:10F070000D9B0B9A934200DA13000C9A94469C4421
:10F0800063460C93002D01D000F086FC00233793DB
:10F09000109B002B03D010990A98FDF76FFC089E77
:10F0A00039AC3DE7303B00201A00089983001B185B
:10F0B0005B00D0180B7801311A00303A092AF5D9D3
:10F0C0000D90089163E707221793119BBB46073306
:10F0D000934319000CC9119111001A001C911D9243
:10F0E00001221D9B26915B005B0827935242304B07
:10F0F00026982799FAF76EFE002801D000F016FF37
:10F100002698279901222A4B5242F7F779FE0028C8
:10F1100001D000F00BFF1C981D998023079A9A4399
:10F12000079200230022F7F761FE002801D001F0CA
:10F130002FFC179A22ABDB7F472A01DD01F0FDF996
:10F140001C4E002B01D001F02BFF109303331293C0
:10F1500000239B461B931A93189303330B9332E7B8
:10F16000BA465246AD19013322606660389537932E
:10F17000072B00DC71E709990A9836AAFCF74CFDC9
:10F18000002801D000F011FC389D39AC66E7089BDF
:10F190001B78F9E62023079A1A43089B07921B78ED
:10F1A000F2E6C046FFDFFFFF1C060020787E02006B
:10F1B000FFFFEF7FA07502000798BB4617938306F9
:10F1C00000D55AE11199079A08C9D20601D502F073
:10F1D00056F8079A520601D401F066F91BB2DA1705
:10F1E0000E930F92131E119100DB56E10E980F99AA
:10F1F000002342428B410E920F932D2322AAD377F4
:10F200005B46002B03DB8023079A9A4307920E9AF2
:10F210000F9B002B00D07DE2092A00D97AE20E9ADA
:10F220003032632322A99C31CA545B460B93002BD6
:10F2300001DC01230B930122FF2622AB1292DB7F1C
:10F2400022AAB618002B01D101F0C4FF0B9B013399
:10F250000B93002310931B931A931893079A8423FC
:10F2600011001940389D1591134200D0B4E60D9B52
:10F270000B9A9F1A002F01DD00F012FC22ABDB7FFE
:10F28000002B00D0ACE65B46129A9F1A002F00DCE0
:10F29000D4E6D84A379B9246102F21DD1022B14682
:10F2A0009346564603E0103F0834102F16DD5A46A9
:10F2B000103501332660626038953793072BF2DDF5
:10F2C00009990A9836AAFCF7A7FC002800D06CE33D
:10F2D000103F389D379B39AC102FE8DCB2464E46C4
:10F2E0005246ED1901332260676038953793072B3A
:10F2F00001DD00F07BFD079B0834DB0500D4A1E6AF
:10F30000179B652B00DC70E31C981D9900220023DD
:10F31000F7F766FD002801D100F09EFCB64B0135E1
:10F32000236001236360379B389501333793072BA4
:10F3300001DD00F0D5FF08342B9B149A934201DBCA
:10F3400000F067FD209B23601E9BED186360379BD8
:10F35000389501333793072B01DD00F0C7FE0834E1
:10F36000149B5E1E002E00DC78E6379BA14A102E0F
:10F3700001DC01F0F3FE17001022914604E008348E
:10F38000103E102E00DCEBE64A46103501332760B4
:10F39000626038953793072BF1DD09990A9836AAF0
:10F3A000FCF73AFC002800D0FFE2389D379B39ACCF
:10F3B000E6E71793432B01D100F0B9FE079BDB066C
:10F3C00001D500F0B4FE119B49AE1B6833700123D8
:10F3D0000B931293119B22AA0433119300239B4693
:10F3E000D37710931B931A931893ECE5179300238C
:10F3F000BB46119F22AA40CFD377002E01D100F047
:10F4000084FE179B532B01D100F077FF079A10233E
:10F41000110019401891134201D000F06EFF5B46B5
:10F42000002B01DA01F090F95A4600213000FDF777
:10F4300051F922ABDA7F1090002801D101F0D1FD03
:10F44000109B991BCB43DB17129119400B91002A9B
:10F4500001D001310B9100239B461B931A9310930B
:10F46000733311971793AEE510201793079BBB4694
:10F4700018439B0601D400F013FD0723119A07904F
:10F4800007329A4301339C469444634611930CCA55
:10F490000E920F93002B00DAA8E65B46002B00DAF1
:10F4A000B5E68023079A9A4307920E9A0F9B1100A4
:10F4B000194300D0ABE65B46002B01D101F025F8E3
:10F4C0003022AEE6119A08CA0D93002B01DB00F042
:10F4D000ABFC0D9B11925B420D9304235BE6102065
:10F4E0001793079BBB4618439B0601D400F0E4FC2E
:10F4F0000723119A07329A4301339C46944463468A
:10F50000119313685268002122ADE977594600290A
:10F510001FDB3A4901400791190011431CD159469C
:10F52000002919D10123190001400B91034201D197
:10F5300000F0C8FE302222A862339C30C25400235F
:10F54000FF261B931A931893109322AB1291F6186F
:10F5500039E52B4908400790072762AE390050076C
:10F560001940DB08C318180035003031013ED208BD
:10F5700031701043F2D1079BDB0714D5302912D02C
:10F5800030235A46013E023D337062AB5B1B12933F
:10F590000B929B4500DA0B9300232E0010931B93D4
:10F5A0001A9318935AE65A4662AB9B1B12930B921E
:10F5B0009B4500DA4CE6002310931B931A93189393
:10F5C0004CE60823E7E5089B1B786C2B01D100F083
:10F5D00083FD1022079911430791D5E4089B1B78FE
:10F5E000682B01D100F08EFD40220799114307914D
:10F5F000CAE4C0467C800200B07502007FFBFFFFBA
:10F60000FFFBFFFF0022119DE14922A8BB4608CD68
:10F610000184C277002F01DA00F0CDFC8021079829
:10F6200088437E3908430790002B01D000F0D1FEBB
:10F63000002F01D100F074FF632322A99C313032E6
:10F64000CA547823FF26179322ABF6180023109391
:10F6500018931A9301331293002300210B971195ED
:10F660001B9300F0E5FC0798BB461793830600D573
:10F670003EE71199079A08C90798D20601D500F00C
:10F680001DFC420601D400F017FF1B0400221B0CD6
:10F69000119138E7119A079B111D9B0601D500F0C7
:10F6A000F7FB079BDB0601D500F08CFE079B5B0692
:10F6B00001D500F053FF079B9B0501D400F082FEAB
:10F6C000119B0C9A1B6811911A70089E28E41793DD
:10F6D0001023079ABB461343920669D4119A111D51
:10F6E000119A22A812680E9200220F92C2775A46EF
:10F6F000002A01DA00F05BFC8022934307930E9B03
:10F70000002B01D100F004FC11910E9A0F9B002BED
:10F7100000D181E58023079ADB001A40002391463F
:10F72000A246149362AF10E00E9A0F9B14001D00C6
:10F730000A22002320002900F7F7F8FB37000E907B
:10F740000F91002D01D101F0EEF90E980F990A22C8
:10F750000023F7F7EBFB149B7E1E013314934B46FB
:10F7600030323270002BDFD01F9B149A1B789342EB
:10F77000DAD1FF2BD8D00E9B0F9C002C01D001F0CA
:10F780005EF8092B01D901F05AF85A4662AB9B1B6F
:10F79000544612930B929B4500DA0B9322ABDB7F0E
:10F7A00050E5079ABB461793930600D48CE31300E9
:10F7B0000721119A07328A43100006C80E910F9252
:10F7C000002222A9CA775A461190002A01DA00F0D5
:10F7D000EFFB8022934307930E9A0F9B110019436E
:10F7E00000D014E55B46002B00D196E300220023F5
:10F7F0000E920F9313E50A9B18009946FCF7D4FE6E
:10F80000436818002393FCF7F1FF22900500484657
:10F81000FCF7CAFE089B82681B781F92002D01D15D
:10F82000FFF7B2FB002A01D1FFF7AEFB1278002AE6
:10F8300001D1FFF7A9FB80220799D200114307915C
:10F84000FFF7A2FB0123A6E422AA089BD27F1B7824
:10F85000002A01D0FFF798FB203222A9CA77FFF7D0
:10F8600093FB802397E4089B5D1C1B782A2B01D116
:10F8700001F08BFC1A00303A29000027092A01D92F
:10F8800001F088FABB00DB195B009F180B7801318F
:10F890001A00303A092AF5D90891002F01DBFFF749
:10F8A00076FB01277F42FFF772FB2B2322AAD37737
:10F8B000089B1B78FFF768FB082200214046FCF7F5
:10F8C00035FD01202D18FFF733FB5E46AB1B4C4680
:10F8D00007009A465D4513D053466360389B266007
:10F8E00053443893379B01333793072B00DDCCE02B
:10F8F00008340C9B53440C93002F01D0FFF738FBC6
:10F900000A9B9B46389B002B01D000F030FF002360
:10F910003793099B0C229B5E53E00D9B0B9A9F1A19
:10F92000002F01DCFFF784FB1A4A379B9246102F09
:10F9300020DD102291462A00554603E0103F08348E
:10F94000102F15DD49461032013325606160389271
:10F950003793072BF2DD09990A9836AAFCF75CF970
:10F96000002822D1103F389A379B39AC102FE9DCA0
:10F97000AA4615005246ED1901332260676038959A
:10F980003793072B00DD6DE30834FFF751FBC046CA
:10F99000307800007C80020009990A9836AAFCF7AA
:10F9A0003BF9002801D1FFF771FB0A9B9B46109B96
:10F9B000002B03D058461099FCF7E0FF099B0C225E
:10F9C0009B5E099A526ED20703D49A0501D400F0C7
:10F9D0005AFC5B0601D501F07EFB0C9863B0F0BCCD
:10F9E000BB46B246A946A046F0BD379B0135013360
:10F9F000994608239B46149BA344012B00DCB3E1EA
:10FA0000012363604B46266038953793072B00DD52
:10FA1000E2E35B46209A1A605A461E9BED1853603B
:10FA2000012399444B4638953793072B00DDB8E303
:10FA300008239B44149B00221C981D995C1E0023E4
:10FA4000F7F7CEF9002800D0A9E1012399445B46DD
:10FA500001361E605C604B462D1938953793072B95
:10FA600000DD8EE108239B445A462EAB1360219B98
:10FA7000ED1853604B46013338953793072B01DD62
:10FA8000FFF779FB5C46FFF7E8FA09990A9836AA6E
:10FA9000FCF7C2F8002891D139AC2AE7022315936C
:10FAA000DF49389A8A46379B102F1FDDB146102553
:10FAB0000E0003E0103F0834102F15DD1032013323
:10FAC0002660656038923793072BF3DD09990A9811
:10FAD00036AAFCF7A1F8002800D066E7103F389A54
:10FAE000379B39AC102FE9DCB2464E465146BD1863
:10FAF00001332160676038953793072B00DDCAE337
:10FB000022AAD27F0834002A00D092E1159A002A56
:10FB100001D1FFF78DFA00221592FFF777FA099DC0
:10FB200058462900FCF776FB002801D001F0D8FAEE
:10FB30000C22AB5E1A221A400A2A01D0FFF7D8F92C
:10FB400009990E200A5E002A01DAFFF7D1F94A6E00
:10FB5000D20703D49B0501D400F06CFE23004A4673
:10FB60005846099901F0BCFB0C9036E7980566D51C
:10FB7000980401D4FFF79CF95213114201D1FFF709
:10FB8000A7F9099B9B899B0501D501F0A4FA099B64
:10FB9000986DFCF79DFD01F09EFA09990A9836AA26
:10FBA000FCF73AF8002800D0FFE6389D39ACFFF7A3
:10FBB0003AFA09990A9836AAFCF72EF8002800D0DC
:10FBC000F3E6389D39ACFFF71DFA954A379B92460C
:10FBD000102E1FDD17001022914603E0103E08345E
:10FBE000102E16DD4A4610350133276062603895C5
:10FBF0003793072BF2DD09990A9836AAFCF70CF81F
:10FC0000002800D0D1E6103E389D379B39AC102E2D
:10FC1000E8DCBA465246AD19013344C438953793EF
:10FC2000072B01DCFFF724FA09990A9836AAFBF79B
:10FC3000F3FF002800D0B8E6389DFFF719FA099DB8
:10FC4000A86DFCF741FD0C216B5E6A6E990401D52D
:10FC5000FFF736F9FFF72CF92B98002800DCEEE0CF
:10FC6000189B149A9946934200DD91464B46002B0F
:10FC70000BDD6360379B4D44013326603895379325
:10FC8000072B01DD00F0DEFF08344B46DB434A461C
:10FC9000DB171340189AD31A9946002B00DDC5E3F1
:10FCA000189B9A46079BB2445B0501D500F098FE6D
:10FCB0002B9A14998A4204DB079BDB0701D400F0DE
:10FCC0003FFC209B23601E9BED186360379B38959B
:10FCD00001333793072B01DD00F0EEFF0834149B4E
:10FCE000F6189A1A5346F61A964201DD00F00AFCFD
:10FCF000002E0CDD53462360379BAD19013366603F
:10FD000038953793072B01DD01F047F80834F343AA
:10FD1000DB171E40961B002E01DCFFF79FF9379B77
:10FD2000404A102E01DC01F019FA1700102291460A
:10FD300005E00834103E102E01DCFFF711FA4A46A8
:10FD4000103501332760626038953793072BF0DD5B
:10FD500009990A9836AAFBF75FFF002800D024E62D
:10FD6000389D379B39ACE5E70123079A134200D051
:10FD700046E663604B46266038953793072B00DCD8
:10FD800072E609990A9836AAFBF746FF002800D0C8
:10FD90000BE6379B389D994639AB9B4664E6149B2E
:10FDA000012B00DC60E6112B01DC01F03FFA1D4B5A
:10FDB00010261F005A464B4604E00832103C102C17
:10FDC00000DC60E3103501331760566038953793D7
:10FDD000072BF2DD09990A9836AAFBF71DFF0028C8
:10FDE00000D0E2E5389D379B39AAE7E709990A98E0
:10FDF00036AAFBF711FF002800D0D6E5389D39ACB4
:10FE0000FFF71CF95213114201D1FFF761F801F01D
:10FE100062F9079BDB0701D4FFF720F9FFF792FA9D
:10FE20008C8002007C800200089B11921B78FFF7F7
:10FE3000ABF8159A914600221592FFF7D4F8E04BE3
:10FE40000135236001236360379B38950133379375
:10FE5000072B01DD00F07BFE0834002800D0BAE259
:10FE60000123079A1340149A134301D1FFF7F6F8C0
:10FE7000209B23601E9B59196360379B3891013387
:10FE80003793072B01DD00F07DFC22000832B4E23D
:10FE900013680C9A11911A60D2175A60FFF715FC7B
:10FEA000119B191D119B07901B681191DA170E9376
:10FEB0000F921300FFF7EEFA119B191D119B002200
:10FEC0001B681191FFF71FFB079D10232800119954
:10FED000184004C92B4201D001F0E9F9079E4023E4
:10FEE00035001D40334200D1EFE200231204120C12
:10FEF0000F9322AB0E92D877002F01DAFFF704FCA4
:10FF00008023079898430790002A01D0FFF7FCFB55
:10FF10005B461191002B00D068E412931B931A9357
:10FF200018930B93109362AEFFF74DF81C981D9930
:10FF300002000B00F9F74EFF002801D001F062F833
:10FF4000179B612B01D100F01DFE412B00D135E341
:10FF50005B46013301D100F0F2FF8023079F179A1F
:10FF60005B001F431D9B672A01D100F0C8FF0021E1
:10FF70001091472A01D100F0C2FF1C991D9A8023DD
:10FF8000079F5B001F43002A01DA00F0A1FF1C9AC3
:10FF90001D9B2492259300231593179B413B252BF2
:10FFA00001D900F0FDFB874A9B00D3589F46119171
:10FFB0000793FFF72CF902210798084307900D31AA
:10FFC00081481940415C11957825022717956325D2
:10FFD000AC4622AE3935761965461B0971551107B5
:10FFE000CB181900FF2622AD1209761911430F25EF
:10FFF00000290BD019002940415C013E31701B09DA
:020000022000DC
:100000001107CB18190012091143F3D15A4662ABFC
:100010009B1B12930B929B4500DA0B93002300214C
:1000200010931B931A931893002F01D1FEF7CBFF67
:10003000079884220300134015930B9B389D0233CD
:100040000B93379B024205D10D9A0B98171A002F7C
:1000500000DD23E5002901D1FEF7D8FF02229146F9
:10006000FEF7C1FF09990A9836AAFBF7D5FD0028CB
:1000700000D09AE4389D39ACFEF7DAFFBB4653480E
:100080001793079B119A9B0600D47FE00723073242
:100090009A4301339C469444634611931368526813
:1000A000079D01212F000F40294258D122A9CF7767
:1000B0005946002900DAAAE04549079D0D4019007C
:1000C0000795114300D1B4E00F211940415C7EE750
:1000D000BB463D481793D4E74C3B079A1A43079217
:1000E000089A537801320892FEF74EFF09990A9850
:1000F00036AAFBF791FD002800D056E4389D39ACB4
:10010000FFF72EF99933FF33E7E75B460B93062B96
:1001100000D902E2002310930B9B2E4E1293002372
:1001200011979B461B931A931893FEF74CFF0822D6
:10013000002134A8FCF7FAF8119B49AE1A68310087
:100140000A9834ABFCF782FB1290431C00D18BE081
:10015000129AD343DB171A400B92FFF73BF91900B1
:1001600011435CD030252AA90D70179D4D700021D8
:1001700022ADE9775946002944DB1549079D02273E
:100180000D4029000225294307919DE708CA0799D8
:100190001192CA0634D44A062ED51B0400221B0C29
:1001A0007EE709990A9836AAFBF736FD002801D0A8
:1001B000FFF7FBFB379B389D994639AB9B4639E4EB
:1001C000B0750200E47F0200387502002475020059
:1001D0007FFBFFFF4C75020009990A9836AAFBF7CE
:1001E0001BFD002801D0FFF7E0FB379B389D9946A7
:1001F00039AB9B46FFF70DFC079A920500D5CDE180
:1002000000224DE702210227079D0D430795E7498C
:10021000079D0D400F2107951940415CD7E622ABA1
:10022000D9775B46002B00DAA3E3079AE04B1A402C
:1002300007925B46002B00D16FE66323027822A968
:100240009C31CA545B460B93002B00DCAAE10023CF
:100250001093013312930023FF261B931A931893D4
:1002600022ABF618FEF7AFFE09990C228B5E4022F6
:100270001A438A814A6ED20701D500F02CFF9B05F4
:1002800001D500F028FF099CA06DFCF721FA0C2293
:10029000A35EFFF79EFB09990A9836AAFBF7BCFC00
:1002A000002801D0FFF781FB22ABDB7F389D002BBC
:1002B00000D1B1E0159A379B9146002239AC1592D6
:1002C000FEF791FE002362AE12931B931A931893CC
:1002D0001093FEF778FE5846FBF770FFFEF7DBFD44
:1002E00009990A9836AAFBF797FC002801D0FFF776
:1002F0005CFB389D39ACFFF71FF834AB18000822BF
:1003000000219A462D96FCF711F85B46002B00DA87
:1003100020E3A1460B975C460025B3460A9F0026C2
:1003200011E05346380049A9FCF790FA431C01D16B
:1003300000F01EFE3018A04209DC0435A04201D1B5
:1003400000F07FFE06002D9B5A59002AE9D1129633
:100350004C465E460B9F129B002B00D1E9E3632BBA
:1003600001DC00F056FD0A98591CF9F71BFF061E28
:1003700001D100F094FF1090082200215046FBF7B5
:10038000D5FF5346129D009331002B000A982DAAE9
:10039000FCF786FA854201D000F07AFF0023129A1A
:1003A000B354D343DB171A4022ABDB7F0B92002BF5
:1003B00001D000F023FD9B4611971B931A931893CD
:1003C000FEF701FE119B0C9A1B681A601191FFF752
:1003D0007CF90F21F4E5209B23601E9B5919636073
:1003E000379B389101333793072B00DDCAE1220098
:1003F0000832002801DA00F0E0FC149801334518B7
:100400001660506038953793072B01DDFEF7B3FE79
:1004100008321400FEF722FE159B002B00D19AE053
:100420000022379B159239ACFEF7F0FD4A46379B08
:10043000102A01DC00F0C0FE5E4A4F4692461022B0
:1004400029009346B146220056460A9C099D04E0C5
:100450000832103F102F00DCAFE258461031013354
:100460001660506038913793072BF1DD290020008A
:1004700036AAFBF7D1FB002801D000F066FD3899C1
:10048000379B39AAE5E799469346BA465B465246FA
:1004900014C3012399444B462D1938953793072BE4
:1004A00001DCFFF7DFFA6CE4079A920501D4FEF74E
:1004B00096FE5BB2FEF793FE0798820569D5FF2290
:1004C000119113400022FFF71EF8079E8023300091
:1004D0009B0018401E4248D0023BFF3B13400022C5
:1004E0000F9222AA0E93D577002F01DAFFF70CF9AD
:1004F0008022079890430790002B00D108E51191C6
:10050000FFF703F91600FFF7F3FB002222ABDB7FB6
:100510000B92129262AEFEF795FE06230B93F9E55D
:10052000782317930023002118971A9712971B9787
:100530000B97119562AE10937AE51F4EFEF701FE00
:10054000534676188A1AF61A964201DCFFF7DFFB4B
:100550001600FFF7DCFB39ACFEF76AFD119B0C9A25
:100560001B6811911A80FFF7B0F800230F9322AB9C
:100570000E92D877002F01DAFFF7C6F88023079A8A
:100580009A430E9B0792002B00D1C1E41191FFF713
:10059000BCF8002207981191FEF7B5FFFF22134027
:1005A00000227DE501230B9351E6C046FFFBFFFFD0
:1005B0007FFBFFFF7C800200A4750200E04B22AAB3
:1005C00013840223079A1A435B460792632B01DDCB
:1005D00000F059FC1C991D9A002A01DA00F02CFC4D
:1005E0001C981D992BAA02F035F9FF2300229B05C8
:1005F000F8F72EFD0022002312901391F6F7F0FB7E
:10060000002801D001232B93002315931093CD4B89
:1006100049AE0B93149418963400129E139F5D46B6
:1006200008E000220023013DF6F7DAFB002801D0A4
:1006300000F0C3FC0022C44B30003900F8F708FD7D
:100640000F000600F9F7E6FB8146F9F71BFC0200F4
:100650000B0030003900F8F7B3FFA2464A460B9B67
:1006600006009B5C52460F0001341370002DD8D158
:100670000022B64B27004D4612901391A146189EBA
:10068000149CF6F7C7FB002809D112981399002291
:10069000AE4BF6F7A5FB002819D0ED0717D553464A
:1006A00034934B460B99013B1A78C97B914207D191
:1006B00030201870349B013B34931A788A42F8D06A
:1006C000392A01D100F080FD0132D2B21A702B9983
:1006D000BB1B1493179B481E70222B90612B02D0DA
:1006E0004123502217932EAB1A70002801DA00F034
:1006F00029FD2B225A70092800DD05E3073222A9C3
:100700005218303010700132D31A2193149B219962
:100710005A181292012B01DC00F023FC129B1E9A46
:100720009B1812938A4B079A1A401300802252009A
:100730001A430792129AD343DB171A4000230B92F5
:100740001B931A93189363E03000FCF74FF8C343F0
:100750000200DB171A4022ABDB7F12900B92002BBA
:1007600001D100F0F5FB01320B92FEF774FE584602
:10077000099936AAFBF750FA002801D1FFF7C7F80C
:10078000FFF71CF909990A9836AAFBF745FA0028E1
:1007900001D0FFF70AF92B983899379B39AA28E638
:1007A00034AB04932DAB03932BAB02935B460193C5
:1007B00002230A980093249A259B02F031F906003F
:1007C000079BDB0700D5E0E2349B991B2B9B149120
:1007D0001A001893033300DA86E2934500DA4BE2FD
:1007E000914200DD1AE3189B1293079B5B0504D529
:1007F000189B002B01DD00F02DFC129A0797D343C4
:10080000DB171A4067230B92179300231B931A934D
:100810000223079F1F40159B002B00D187E02D234B
:100820002D2122AAD3770B9B01330B9300239B46E8
:10083000FFF7FAFB886DFBF74BFFFFF78FF9229A62
:100840002399B61A3000FBF75BFE1F99013E4B78E7
:100850008C460E980F995A1E93419C4463460A2277
:100860001F930023F6F762FB0E900F910A220E9859
:100870000F990023F6F75AFB01233032327014939C
:10088000FEF772FF5B4601331493022334AA149DD2
:1008900004922DAA03922BAA0292019500930A9822
:1008A000249A259B02F0BCF82023179A06009A434D
:1008B00091464519462A00D190E1249825990022B5
:1008C0000023F6F78DFA002800D0C0E34522349BC0
:1008D0009146AB4201D300F0D5FC30215A1C349232
:1008E0001970349BAB42F9D39B1B14934B462B9A44
:1008F0001892472B00D1B9E1462B00D187E1189B14
:10090000179A581E2EAB2B901A70002800DAF3E1CC
:100910002B225A70092800DDF6E1302222A99A70B4
:1009200003325218EDE65B4614930323AEE722AB85
:10093000D97F002900D076E78B46FFF775FBC046CC
:100940003058000024750200000030400000E03FF5
:10095000FFFBFFFF5346002100930A9800232DAAB6
:10096000FBF79EFF1290431C01D100F070FC2D9606
:10097000F1E4D84B079AFF261A406323079222A975
:1009800002789C31CA5422AB0027F618FFF73EFBD1
:100990002D2322AAD377179B472B00DCE7E1002306
:1009A00010930333129300239B461B931A931893BF
:1009B0000433C94E0B93FEF706FBB24614004E46B5
:1009C0000D00B946524622604A464D4401336260EA
:1009D00038953793072B00DD84E20834FFF760F980
:1009E000149B1F999C46B44463461293BB4B8946A3
:1009F0001F0010230A999B46230054468A461A99E1
:100A00002A0017961B9D00292DDD002D6ADD013D72
:100A100023991960229952185960379938920131F7
:100A20003791072966DC0833494612980978061B76
:100A30008E4200DD0E00002E0BDD37999219013138
:100A40001C605E603892379107295DDC4946097861
:100A50000833F043C01706408E1B002E14DC6418C8
:100A60001A990029D1DC002DD1DCA2461C004B468E
:100A7000179E1F93149B1500F3189A4501D8FFF792
:100A800017F99A46FFF714F93799102E00DC6DE339
:100A9000159703E0103E0833102E15DD584610322E
:100AA00001311F605860389237910729F2DD5046B6
:100AB000099936AAFBF7B0F8002831D1103E389AD0
:100AC000379939AB102EE9DC15989219013118606D
:100AD0005E6038923791072947DC49460978083328
:100AE0006418BDE7012149428C461A99E1446144EA
:100AF0001A918DE75046099936AAFBF78DF8002820
:100B00000ED1389A39AB8FE75046099936AAFBF7D0
:100B100083F8002804D14B46389A197839AB98E706
:100B2000D346FEF744FF092C01D9FEF70EFEFEF76F
:100B30002CFE22ABDA7F1197531E9A4100230B92B1
:100B40009B461B931A9318931093FEF73CFA09994E
:100B50000A9836AAFBF760F8002801D0FEF725FFB7
:100B60002B98389D39ACFFF778F95046099936AA89
:100B7000FBF752F80028D3D14B461978389A39AB95
:100B800064186DE7564B22AA13840223079A1A436E
:100B90005B460792632B00DD75E11C991D9A002AC4
:100BA00000DA49E11C981D992BAA01F053FEFF239E
:100BB00000229B05F8F74CFA0022002312901391B3
:100BC000F6F70EF9002800D17CE201232B930023D5
:100BD00049AE15931093434B0B931BE53378302BA1
:100BE00000D1D0E12B9BED180022249825990023F9
:100BF000F6F7F6F8002832D1349B9D4200D96CE616
:100C00009B1B14934B462B9A1892472B2ED00123F3
:100C1000079A13405A461343189A002A00DCEDE263
:100C2000002B00D046E2189B129366231793079B74
:100C30005B0500D510E2129AD343DB171A400B92E2
:100C40000797E2E509990A9836AAFAF7E5FF00281E
:100C500001D0FEF7AAFE389D39ACFFF716F82B9BA2
:100C60001893AB1B14934B46472BD0D1189B0333DF
:100C70003ADB189B9B4510DA179A189B023A581ECC
:100C80002EAB17922B901A70002800DB40E6012053
:100C9000189A801A2D225A703FE6149B189A934294
:100CA00000DDBBE0189A079B1292DB0700D49CE59D
:100CB0001E9BD218129298E509990A9836AAFAF75B
:100CC000ABFF002801D0FEF770FE2B9A389D39AC9F
:100CD000FFF705F8FFFBFFFFA47502007C80020010
:100CE0003078000038750200189B179A013B023AD1
:100CF0002B932EAB17921A7001202D2218995A703F
:100D0000401A083100DB08E63F2222A95218A1460A
:100D1000924615000400B3460B9320000A21F6F713
:100D200049F82F003031013D200029700A21F5F7E4
:100D30005BFF26000400632EEFDCBA1E30304C4609
:100D40005E460B9B1070924500D839E2322522A9ED
:100D50006D18290010780132087001319245F9D1DF
:100D60002A0052440232D21BD31A2193CEE400232C
:100D700010930333129300239B461B931A931893EB
:100D80000433DD4E0B93FEF71EF95B46F51847233F
:100D9000994629E70895FEF7FAF809990A9836AABC
:100DA000FAF73AFF002801D0FEF7FFFD2B9A149BBB
:100DB000389D9A1A39ACFEF7AAFF4542103000DB85
:100DC00078E2CE481024070003E00832103D102DD1
:100DD00064DD103101331760546038913793072B6D
:100DE000F3DD09990A9836AAFAF716FF002801D010
:100DF000FEF7DBFD3899379B39AAE7E70B9B119784
:100E000001330B9300239B461B931A931893FEF711
:100E1000DAF8002349AE1093FFF7AEFA1E9A149B3E
:100E20009B1867221792189A1293002A00DDFEE69B
:100E30009B1A5A1C1292FFE61300802212069B187E
:100E40002593002310932D33249149AE15932BAA9B
:100E50002498259901F0FEFCFF2300229B05F8F75A
:100E6000F7F80022002312901391F5F7B9FF00283C
:100E700001D001232B93A24B0B93179B612B01D025
:100E8000FFF7C8FBA7E65B460A98591CF9F78AF9F1
:100E9000061E00D111E21090FFF76FF8BA465046D7
:100EA000491901331060556038913793072B01DCE5
:100EB000FEF7ECFF09990A9836AAFAF7ADFE00286A
:100EC00001D0FEF772FD3899379B39AAFFF795FAE2
:100ED0001300802212069B1825932D23249115932D
:100EE000FFF75BF809990A9836AAFAF795FE0028E9
:100EF00001D0FEF75AFD389D39ACFEF7D1FE5A46B7
:100F0000002A00D112E1002B00DA4AE11C9A1D9B55
:100F1000249225930023159334AB04932DAB0393B4
:100F20002BAB02935B46019302230A980093249A09
:100F3000259B01F075FD00230600109340E400237B
:100F4000109306339B46FFF718F8A346FEF72FFDD4
:100F50009B461B931A931093732311971793FEF7D5
:100F600032F8079BDB0701D4FFF7DCFBFFF7D6FB6A
:100F70004022099BBB469B89134300221092099A89
:100F80009381FEF714FD0022249825990023F5F79C
:100F900027FF002800D1E4E02B9B1893ED1860E6B2
:100FA000002310930333129300239B461B931A9341
:100FB000189304330B93FEF706F8A1462B004B441D
:100FC000270030224946149C189E0133002D01DA77
:100FD000FFF77DFB0A7001318B42FBD11F00FFF749
:100FE00076FB002A00D1C4E05B4601330B935B46DD
:100FF000129300239B461B931A93733311971793F5
:10100000FDF7E1FF1D9B0799DB0FDA07189280229D
:1010100091430791002B77D02D2322AAD377179BDA
:10102000472B00DCDCE000231093033312930023F2
:101030009B461B931A9318930433324E0B93FDF780
:10104000C2FF12945E464C460B9FFFF784F92B9B20
:10105000189354E4672317931F990B78FF2B00D143
:1010600009E100221B921A92189A05E01A980131A0
:1010700001301A90FF2B0AD0934208DAD21A4B782B
:10108000002BF3D11B9B01331B930B78F2E71F91CD
:1010900018921A9A1B9B07979B18229A5343129AED
:1010A00094469C446246D343DB1712921A400B923B
:1010B000FFF7AEFB13001E9A5B449B181293662346
:1010C0001793B4E5002349AE1593109383E51342BB
:1010D00001D1FEF756FD01235B420C93FEF77DFC28
:1010E000099A536EDB07F6D493899B05F3D4906D70
:1010F000FBF7EEFAEFE7C046A07502007C80020025
:1011000024750200AC750200179A22ABDB7F472AD8
:101110005EDD704E002B00D0A2E09B461B931A931D
:101120001093033312930B93FDF74DFF002B00DA5E
:1011300080E01C9A1D9B2492259300231593013374
:101140009B46E9E601202D22401A5A70083100DA48
:10115000DAE5053222A95218FFF7D3FA9246FEF7D4
:1011600000F80123149A9B1A2B933CE55A481590DA
:10117000AAE45B4612930B9300239B4673331197AB
:101180001B921A921793FDF71EFF119A80CA002F27
:1011900001DA01277F42089B11925B780895FDF7E1
:1011A000F3FE1C991D9A1300802212069B182593AA
:1011B0002D2324911593AFE6474A9246FFF702FC90
:1011C00002232193FFF7A2FA0B9A927AFFF77EFA95
:1011D000424E9FE710931B931A931893FDF7F3FE6B
:1011E000002310930333129300239B461B931A93FF
:1011F00018930433394E0B93FDF7E5FE002B08D10D
:1012000001230B9365331793653B07971293FFF701
:10121000FCFA1E9B07975A1C5A44D343DB171292C1
:101220001A4066230B921793FFF7EFFA2A4B9A4660
:10123000FFF72CF91C991D9A1300802212069B18A7
:1012400025932D2315932C3B9B46249164E60A9B02
:101250009B46099B9A8940231343002210928EE6F5
:1012600000239B461B931A9310930333129301336D
:101270000B93FDF7A8FE00231B931A9309E7079829
:10128000FEF710FE2B9A9B1B18921493FFF737FB67
:101290000A9B9B46099B9A89402313436FE60A9B4E
:1012A0009B46099B9A8940231090134367E62B00C5
:1012B000FEF716FA08488246F1E509990C228B5E82
:1012C00040221A438A814A6ED20701D4FEF7D7FF23
:1012D00001E7C046AC7502007C800200A8750200E0
:1012E000F0B5C64600B5204C1600A54402226C4657
:1012F00098468B8907009343A3814B6E16A81993D8
:10130000CB890D00E381CB6907934B6A09931AAB34
:10131000009304938023DB0002930593002306933C
:10132000FBF7CCF93200434669463800FDF790FDE3
:10133000061E10DAA3895B0603D54022AB8913434E
:10134000AB81A06DFBF7BCF930008D23DB009D4421
:1013500080BCB846F0BD69463800FAF7F3FD0028B6
:10136000E8D001267642E5E798FBFFFFF0B5454659
:10137000DE4657464E46E0B5936883B00C00904673
:101380000090002B2AD00C23CA5E13072ED50B69C0
:10139000002B2BD043461E68930734D5B04B002753
:1013A00000259946002D15D02B004D4500D9AC4B9A
:1013B000626AE169924600983A00D047002800DC52
:1013C000B5E0434642469B681B1A936006D03F181F
:1013D0002D1AE9D1376875680836E3E7002003B0B5
:1013E000F0BCBB46B246A946A046F0BD210000981D
:1013F000FAF710FF002800D09EE00C23E25E43467F
:101400001E689307CAD4D30700D598E08021002333
:10141000890000258B4699462368002D4FD05946F8
:101420001800A7680A4255D0BA46AF4200D9DEE09C
:101430009021C9000A422ED0606921695F1A4300D9
:101440001B18D80FC3185B109A467B1C5B195046BB
:101450000197534501D99A461800520500D4E4E09B
:1014600001000098F8F79EFE071E00D1F2E0019AF5
:101470002169FBF767F9A3897A4A13408022134355
:10148000A3815246019B2761F818AA462F00D31A60
:1014900020606261A3605246494600F085FC4246E6
:1014A0004146A368DB1BA36092682368521B534428
:1014B00023608A60002A00D190E70C21625E3168C7
:1014C000756889460836002DF9D059461800A76876
:1014D0000A42A9D122699A4272D362699246AA420B
:1014E0006ED8802328001B069D4200D35E485146DB
:1014F000F5F77AFB53464A464343E169676A009829
:10150000B847002813DD0700434642469B68ED1BA1
:10151000DB1B936000D161E70C23E25EB9442368D2
:101520007BE721000098FAF70DFD00282BD00C2254
:10153000A35E40221343A381012040424FE70023D2
:101540000027B14600209A461E00002F25D0002813
:101550002BD03300BB469F4200D99B4620682269AE
:101560006369904203D9A5685D19AB454FDC5B45C3
:1015700040DC656A5246E1690098A847051ED6DD41
:101580000120761BCDD0434642469B685B1B93608F
:1015900000D123E7AA447F1BD9D14B4608225F68BC
:1015A0009144002FF9D01B689A463A000A21504610
:1015B000FBF790F800284AD053460130C61AC8E716
:1015C000AF4200D92F003A001800494600F0ECFB6A
:1015D000A2682368D21BDB19A2602360002A93D182
:1015E00021000098FAF7AEFC00288DD09FE72F006D
:1015F000AA4650E75A46514600F0D6FB5A46A36821
:101600005D469B1AA36023685B442360B8E751469C
:101610002A0000F0C9FB236821005B1900982360B1
:10162000FAF790FC0028ABD081E70200009800F0A8
:10163000DBF8071E00D024E7009D21692800FBF796
:101640009DF98022A3899343743A2A6071E77B1C39
:101650001E007FE70C23009A13600C22A35E68E74C
:1016600000FCFF7F7FFBFFFFFFFFFF7FF8B54746D2
:10167000CE46884680B58146170000267D68013D2C
:101680000ED4BC68A389012B07D90E22A35E0133B7
:1016900003D021004846C04706436834013DF1D2DB
:1016A0003F68002FEAD13000C0BCB946B046F8BD53
:1016B00070B505000C00002802D0436B002B24D02D
:1016C000636EDB0702D4A3899B051AD56368013BCF
:1016D0006360002B0BDB23685A1C22601D78636E4D
:1016E000DB0702D4A3899B0507D5280070BD28001D
:1016F000210000F073FA0500F1E7A06DFAF7E8FFAA
:10170000F3E7A06DFAF7E0FFE0E7FAF757FDD7E758
:1017100070B50C23CA5E05000C0096B0930707D580
:1017200023004333236023610123636116B070BD3E
:101730000E23C95E002931DB6A4600F073FF0028E2
:101740002ADB80212800C900019EF8F72BFD0C221E
:10175000A35E00283DD0802213438022D200626124
:10176000F0223100120211400A008021A381206082
:10177000206189018A4234D10E23E15E280000F005
:1017800065FF0C22A35E00282BD003229343012285
:1017900013438022120119E00C23E25E80231340E0
:1017A0005A425341F0225B429200134040331900E9
:1017B00028001E00F8F7F6FC0C22A35E002808D0D3
:1017C0008022134300222060206166611343A381BD
:1017D000ACE79A05AAD40322934302221343A381C0
:1017E0009EE780221201F1E7F0B545464E46DE46FF
:1017F0005746E0B580460D00914683B0002900D1E0
:10180000A3E04C460B34F8F77FFF162C6CD810245D
:10181000A1456CD82F00083F796803230E00BB4612
:101820009A469E43A6426DDAB819B84A43680192B7
:1018300000939368009A834200D199E001239A4370
:1018400094468444624652681A4200D072E053467D
:10185000009A9A43B3189C469C424EDD01230B42EA
:1018600010D139687B1A596800935346994352182E
:1018700093199A469C4200DCC0E073189A469C4239
:1018800000DCBFE049464046F8F78CFC8146002862
:1018900000D10CE1594601224B6893430200CB185A
:1018A000083A934200D1D2E0043E242E00D9D3E07E
:1018B00003002A00132E09D92B6803606B6843606C
:1018C0001B2E00D9CDE003000832083311681960DF
:1018D0005168596092689A6040462900FBF74EF8BB
:1018E0004046F8F719FF1DE007239C4390D50C23D1
:1018F000424613600023994614E06646C368826836
:10190000D3609A6001227B68311B1340B8190F29FC
:1019100020D833437B604368134343604046F8F765
:10192000FBFEA946484603B0F0BCBB46B246A946FA
:10193000A046F0BD01230B42A4D15B461A689B1A56
:10194000596800935346994397E71100F8F72AFC2A
:101950008146E7E73E19234311437B607160310004
:1019600043680831134343604046FBF707F8D5E767
:10197000534620009A43931910309C4683427ADAEA
:10198000C90700D57EE739687B1A5968009353462A
:101990009943521893199A46984200DD6DE70099D1
:1019A000CB688A68D3609A600B00321F083399466F
:1019B000242A00D990E0132A09D92B688B606B6820
:1019C000CB601B2A00D98CE010310B0008352A6847
:1019D0001A606A685A60AA689A600098019B0119A7
:1019E0009960534601221B1B13434B60436813400D
:1019F000234343604046F8F78FFE93E7C36882684D
:101A0000D3609A6000990F008A68CB680837D3606A
:101A10009A60321F242A15D83B00132A08D92B6854
:101A20008B606B68CB601B2A36D810310B000835F1
:101A30002A681A606A685A60AA689A603D00564629
:101A4000009F5FE72900380000F0AEF9F6E70322B7
:101A50005B689343F61855E73200290000F0A4F9BB
:101A60003AE7AB688360EB68C360242E23D00300A1
:101A7000103210332AE7019B39199960634601221D
:101A80001B1B13434B607B684046134023437B6022
:101A9000F8F742FEA94645E7AB6800990B61EB6891
:101AA0004B61242A0FD00B0010351833C0E7404695
:101AB000F8F732FE1EE72B691832036103006969EB
:101AC0001833416102E72B6900998B610B006A6949
:101AD0002033CA611835ABE72900180000F064F91B
:101AE0007BE7AB6800990B61EB684B61242A03D05C
:101AF0000B00103518336AE72B6900998B610B00D6
:101B00006A692033CA61183561E7C04608020020BF
:101B100070B506000D001400002802D0436B002BA6
:101B20002DD0636EDB0702D4A3899B051FD5A36864
:101B3000013BA360002B05DAA269934210DBEBB2F4
:101B40000A2B0DD0FF2023685A1C22601D7005400F
:101B5000636EDB0702D4A3899B050CD5280070BDFA
:101B600029002200300000F0C3F80500F0E7A06D66
:101B7000FAF7AAFDDBE7A06DFAF7AAFDEEE7FAF7A0
:101B80001DFBCEE7F0B5C6461500926807008846F3
:101B900000B5002A1BD02C6803E013000834002B8A
:101BA00015D06B68591E6960002B10DD6668002E29
:101BB000F3D0330041463800226802F037FC431C62
:101BC00006D0AA680834921B131EAA60E9D100202F
:101BD0000023AB606B6080BCB846F0BD70B50500FB
:101BE0000C00002802D0436B002B1BD080220C235A
:101BF000E15E9201636E114204D10A43A2810C4A54
:101C0000134063669B0410D42100280002F086FC78
:101C100000280AD16368013B636023685A1C226074
:101C2000187870BDFAF7CAFAE0E701204042F8E7F9
:101C3000FFDFFFFF002909D0FF2A02D801200A7028
:101C400070478A23036001204042F9E70020F7E74C
:101C500070B50C000E25495F00F01EFD002803DB67
:101C6000236D1B18236570BDA389024A1340A3810D
:101C7000F9E7C046FFEFFFFFF8B516001F000C2282
:101C80008B5E05000C00DA050AD40A4A28001340CE
:101C9000A38132000E23E15E3B0000F029FDF8BD78
:101CA00000220E23C95E022300F0E2FC0C22A35E98
:101CB000EBE7C046FFEFFFFF70B50C000E25495F54
:101CC00000F0D6FC0C22A35E421C05D080225201FB
:101CD00013432065A38170BD014A1340FAE7C04653
:101CE000FFEFFFFF10B50E23C95E00F089FC10BDA9
:101CF000F8B505000E001400002802D0436B002B3D
:101D00004DD0A369A3600C23E25E130722D523699B
:101D1000002B1FD080218901636E0A4227D09B04CB
:101D200031D4226823696169D31A99422EDD0133C7
:101D3000FF27A16837400139A160511C216016704E
:101D400062699A4219D0A389DB0701D50A2F14D002
:101D50003800F8BD21002800FAF75CFA002812D1FB
:101D600080210C23E25E8901636E0A42D7D11143C0
:101D70000C4AA18113406366D1E721002800FAF7DD
:101D8000E1F80028E4D001277F42E1E721002800A4
:101D9000FAF7D8F80028F6D101232268C8E7FAF745
:101DA0000DFAAEE7FFDFFFFFF0B5C6460D001600E7
:101DB00000B5884212D9891881420FD98418032AA4
:101DC00056D8731E002E06D0DA438918A418CA5CB0
:101DD000E254013BFBD280BCB846F0BD032E0BD8C9
:101DE0000400711E002EF6D000230131EA5CE2549B
:101DF00001339942FAD1EEE703242A00210002437D
:101E000003001140144230D10F2E4BD91027BC468D
:101E10002A003409013C2401A0460419A444146892
:101E20001C6054685C6094689C60D4681032DC600C
:101E300010336345F3D10F221C000C2310353240C0
:101E4000334045441600002BCBD06B58635004310F
:101E5000531A032BF9D8032616409208013A920030
:101E600004350434AD18A418BBE70400711EBBE7A9
:101E700023000B439B0701D0531EA5E72B1F9C4655
:101E80001300051F6246D258EA50043B032BF9D8D1
:101E90000322B308013B9B00C91AE41A1640043917
:101EA000043C8EE732000400CFE7C046154B70B506
:101EB00004001D681F281FD8FC235B00EB58002B73
:101EC0000DD082009B181A68002A08D0012A04D07D
:101ED000511C0DD0002119609047002007E0280018
:101EE00000F002FC22000100280000F0E9FB70BDB8
:101EF000162301202B60FAE7162301202B604042B5
:101F0000F5E7C04670080020F0B5DE4657464E465D
:101F10004546E0B50468B7B0129444682191139423
:101F2000846811001494C468026B159404691694B3
:101F30004469179484691894C4691994046A1A94BA
:101F4000446A1B94846A1C94C46A1D94446B0F9465
:101F5000846B10931E94C46B25931F940024109BD4
:101F600011922294239224903F2B00D8DAE1189A00
:101F7000129F0A92149ABB4606920A27179A1D9B33
:101F8000139C1A9E92469846039434001F9B0D970B
:101F90000893199B0E370093159BBC460B931C9B13
:101FA000013709931E9BB94601931B9B5E461F0098
:101FB0005346C346A046119820910F9D0100169AE2
:101FC00001980C931024B6187140E14188444346AF
:101FD00004345A40E2416346B6187140D9418844FE
:101FE00043465A40029313004A46D3411022039CB1
:101FF0000E930C9B0191E4186540D5411421EF1913
:102000007B40CB41E418039465406446E5414C466F
:102010007F197B40E3410495069C0A9D059767194B
:102020007840D041099CB84602195540CD41A8449A
:102030004446069460406446E041824692445446D9
:102040000790654000984C468046E5410B9C102265
:1020500044442700089CF6187C402000D04183446B
:102060005C4642466240CA416446BF187840E0413F
:1020700083445C4670400439C84162404C46824407
:10208000E241544604316340CB41F61870400100F0
:102090006446E14154466418099463404C460398F1
:1020A000E34144191020089101990C936140C1410A
:1020B0005846142340184540DD416419039461409B
:1020C00064468346E1418B445C4665402C004D46A6
:1020D000EC410A94069C0498A51810246840E0413D
:1020E00080460298444640444240DA41AD186C4074
:1020F0000695250064468046E541A8444046424096
:102100004846C24110240E9B0092079AD8194240BB
:10211000E24192461A001423059F57447A40DA415F
:10212000831850460B9358406346D8414B463F189E
:102130007A40DA410D9B013B0D93002B00D041E723
:1021400002954546D846B3460C9B2E009A463B0066
:10215000129F039C5F440397139F149DE419069FED
:1021600001907F190497159D0B9F08007F19169DFC
:10217000B9465719179D0597AA440A9F189D20999B
:102180007F19BB46199D009F7F191A9D00977619EC
:102190001B9D119F5B1906931C9D099BC0195B1920
:1021A0001D9D0793A8444346029D09930F9B013749
:1021B000ED18019B1E9A11979B1898461F9A089B31
:1021C0000C719B1801937B427B410F9FBC469C4442
:1021D00062460F92039A130A4B70130C170E0A7083
:1021E0008B70049A230A4B71230C8B71130A4B7268
:1021F000130C0A728B72130E4A46CB72130A4B737E
:10220000130C0A738B73130E059ACB73130A0A749B
:102210004B74130C120ECA745246240E8B74130A9C
:10222000CF70CC710A754B75130C8B75130E5A4613
:10223000CB75130A4B76009F130C8B76130ECB765F
:102240003B0A4B773B0C8B773B0ECB7720230A76F0
:102250000F77320ACE540133CA54320C0133CA54B8
:10226000360E0133CE54069E0133CE54320A01336A
:10227000CA54320C0133CA542722330E8B542823FC
:10228000079CCC54220A0133CA54220C0133CA548D
:102290002B22230E8B542C23099CCC54220A01336D
:1022A000CA54220C0133CA542F22230E8B543023DC
:1022B000020AC8540133CA54020C0133CA543322EF
:1022C000030E8B5434232A0ACD540133CA542A0CEA
:1022D0000133CA54424601332D0ECD540133CA5442
:1022E000120A0133CA5442460133120CCA54424600
:1022F000130E3B228B543C230198C854020A01332D
:10230000CA54020C0133CA543F22030E8B54109B53
:10231000402B15D9109B4031403B1093109B3F2B15
:1023200000D924E6012321980138C25C26AC013C87
:10233000E2540133052BF8D1229126A9219116E60A
:10234000259B0D00591E8909239A4C1C890124984C
:10235000A2185B1A402B06D0229C0D9BE95CE1542D
:102360000133042BFAD10F9B0263436337B0F0BCF7
:10237000BB46B246A946A046F0BDC0464B780A7897
:102380001B0213438A7812041A43CB781B061343AB
:1023900003614B790A791B0213438A7912041A43A9
:1023A000CB791B06134343614B7A0A7A1B02134312
:1023B0008A7A12041A43CB7A1B06134383614B7B40
:1023C0000A7B1B0213438A7B12041A43CB7B1B0636
:1023D0001343C3614B7C0A7C1B0213438A7C1204A7
:1023E0001A43CB7C1B06134303624B7D0A7D1B0201
:1023F00013438A7D12041A43CB7D1B0613434362A9
:102400004B7E0A7E1B0213438A7E12041A43CB7E44
:102410001B06134383624B7F0A7F1B0213438A7F91
:1024200012041A43CB7F1B061343C362044B0360A1
:10243000044B4360044B8360044BC3607047C04649
:10244000657870616E642033322D62797465206B1B
:102450000023F0B58DB00021282202A80193F9F7DE
:1024600065FF282102A8E8F7EBFD01305BD0304D75
:102470002C68002C47D02F4F80233C68DB002600BF
:102480004036320031002000FFF73EFD320002AB43
:10249000117818780133414011700CA901328B4238
:1024A000F6D131002000FFF769FF0023226E23637D
:1024B0006363636EA263E363282200213000F9F7AF
:1024C00035FFF6222B6892001A6002A8282102F03C
:1024D000A3F800222B6838681A6080220021D200FD
:1024E0004030F9F723FF01AA110004233868FFF7F1
:1024F0000BFD8021019B2A681B0349031B0B5B1802
:1025000053600DB0F0BD0C4E0A4F300002A90830E8
:102510002E603860FFF732FF0B9B0A9AB463F463B6
:1025200032647364D1E70920FFF7C0FC9FE7C0461F
:1025300088210020842100203C1D0020F0B5C646E3
:1025400000B52C4E82B03000FAF7BCF82A4D2A684C
:10255000002A27D05368042B24D9042B00D204234B
:10256000043B53601268032A21D98023234FDB00E8
:102570009B1A3C6804224034E418210001A8FAF7B1
:10258000E1F8002104222000F9F7D0FE2A6830008B
:102590001368043B1360FAF799F8019802B080BC05
:1025A000B846F0BDFFF754FF2A685368D5E74023CB
:1025B0009C46124F80233C68DB00A444E046624600
:1025C00061462000FFF7A0FC41462000FFF7D6FE41
:1025D0000023226E23636363636EA263E363282296
:1025E00000214046F9F7A2FEF6222B6892001A60FD
:1025F0002823BEE7301D00208821002084210020F0
:10260000002370B5064C050008002360E2F785F949
:10261000431C00D070BD2368002BFBD02B60F9E772
:102620008C210020002370B5074C05000800110024
:102630002360E2F775F9431C00D070BD2368002BBE
:10264000FBD02B60F9E7C0468C210020002370B539
:10265000064C050008002360E2F767F9431C00D030
:1026600070BD2368002BFBD02B60F9E78C21002084
:1026700070B50500080011000022064C22601A0007
:10268000E2F758F9431C00D070BD2368002BFBD043
:102690002B60F9E78C21002070B5050008001100BF
:1026A0000022064C22601A00E9F738FD431C00D0D6
:1026B00070BD2368002BFBD02B60F9E78C21002034
:1026C000002370B5074C0500080011002360E2F7F5
:1026D0002EF9431C00D070BD2368002BFBD02B606B
:1026E000F9E7C0468C21002010B5E2F71CF910BDB7
:1026F00070B50500080011000022064C22601A0087
:10270000E9F7DCFC431C00D070BD2368002BFBD034
:102710002B60F9E78C210020F0B54E46DE46574687
:102720004546E0B58BB01F00159E149B9346994615
:1027300003900191002E69D0019B002B63D05B4672
:102740001C68019B02930023984606AB5D1E3B006C
:102750004746984605E00434231F1B68002B3FD0F2
:102760001700B94546D94346002B43D0E4213368CE
:1027700049000493736822680593169B03985B587D
:1027800006A99A463300D047431C43D0C2194A4594
:1027900047D801235B429C46019BE044002BDAD0E2
:1027A000002813DD0299471C61448C46390001233F
:1027B000674694460A00E95CF95401339A42FAD11B
:1027C000029B62469C468444634602935B4659469C
:1027D0001B68043404330B60231F1B68002BBFD11C
:1027E0000199002901D059460B6000233360531E24
:1027F000984600E0B84640460BB0F0BCBB46B24637
:10280000A946A046F0BD013B994698E706000D3663
:10281000FF3691E78A23039A8046136000233360D2
:10282000E9E7049BB8463360059B7360E3E7C04665
:1028300010B50648064C84B000680294079C0194C9
:10284000069C0094FFF768FF04B010BD70080020DC
:102850001C06002030B514000025C64600B52560D2
:10286000124D4B000A005B08AB421BD81D0005430C
:1028700018D00025AC460E4D0D4209D100220D4B5B
:102880003625F6F7E5FB6D420A00AC464B005B08C7
:10289000094D1B155B1963442360084B1A40084B14
:1028A0001343190020BCA84630BDC046FFFFEF7F90
:1028B0000000F07F0000504302FCFFFFFFFF0F808D
:1028C0000000E03FF0B5DE46454657464E46E0B5CF
:1028D00003690D6987B00A00039183460100AB428A
:1028E00000DA9AE0013D1432AB00D6181431CB184F
:1028F000376804931B680137019118003900984626
:102900000292F4F7E7F80400B84546D3002701998E
:10291000029A0595B2463D00914608004B4604CB0D
:10292000994613041B0C63439C46BC446346120C3B
:1029300062431B0CD2180368170C1E04360CB046F9
:1029400066463604360C31004646761AB446120402
:10295000AC44120C1B0C9B1A624612149B18624664
:1029600012041D14120C1B04134308C0CA45D5D20F
:10297000049A56461368059D002B0ED1131F019A29
:10298000934208D9019903E0043B013D8B4202D9EF
:102990001A68002AF8D05B461D615846039901F079
:1029A000E7FB002831DB002301341F00AC46A046C2
:1029B000019A029910C9136825041804000C2D0C03
:1029C000401BC0191B0C270CDB1B0714DB19000470
:1029D0001F14000C1B04034308C28E42EAD2654652
:1029E0000199AB00CB181A684446002A0DD1043B6C
:1029F0008B4208D9019903E0043B013D8B4202D987
:102A00001A68002AF8D05B461D61200007B0F0BCB0
:102A1000BB46B246A946A046F0BD0020F6E7C04638
:102A2000F0B557464E46DE464546E0B516001F0057
:102A3000816B9BB0040002960397002908D0012304
:102A4000C26B93404A608B6001F0D0F80023A3630F
:102A50003D000023002F03DA7D006D08039501334C
:102A6000279A13602A00C14B1A409A4200D1B2E063
:102A7000029A039B10001900002200230690079180
:102A8000F4F7AEF9002812D00123269A1360289B90
:102A9000002B02D0B64B289A1360B64B04930498CF
:102AA0001BB0F0BCBB46B246A946A046F0BD18AB71
:102AB000019319AB00932000069A079B01F04EFC8E
:102AC000189B80469A462A0D00D096E01999AA4B89
:102AD00051445B188946202B00DC25E24022D31AA2
:102AE0009D40A64A28008B18DE403043F7F7FEF9D8
:102AF0004D460122A24B013DCB180C921900002239
:102B0000A04BF6F75DFDA04AA04BF6F7A1FAA04A4C
:102B1000A04BF5F753FA060028000F00F7F7B2F9BB
:102B20009D4A9E4BF6F794FA02000B0030003900E4
:102B3000F5F744FA06000F00F7F76CF9002281461A
:102B40000590002330003900F4F750F900280BD02D
:102B50004846F7F797F93B003200F4F741F9434252
:102B600058414B461B1A05935346059E5D1B6F1E2D
:102B7000BA46162E00D981E106980799884AF300D3
:102B8000D3180CCBF4F732F9002800D093E1002DD4
:102B900001DC00F0ACFD0023BF19BA460A960B9386
:102BA000089300239B46249B092B00D906E1052BA3
:102BB00036DD043B00252493042B01D100F094FD65
:102BC000052B36D0022B01D100F070FD0323249396
:102BD000002399462FE0734B269A2D032D0B13608B
:102BE000354316D1289B002B01D100F0BEFF6E4B60
:102BF00004930833289A136051E7069E079F6B4B96
:102C00003903090B0B436A493000551800220C9216
:102C100074E7289B002B00D08BE1664B04933EE7C2
:102C2000249B042B01D100F05EFD052B00D09AE21D
:102C3000012501239946259B059A9B181093013382
:102C40001E1E099301DC00F086FF01220423172ECB
:102C500001DC00F080FF5B0018001430110001322D
:102C6000B042F8D9E163200000F094FF04900028FE
:102C700001D100F0E9FE099BA0630E2B02D8002DC4
:102C800000D01EE1259B0C93199B002B37DB059B85
:102C90000E2B34DC424B1193059B119ADB00D318A9
:102CA0000CCB02920393259B002B01DB00F0B8FDB7
:102CB000099B002B01DD00F0B3FD099B002B01D027
:102CC00000F0F4FB0298039900223B4BF6F7C0F9A1
:102CD00002000B0006980799F4F792F8002801D03B
:102CE00000F0E4FB049A0021531C029331232000DE
:102CF000137000F07BFF059B02339946C7E14B46FA
:102D0000002B01D000F0E3FE089B002B00D014E163
:102D10005B46002B00D13DE25A464146200001F0BF
:102D200043F901218046200001F032F80A9B8346D6
:102D3000002B00D11DE100230025089F0A9E0A9365
:102D400032005946200001F02FF9249B83460026CB
:102D5000012B01DC00F00EFD5A4613699B00D318CD
:102D6000186900F09FFF20231B1A06E10000F07F86
:102D7000B1750200B07502003204000012040000B8
:102D8000000010FE0000F83F61436F63A787D23F49
:102D9000B3C8608B288AC63FFB799F501344D33F4A
:102DA000D08002000F270000B47502000000F03F41
:102DB00001FCFFFFC07502000000144000232493B3
:102DC000002300212000E36300F0E4FE04900028CB
:102DD00001D100F039FE049BA363199B002B03DB98
:102DE000059A0E2A00DC62E10C9A002A00D0F7E175
:102DF0003623189A5E469B1A01225242109209927B
:102E0000089F0121BC469C446246D44620009C4455
:102E1000E246069200F0BCFF0500002F01D000F052
:102E200036FC5B46002B01D000F0DCFD069A0A9EC2
:102E300008920121200000F0ABFF0A9B8346002B83
:102E400001D000F0E9FC249B012B00DDDFE2029BB6
:102E5000002B00D0DBE2039B1B0300D0D7E2D54B55
:102E6000039A134200D1D2E2069B01260133089354
:102E7000534601339A4601230A937EE001230B93C4
:102E8000002308935346002B04DA01235B1B0893AD
:102E900000239A46059B002B08DA089A059BD21A54
:102EA0005B429B46002308920A937CE65146C91870
:102EB0008A460A9375E6059B013B059300230B9315
:102EC000DEE7059D002D01DC00F01BFC2B000F222E
:102ED000B9491340DB00CB1803CB2B000C900D91AC
:102EE0002D11DB0500D56FE1069A079B02270E9294
:102EF0000F93002D00D195E20C980D99AF4E01E093
:102F00006D10083601232B4204D16D1008360123C1
:102F10002B42F5D032687368F6F79AF801376D10D6
:102F200000D17DE20836F2E720223000D31A984023
:102F3000DCE5A34B049303335CE65346002B0AD035
:102F400008990B00514500DD5346089AD21A0892A1
:102F50005246D31A9A465B46002B00D0DCE601218C
:102F6000200000F015FF0A9B8346002B01D000F0E3
:102F700057FD00260025089F01331F2211005344EE
:102F800019401A4200D135E11B2900DD42E21C2321
:102F90005B1A089AFF1894469C446246D4469C44A7
:102FA000E2460892089B002B05DD41461A002000EE
:102FB00001F064F880465346002B05DD59461A009F
:102FC000200001F05BF883460B9B002B00D0FEE154
:102FD000099B002B00DCD5E10A9B002B00D01CE1F3
:102FE000059B01339946049BAA465F1E2300464673
:102FF0003C0098460127099D07E0310000230A2282
:10300000404600F0FDFD0600013759463000FFF74D
:1030100059FC3030E055AF42EFDB099B4446554642
:10302000B04606900026002B00DD5E1E049B013397
:10303000F6180023089341460122200001F01EF8F3
:103040005946804601F094F8002800DC95E0049988
:1030500002E08E4200D101E33200013E3378392B89
:10306000F7D00133029233705946200000F0BEFDC4
:10307000002D0CD0089B002B05D0AB4203D01900CB
:10308000200000F0B3FD2900200000F0AFFD414614
:10309000200000F0ABFD00234946029A1370269BE6
:1030A0001960289B002B00D1F9E41A60F7E4424B29
:1030B000D2009B180CCB0698079902920393F5F760
:1030C00091FBF6F7A7FE0600F6F7DCFE029A039BDB
:1030D000F5F7BEFF0B00020006980799F6F770FAA5
:1030E000049B30365D1C1E7001235B420993049AD9
:1030F000C246013AA84691460125A3461FE0029A1E
:10310000039B30003900F5F76DFBF6F783FE0400F2
:10311000F6F7B8FE029A039BF5F79AFF02000B0040
:1031200030003900F6F74CFA0123984423004A4650
:10313000303301355355099B9D4200D149E30022AC
:10314000204BF5F785FF0022002306000F00F3F760
:1031500047FE0028D3D04546059BD04601335C4648
:103160009946029593E7022B00D19EE2032B00D0F3
:1031700026E60023012599465DE5002803D1069B3C
:10318000DF0700D563E73200013E3378302BFAD0F9
:10319000029269E70121200000F0FAFD0A9B8346B4
:1031A000002B01D000F066FC00270026002501332B
:1031B000E3E6C0460000F07FD0800200A880020055
:1031C000C075020000002440BD4B154006980799C9
:1031D0001A6A5B6AF5F706FB03270E900F9188E6E3
:1031E000B84A5E469B180122524210920992002270
:1031F0000C9205E61C23CCE6002329000A222000BD
:1032000000F0FEFC53460593109B05000993002B2C
:1032100003DC249B022B00DDB8E0002F05DD290034
:103220003A00200000F02AFF0500AA46002E00D038
:10323000B9E2099A049B94461F00013B9C446346F3
:10324000099301234646029A1A400B9259463000D0
:10325000FFF738FB0300290030330A903000069353
:1032600000F086FF524608905946200000F0A6FF65
:10327000C3688046002B35D10100300000F078FF94
:1032800081464146200000F0B1FC4B46249A13438E
:103290005BD10B9B002B00D1C9E3089B002B00DA0C
:1032A000CEE37B1C9846069B3B70099B9F4200D156
:1032B00088E3310000230A22200000F0A1FC002353
:1032C00006000A2229002000554538D000F098FC5D
:1032D0005146050000230A22200000F091FC4746D9
:1032E0008246B3E70100200000F080FC089BB04656
:1032F000002B07DB0123029A089E1340249A1643F1
:10330000334330D141460122200000F0B7FE594638
:10331000804600F02DFF002800DCB2E3069B392B2D
:1033200000D16CE30A9B313306937B1C0293069B0E
:1033300008953B70059B55460133994694E600F08D
:103340005FFC47460500824680E7089B002B00DAB9
:1033500060E3249A13430B9A134300D15AE34B467C
:10336000002B9EDDB046069B392B00D147E37B1C2A
:103370000293059B089501339946069B55460133F8
:103380003B7071E6249B022B00DC25E6099B002B99
:1033900000D0E2E159460522200000F031FC010096
:1033A0008346404600F0E4FE002800DCD5E1049AA4
:1033B0005946531C029331232000137000F016FC71
:1033C000059B02339946002D00D05CE65FE6594626
:1033D000404600F0CDFE002800DBF9E5059B4146A4
:1033E000013B9A460A220023200000F009FC0A9BB8
:1033F0008046002B00D0FFE6109B002B00DC93E3FF
:10340000059B994653460593109B0993EBE50123D1
:103410000A93B2E51C2900D1C4E53C235B1AB8E548
:103420000C900D910C9A0D9B0E980F99F5F7DAF907
:103430000C900D910B9B002B09D00C9D0D9E002232
:1034400028003100204BF3F7D1FC002844D138008C
:10345000F6F718FD0C9A0D9BF5F7FAFD1B4B0022B1
:10346000F4F7ACFD1A4B0600CF18059B1693099B89
:103470000E93002B56D10C980D990022154BF6F7A0
:103480009FF832003B000C900D91F3F7C3FC00282D
:1034900000D027E4802109067B1832000C980D9992
:1034A000F3F7A4FC002801D1FFF7ECFB002120007A
:1034B00000F09CFB259B5B429946049B0293E6E54A
:1034C000A8800200330400000000F03F00001C4010
:1034D0000000C0FC00001440099B002B00D1BAE2A0
:1034E000109B002B01DCFFF7CDFB059ADF4B013A67
:1034F0002800310016920022F5F7AAFD0E00050003
:10350000781C0C950D96F6F7BDFC33002A00F5F7F4
:103510009FFD0022D64BF4F751FD0600D54A109BC3
:103520008F180E930E9BD449013BDB00CB181296EB
:1035300013970C9D0D9E1191280006CB14911592A6
:103540003100F6F767FC30239C46844463461793AA
:10355000F6F798FC02000B0028003100F6F730F86F
:10356000149A159B0F00494606000498451C0C95BB
:10357000002900D18AE10020C049F5F733F9129AF9
:10358000139BF6F71DF8049A179B12901391137072
:1035900032003B00F3F73EFC002800D082E24246B6
:1035A00000230C9517949846129C139D149233E0B7
:1035B000012398440E9B984500DB7DE20022200009
:1035C0002900AA4BF5F744FD0022A84B04000D008A
:1035D00030003900F5F73CFD0F000600F6F71AFC45
:1035E0008146F6F74FFC02000B0030003900F5F77A
:1035F000E7FF0C9B0F0001330C934B46414606003E
:10360000049A30335354300022002B003900F3F772
:10361000EDFB002800D041E232003B000020984939
:10362000F5F7CEFF22002B00F3F7E0FB0028BFD018
:10363000149B0C9D9846169B179C01339A4604993F
:1036400002E08D4200D1CFE12A00013D2B78392BD9
:10365000F7D002920133D1462B7018E53123029244
:10366000049A1370059B02339946FDE49E1B099B47
:10367000002B01DBFFF7C4FB089B099A0121200006
:103680009F1A00F085FB0500089B08970693534698
:10369000002B00DD5DE15B46002B00D0D2E1069BF4
:1036A000089F0A9E0893FFF7C4FB01250023994653
:1036B000259B002B05DD259B1E0010930993FFF72A
:1036C000C4FA002300212000E36300F063FA0490B1
:1036D000002800D1B8E1049BA36301231093099350
:1036E0002593FFF7CCFA012501239946E0E7012352
:1036F0005B1B0893059B9A460A9300230B93FFF7E5
:1037000050FA059B002B00D166E1069807995D42AF
:103710000F23594A2B40DB00D3180CCBF5F798FC4C
:103720002D110C900D91002D00D112E20E94012765
:103730000224544E01E06D1008362F4203D16D1063
:1037400008362F42F7D032687368F5F781FC0134F0
:103750006D1000D14EE10836F3E75946200000F025
:1037600045FA0C9B5B429946049B0293002D00D0C6
:1037700089E48CE4029B002B01D0FFF7EDFA039B58
:103780001B0301D0FFF7E8FA3F4B039A134201D124
:10379000FFF7E2FA089B01260133089353460133F1
:1037A0009A46FFF7D9FA2000696800F0F3F9061E7F
:1037B00000D1D4E129002A690C31023292000C3088
:1037C000F8F7C0FF01223100200000F057FC8246CC
:1037D0002FE545460894D0465C4602000B00F4F7FE
:1037E000EDFB059B0600013399469A46029A039B1E
:1037F0000F00F3F70FFB00280AD1029A039B300059
:103800003900F3F7EDFA002804D0089BDB0701D557
:10381000049919E702953AE401230A93FFF790FA15
:10382000049B01330C93069D079E029A039B28007C
:103830003100F4F7D7FFF6F7EDFA07000890F6F736
:1038400021FB029A039BF5F703FC02000B00280002
:103850003100F5F7B5FE3B00049A30331370099B35
:103860000C9D012B00D042E4B7E7C0460000244085
:1038700000001C400000C0FCD08002000000E03FBF
:103880000000F03FA88002000000F07F129813991A
:10389000F5F7DEFB179B1290139104990B700E9BAA
:1038A000CA189146012B20D014942C000022B14B51
:1038B00030003900F5F7CCFB0F000600F6F7AAFA46
:1038C0000500F6F7DFFA02000B0030003900F5F7CB
:1038D00077FE30352570013406000F00A145E5D193
:1038E0000C9B149C5D1E0E9BED18002212981399E0
:1038F000A14BF4F763FB32003B00F3F777FA0028A3
:1039000000D0C6E0129A139B00209B49F5F758FEA1
:1039100032003B00F3F77EFA00280FD1199B002BF1
:1039200000DAC5E0059B0E2B00DDC1E0059B119A76
:10393000DB00D3180CCB0292039374E72B00013DFC
:103940002A78302AFAD00293169B01339946FFF762
:103950009EFB08990B00514500DD5346069AD21A8A
:103960000692089AD71A5246D31A9A465B46002BFB
:1039700000D1E3E0002E0AD141465A46200000F073
:1039800013FB069B80460A9E0893FFF752FA32000B
:103990002900200000F008FB42460100050020003D
:1039A00000F026FA41468146200000F01FF95B46F0
:1039B000069A9B1B9B46C8460A9E089201D1FFF7B8
:1039C00038FAD9E7330046469846059B08950133F7
:1039D00099465546FFF72FFB069A079B02270C9244
:1039E0000D9327E50027C5E70292524601323123A5
:1039F000924630E627000C900D910E9C1AE5392373
:103A00003B70059B089501339946554604997E1CE9
:103A1000FFF722FB4846B046002800DD72E484E44C
:103A200000230A9E0025089F0A93FFF789F9069B49
:103A3000B046392BE3D0089B002B00DD72E474E420
:103A4000B04672E4089F95E7B02100224B4B4C48EA
:103A5000FF31F6F751FB3800F6F714FA0C9A0D9B7C
:103A6000F5F7F6FA474B0022F4F7A8FA464B0600A2
:103A7000CF1800E500230A9E002700250A93FFF7D0
:103A80005FF9002800D050E4069BDB0700D545E431
:103A90004BE4169B049901339A46D5E5149B0C9D83
:103AA0009846179C169B029501339946FFF7EFFA4B
:103AB000259B0C93FFF728F9149B179C9846199B9C
:103AC000002B04DB059B0E2B01DCFFF7E5F8259BA3
:103AD0000C93099B5E1E5B46B34200DBC6E50A9A67
:103AE000F31A94469C4463460999089F0A937B18ED
:103AF0000693534620005B1801219A4600F048F9CE
:103B00000500002F01D1B34636E7089A5346924587
:103B100000DD1300069AB346D21A0692089AD71A05
:103B20005246D31A9A4627E7249A022A0BDC059AB2
:103B30000993914652460592FFF755FA069B0A9E55
:103B40000893FFF776F953460593109B0993FFF707
:103B50001DFC02276EE40021E163FFF784F83200C8
:103B6000064B07480949F6F7C7FA094B0493FEF7D5
:103B700096FFC046000024400000E03FC4750200EC
:103B8000D875020000001C400000C0FCEF020000DD
:103B9000B475020070B50400406C0D0000280AD016
:103BA000AB00C3181868002812D002681A600023FE
:103BB0000361C36070BD21220421200000F030FDAC
:103BC00060640028F6D0AB00C31818680028ECD158
:103BD0000123AB405A1D0121200092001E0000F07D
:103BE0001FFD0028E6D045608660E0E7002906D08A
:103BF0004A68436C92009B181A680A601960704703
:103C0000F0B5C6461E008046002300B50D000C69C5
:103C100014310868013307043F0C5743000C50432C
:103C2000BF193E0C80193F04060C3F0C0004C0195C
:103C300001C19C42EDDC002E07D0AB68A34208DD39
:103C4000A300EB1801345E612C61280080BCB846EB
:103C5000F0BD696840460131FFF79CFF071E16D092
:103C600029002A690C31023292000C30F8F76AFD03
:103C700043466A685B6C92009B181A682A601D6054
:103C80003D00A300EB1801345E612C61DDE73A00D2
:103C9000BA21024B0248F6F72FFAC046C47502005B
:103CA0003C7602008022030052020020934201D29F
:103CB0001B04103080225204934201D208301B02B0
:103CC00080225205934207D38022D205934214D218
:103CD0009B0014D4033008E0802104301A01C90588
:103CE0008A4203D3D243D20F801870479A019B01B6
:103CF00005D40A42EED12020F7E71A00F2E702309D
:103D0000F3E7C04603685A0708D0DA072BD49A07AE
:103D10002ED501225B080360100070471A0410D1F1
:103D2000FF211B0C1022194201D108321B0A19076E
:103D300016D099070ED0D90701D401325B08036071
:103D4000EAE7FF221A4210D01A0719D104221B09F0
:103D50009907F0D159070FD59B0802320360DBE7C2
:103D600004321B09F4E70022D6E708221B0ADEE72B
:103D70009B0802220360CFE7DB0805D12022CBE7B6
:103D8000DB0803220360C7E703320360C4E7C046D1
:103D9000436C70B504000D00002B0AD05868002851
:103DA00015D002685A600023C36001234561036196
:103DB00070BD2122042100F033FC031E6064EDD1AC
:103DC00046210022084B0948FF31F6F795F91C22DD
:103DD0000121200000F024FC0028F1D001234360E1
:103DE00001338360DFE7C046C47502003C76020001
:103DF000F0B54E4657464546DE46E0B50B691669B6
:103E000089461700984687B0B34204DB33000F00A1
:103E10004646914698464346F518BB687968AB42DA
:103E200000DA0131FFF7B6FE8446002800D1AFE08A
:103E3000142363449A46AC0054440022A34202D2A5
:103E400004C39C42FCD8434649469B009846143123
:103E50008844414500D387E014239946B9444B4632
:103E600002933B000022B6004E44F71B153F15336A
:103E7000BF089E425241BB0003934346A3465046AF
:103E80000C00E246A946B4460193049206E02D0CCC
:103E900037D1019B04340430A34262D925682B0436
:103EA000190C002BF3D0029D5B46A04600260C00A7
:103EB00083462F00059308CF01681A04120C624351
:103EC0001B0C0D0463432D0C52199219090C5B183D
:103ED000110C5B1812041E0C120C1B04134308C0B7
:103EE000BC45E8D8059B58469B46049B44465A1E51
:103EF0009341039A5B421340C3185E6025682D0C02
:103F0000C7D006000368A046604619000024B446E6
:103F1000029F3A88090C6A43121952181B041104B3
:103F20001B0C0B43336010CF7168240C6C430B04E3
:103F30001B0CE318120C9B181C0C0436B842E8D872
:103F4000624684461000049A4446511E8A410399F1
:103F500052420A4082185360019B04340430A34249
:103F60009CD85C464D46D446002D03DC06E0013D5E
:103F7000002D03D0043C2368002BF8D06346604634
:103F80001D6107B0F0BCBB46B246A946A046F0BDD5
:103F9000B1210022024B03484900F6F7ADF8C046B4
:103FA000C47502003C7602000323F0B5C646140037
:103FB0001A0080460E0000B52240234237D1A410DB
:103FC00031D043461D6C002D3AD001273B002340E1
:103FD0006410002B08D1286800281AD005003B0087
:103FE00023406410002BF6D02A0031004046FFF732
:103FF000FFFE002E07D0434672685B6C92009B1850
:104000001A6832601E60002C0ED006002868002856
:10401000E4D12A0029004046FFF7EAFE0023286089
:1040200005000360DBE7300080BCB846F0BD0F4BF5
:10403000013A9200D2580023FFF7E2FD0600BEE7E6
:1040400001214046FFF7A6FD051E08D0084B43613D
:10405000012303614346186400230360B5E746214A
:104060002A00044B0448FF31F6F746F89C80020012
:1040700071020000C47502003C760200F0B54E46A5
:10408000DE4657464546E0B50D002E695311994668
:10409000330083B04B4401935C1CAB68834617002C
:1040A00049689C4203DD01315B009C42FBDC5846C1
:1040B000FFF770FD804600284FD04B4614308246F3
:1040C000002B0ADD4A46960032000300002114321C
:1040D000424402C39342FCD1B2441F222B00100081
:1040E0002969143389003840814659183A422ED044
:1040F0000132121A94465746002648461A688240F2
:10410000324304C7624640CBD6409942F5D82A00D4
:1041100015320023914203D34B1B153B9B089B0098
:1041200053445E60002E00D1019C43461C615B46F7
:1041300040466A685B6C92009B181A682A601D6092
:1041400003B0F0BCBB46B246A946A046F0BD5046FF
:1041500004CB04C09942FBD8E6E7EF210022024BD2
:1041600002484900F5F7C8FFC47502003C7602001A
:1041700010B5C64602690B6900B5D41AA4469A4226
:1041800018D114309A00143104008318891801E002
:104190009C420FD2043B043918680A689042F7D059
:1041A000002390425B4102205B4218400123844679
:1041B0005B429C44604610BCA04610BDF0B557461B
:1041C0004E464546DE46E0B515000A692B69844631
:1041D0000E0083B0D71A9A4214D1080029009A0021
:1041E000143014318318891802E0984200D38FE00C
:1041F000043B04391A680C68A242F6D000D392E05E
:10420000012705E0002FFBDB2B0000270D001E001F
:1042100060466968FFF7BEFC002800D18FE01422D9
:10422000142191468C46A9442B693500C7604F463E
:1042300034698444A4009A004A44A0466146143577
:10424000CB4682460196002466469946944638003D
:104250002A00A844009120C880CA29043B041B0CF2
:10426000090CC91A09192D0C3F0C0B14ED1BED1884
:1042700009042C14090C2D04294302C69045EAD8E0
:10428000019E4B46350015356246D94650460027FB
:10429000A84504D34546AD1B153DAD08AF00009DB4
:1042A000AA46BA444F443E1D57460437BC462F0029
:1042B0004D46B0467F1BB24239D9994682463B00F3
:1042C0002000F71802CE0D042D0C2D192D140C0C06
:1042D00009182D1909042C14090C2D0429433960DF
:1042E000B242EDD84446013A121B920892004B4666
:1042F0005046624402E0043A1168013B0029FAD0BA
:10430000036103B0F0BCBB46B246A946A046F0BD6F
:1043100000216046FFF73EFC00280AD0012303611C
:1043200000234361EDE72B0035001E0070E7524685
:10433000E4E70022054B06480649F5F7DDFE0022BA
:10434000024B03480449F5F7D7FEC046C475020086
:104350003C7602003702000045020000F0B5C64678
:1043600000B5012182B016001F00FFF713FC804644
:1043700000284AD03B037D001B0B6D0D02D080222C
:10438000520313430193002E19D101A8FFF7BAFC81
:104390004246019B01245361434620301C61002D9D
:1043A00025D035241C4BED18089B2D181D60201AB4
:1043B000099B1860404602B080BCB846F0BD684614
:1043C0000096FFF79FFC019C009B002805D020224F
:1043D0002100121A9140C4400B434246536194613C
:1043E000631E9C41434601341C61002DD9D10B4B07
:1043F000C018089B18600023E3189B004344186909
:10440000FFF750FC6401201AD2E70022044B054854
:104410000549F5F771FEC046CDFBFFFFCEFBFFFF60
:10442000C47502003C7602000F030000F0B546465A
:104430004F46D646C0B58E6880460C0017001D005A
:1044400008689E4239D80C228B5E9022D20013421B
:1044500010D135002A003900FDF7A6FC0020A36822
:104460009B1BA36023685B192360E0BCBA46B1467E
:10447000A846F0BD0969461A6069B24642001218A2
:10448000D00F8218681C521080199146904201D9B1
:10449000020081465B0512D511004046F5F782FE09
:1044A000061E1FD052462169F8F74CF9A389124A1B
:1044B000134080221343A38106E01E00CAE7404652
:1044C000FDF792F9061E09D053464A46F01862617C
:1044D000D21A266120602E00A260BBE74046216907
:1044E000F8F74CFA0C234246136040220120A389BE
:1044F00040421343A381B8E77FFBFFFF09238A896A
:10450000002010B51340092B00D010BD024B1868D5
:10451000F7F718FDF9E7C0467008002070B50500F0
:104520000C00002802D0436B002B56D000236360A0
:104530000C22A35E9A065AD45A071AD4DA0659D521
:1045400008261E4239D104221343A3812369002B7C
:104550003ED00C23E65EB3071ED1226928006369B2
:10456000E169266A2260B0476060002838DD0020DB
:1045700070BD216B0029E9D023004033994202D05D
:104580002800F8F7FBF900232363E36B6360002B3B
:10459000DCD0A36B2360EAE701231C4AA3811C49FA
:1045A0001C48FDF763F80923A6813340092BD4D1B9
:1045B00021002800F7F722FCCFE721002800F7F7B9
:1045C000C1FC002813D1A389A060B343A061BAE75E
:1045D00021002800FDF79CF8BBE7F7F7EFFDA5E702
:1045E0000C22A35E00280BD120221343A3810120BB
:1045F0004042BDE709222A6040221343A381F6E727
:104600000022626040221343A381F0E710060020DD
:10461000FD4402007808002010B500F05DF810BDE0
:1046200010B50B0C140C002B30D1002C44D18BB2E4
:1046300091B25943F5F7B6FD041E3BD00300083B89
:104640005A6803239A43043A242A13D80300132AEE
:104650000BD90023036043601B2A10D90023836019
:10466000C360242A31D00300103300221A605A603C
:104670009A6002E00021F7F759FE200010BD030008
:10468000002208331A605A609A60F6E7002C16D1AF
:10469000141C89B292B24A43A4B29BB26343110C78
:1046A0005B18190C0BD1190492B21143F5F77AFD7E
:1046B000041EC3D10024E0E7231C0C1CE9E7F7F734
:1046C0009DFF0C2300240360D7E700220300026152
:1046D00018334261C9E7C04610B50A000021F7F758
:1046E00025FE10BD044A1368002B03D01818106073
:1046F00018007047014BF9E7902100209421002019
:10470000FFFFFFFFFFFFFFFFFFFFFFFFFFFFFFFFB9
:104710000100000001000000AC1A0020BC1A0020BB
:10472000CC1A002000F80000C007000000001F00A5
:1047300000040042020000001009000000080042CE
:1047400004000000110A0000000C004208000000F4
:10475000120B00000010004210000000130C0000BB
:1047600001FFFFFF001C0042800000001600000057
:104770000004FFFF002000420001000017000000BD
:104780000024004200020000170000000028004240
:104790000004000018000000002C00420008000087
:1047A00018000000FFFF000104050607FFFFFFFFE0
:1047B000FFFFFFFFFFFFFFFFFFFFFFFFFFFFFFFF09
:1047C000FFFFFFFF08090A0B0C0D0E0F0203FFFF8E
:1047D000FFFFFFFFFFFFFFFFFFFFFFFFFFFFFFFFE9
:1047E000FFFFFFFF10111213FFFFFFFFFFFFFFFF8F
:1047F000FFFFFFFFFFFFFFFFFFFFFFFFFFFFFFFFC9
:10480000FFFFFFFF0001020304050607FF090A0B73
:104810000C0D0E0F00010203040506070C0DFF0F1F
:1048200008FF0A0B000102030405060708090A0B2A
:104830000C0D0E0FFF010203040506070809FFFF18
:10484000FFFF0E0F08090A0BFF0D0E0FFF010203F9
:104850000405060708090A0B0C0DFFFFFF01020300
:1048600004FFFFFF55410000A9410000D9410000AD
:10487000794200005143000000000000216C667383
:104880002D3E626C6F636B5F636F756E74207C7C12
:1048900020626C6F636B203C206C66732D3E626CF3
:1048A0006F636B5F636F756E74006C6974746C65B5
:1048B00066732F6C66732E6300657272203C3D2018
:1048C00030002F007370203C20330025733A25649C
:1048D0003A6572726F723A20436F727275707465C6
:1048E00064206469722070616972206174207B3079
:1048F00078256C782C203078256C787D25730A001B
:104900002E2E006C66735F7461675F73697A652829
:104910006C66732D3E6773746174652E74616729CC
:10492000203E203078303030207C7C206F727068E0
:10493000616E73203E3D2030006C66735F7461676A
:104940005F73697A65286C66732D3E677374617452
:10495000652E74616729203C203078316666207CA2
:104960007C206F727068616E73203C3D2030006C5B
:1049700066732D3E6366672D3E7265616420213D3E
:10498000202828766F6964202A293029006C6673F4
:104990002D3E6366672D3E70726F6720213D202893
:1049A00028766F6964202A293029006C66732D3EB1
:1049B0006366672D3E657261736520213D2028285E
:1049C000766F6964202A293029006C66732D3E6356
:1049D00066672D3E73796E6320213D202828766F0F
:1049E0006964202A293029006C66732D3E6366674E
:1049F0002D3E726561645F73697A6520213D2030C8
:104A0000006C66732D3E6366672D3E70726F675F44
:104A100073697A6520213D2030006C66732D3E63FA
:104A200066672D3E63616368655F73697A652021FF
:104A30003D2030006C66732D3E6366672D3E6361DA
:104A40006368655F73697A652025206C66732D3E07
:104A50006366672D3E726561645F73697A65203DA8
:104A60003D2030006C66732D3E6366672D3E6361AA
:104A70006368655F73697A652025206C66732D3ED7
:104A80006366672D3E70726F675F73697A65203D5C
:104A90003D2030006C66732D3E6366672D3E626C70
:104AA0006F636B5F73697A652025206C66732D3E9A
:104AB0006366672D3E63616368655F73697A65202D
:104AC0003D3D2030006C66732D3E6366672D3E626F
:104AD0006C6F636B5F73697A65203E3D20313238BD
:104AE000006C66732D3E6366672D3E626C6F636B70
:104AF0005F6379636C657320213D2030006C6673C1
:104B00002D3E6366672D3E636F6D706163745F74E5
:104B10006872657368203D3D2030207C7C206C6687
:104B2000732D3E6366672D3E636F6D706163745FC6
:104B3000746872657368203E3D206C66732D3E6319
:104B400066672D3E626C6F636B5F73697A652F32A7
:104B5000006C66732D3E6366672D3E636F6D7061FA
:104B600063745F746872657368203D3D20286C66CD
:104B7000735F73697A655F74292D31207C7C206CAA
:104B800066732D3E6366672D3E636F6D706163745F
:104B90005F746872657368203C3D206C66732D3EBF
:104BA0006366672D3E626C6F636B5F73697A650045
:104BB000216C66732D3E6366672D3E6D657461647E
:104BC0006174615F6D6178207C7C206C66732D3E22
:104BD0006366672D3E6D657461646174615F6D61CC
:104BE000782025206C66732D3E6366672D3E7265C6
:104BF00061645F73697A65203D3D203000216C66F9
:104C0000732D3E6366672D3E6D65746164617461EA
:104C10005F6D6178207C7C206C66732D3E636667D7
:104C20002D3E6D657461646174615F6D61782025EE
:104C3000206C66732D3E6366672D3E70726F675FF2
:104C400073697A65203D3D203000216C66732D3EEE
:104C50006366672D3E6D657461646174615F6D614B
:104C600078207C7C206C66732D3E6366672D3E62E7
:104C70006C6F636B5F73697A652025206C66732D9A
:104C80003E6366672D3E6D657461646174615F6D3E
:104C90006178203D3D2030006C66732D3E63666771
:104CA0002D3E6C6F6F6B61686561645F73697A65D7
:104CB000203E2030006C66732D3E6366672D3E6E8D
:104CC000616D655F6D6178203C3D20323535006C4B
:104CD00066732D3E6366672D3E66696C655F6D6128
:104CE00078203C3D20323134373438333634370085
:104CF0006C66732D3E6366672D3E617474725F6DE2
:104D00006178203C3D2031303232006C66732D3E9C
:104D10006366672D3E6D657461646174615F6D618A
:104D200078203C3D206C66732D3E6366672D3E62A5
:104D30006C6F636B5F73697A65006C66732D3E639D
:104D400066672D3E696E6C696E655F6D6178203DAA
:104D50003D20286C66735F73697A655F74292D3115
:104D6000207C7C206C66732D3E6366672D3E696EE9
:104D70006C696E655F6D6178203C3D206C66732DBB
:104D80003E6366672D3E63616368655F73697A653C
:104D9000006C66732D3E6366672D3E696E6C696EAE
:104DA000655F6D6178203D3D20286C66735F736997
:104DB0007A655F74292D31207C7C206C66732D3ED2
:104DC0006366672D3E696E6C696E655F6D61782004
:104DD0003C3D206C66732D3E617474725F6D61782A
:104DE000006C66732D3E6366672D3E696E6C696E5E
:104DF000655F6D6178203D3D20286C66735F736947
:104E00007A655F74292D31207C7C206C66732D3E81
:104E10006366672D3E696E6C696E655F6D617820B3
:104E20003C3D2028286C66732D3E6366672D3E6DE1
:104E3000657461646174615F6D617829203F206CE5
:104E400066732D3E6366672D3E6D657461646174A3
:104E5000615F6D6178203A206C66732D3E636667F2
:104E60002D3E626C6F636B5F73697A65292F380022
:104E70007063616368652D3E626C6F636B203C20DC
:104E80006C66732D3E626C6F636B5F636F756E74DF
:104E900000626C6F636B203D3D2028286C66735F59
:104EA000626C6F636B5F74292D3229207C7C2062D9
:104EB0006C6F636B203C206C66732D3E626C6F637D
:104EC0006B5F636F756E74006F6666202B2073696D
:104ED0007A65203C3D206C66732D3E6366672D3EEF
:104EE000626C6F636B5F73697A650070636163689E
:104EF000652D3E626C6F636B203D3D2028286C66FB
:104F0000735F626C6F636B5F74292D3129002573A9
:104F10003A25643A7761726E3A204379636C652072
:104F2000646574656374656420696E207461696C7E
:104F3000206C69737425730A0025733A25643A65F9
:104F400072726F723A204E6F206D6F7265206672BA
:104F50006565207370616365203078256C782573F2
:104F60000A0025733A25643A64656275673A2042FF
:104F7000616420626C6F636B206174203078256CF3
:104F80007825730A002866696C652D3E666C61673A
:104F9000732026204C46535F4F5F57524F4E4C595B
:104FA00029203D3D204C46535F4F5F57524F4E4C9A
:104FB0005900636F6D6D69742E6F66662025206CD5
:104FC00066732D3E6366672D3E70726F675F73690F
:104FD0007A65203D3D20300025733A25643A77619B
:104FE000726E3A205375706572626C6F636B20301D
:104FF00078256C7820686173206265636F6D652029
:10500000756E7772697461626C6525730A006469F4
:10501000722D3E636F756E74203E2030007064699F
:10502000720025733A25643A7761726E3A20556EA4
:1050300061626C6520746F2073706C6974207B30C2
:1050400078256C782C203078256C787D25730A00C3
:1050500025733A25643A64656275673A204578702D
:10506000616E64696E67207375706572626C6F63E0
:105070006B2061742072657620256C7525730A009B
:1050800025733A25643A7761726E3A20556E6162F3
:105090006C6520746F20657870616E642073757024
:1050A0006572626C6F636B25730A0025733A256421
:1050B0003A64656275673A2052656C6F6361746922
:1050C0006E67207B3078256C782C203078256C78C2
:1050D0007D202D3E207B3078256C782C2030782563
:1050E0006C787D25730A0025733A25643A646562FD
:1050F00075673A20466978696E67206D6F7665201E
:105100007768696C652072656C6F636174696E673E
:10511000207B3078256C782C203078256C787D20A9
:1051200030782568780A25730A0021286861737031
:105130006172656E7420262620657272203D3D20C6
:105140004C46535F4552525F4E4F454E5429002501
:10515000733A25643A64656275673A2046697869EE
:105160006E672068616C662D6F727068616E207B5F
:105170003078256C782C203078256C787D202D3E79
:10518000207B3078256C782C203078256C787D2534
:10519000730A0025733A25643A64656275673A209C
:1051A000466978696E67206D6F7665207768696CEF
:1051B0006520666978696E67206F727068616E73CA
:1051C000207B3078256C782C203078256C787D20F9
:1051D00030782568780A25730A0025733A25643AE1
:1051E00064656275673A20466978696E67206F72F8
:1051F0007068616E207B3078256C782C20307825A3
:105200006C787D25730A0025733A25643A646562DB
:1052100075673A20526577726974696E6720737595
:10522000706572626C6F636B207B3078256C782CB4
:10523000203078256C787D25730A0025733A256423
:105240003A64656275673A20466978696E67206DD1
:105250006F7665207B3078256C782C203078256C33
:10526000787D20307825687825730A006C66735F36
:105270007461675F7479706533286C66732D3E675F
:105280006469736B2E74616729203D3D204C465341
:105290005F545950455F44454C455445006366672B
:1052A0002D3E626C6F636B5F636F756E7420213D82
:1052B0002030006C6974746C6566730025733A2540
:1052C000643A6572726F723A20496E76616C6964F5
:1052D0002076657273696F6E20762568752E256855
:1052E0007520213D20762568752E25687525730A61
:1052F0000025733A25643A64656275673A20466F03
:10530000756E64206F6C646572206D696E6F7220BB
:1053100076657273696F6E20762568752E256875BF
:10532000203C20762568752E25687525730A002592
:10533000733A25643A6572726F723A20556E7375CE
:1053400070706F72746564206E616D655F6D6178F9
:105350002028256C75203E20256C752925730A00B0
:1053600025733A25643A6572726F723A20556E73EE
:105370007570706F727465642066696C655F6D61CD
:10538000782028256C75203E20256C752925730A08
:105390000025733A25643A6572726F723A20556E31
:1053A000737570706F7274656420617474725F6D70
:1053B00061782028256C75203E20256C7529257381
:1053C0000A0025733A25643A6572726F723A204971
:1053D0006E76616C696420626C6F636B20636F75BD
:1053E0006E742028256C7520213D20256C7529259B
:1053F000730A0025733A25643A6572726F723A2017
:10540000496E76616C696420626C6F636B207369AE
:105410007A652028256C7520213D20256C7529256D
:10542000730A0025733A25643A64656275673A2009
:10543000466F756E642070656E64696E6720677371
:10544000746174652030782530386C782530386C7C
:10545000782530386C7825730A00216C66735F6D8F
:105460006C6973745F69736F70656E286C66732DF9
:105470003E6D6C6973742C2028737472756374208C
:105480006C66735F6D6C6973742A2966696C652933
:10549000002866696C652D3E666C61677320262066
:1054A0004C46535F4F5F52444F4E4C5929203D3D6F
:1054B000204C46535F4F5F52444F4E4C5900216C75
:1054C00066735F6D6C6973745F69736F70656E2866
:1054D0006C66732D3E6D6C6973742C202873747226
:1054E000756374206C66735F6D6C6973742A2964CC
:1054F0006972290066696C65200064697220200069
:105500003F202020200025346C642062797465736C
:10551000200049676E6F726520746861742065723F
:10552000726F722120466F726D617474696E6720AC
:1055300066696C6573797374656D2E2E2E0D004649
:10554000696C6573797374656D206D6F756E7465C4
:1055500064207769746820256C64206279746573AF
:1055600020667265652E0D0A00436F756C646E27A8
:105570007420756E6D6F756E74202D20636F6E7460
:10558000696E75696E6720746F20666F726D6174E5
:105590002C2062757420796F752073686F756C6448
:1055A000207265626F6F74206166746572776172D4
:1055B0006473210D0046696C6573797374656D20A1
:1055C00072652D6D6F756E746564207769746820DF
:1055D000256C6420627974657320667265652E0D92
:1055E0000A00726D3A2025733A204E6F207375635E
:1055F000682066696C650D0A004E6F2066726565ED
:1056000020737061636521006361743A2025733AE9
:10561000204E6F20737563682066696C650D0A0003
:10562000623634656E636F64653A2025733A204EA6
:105630006F20737563682066696C650D0A00667279
:1056400065652073706163653A20256C642062791A
:105650007465730D0A0075736167653A20666F7231
:105660006D6174205945530D0073756264697265EC
:1056700063746F7269657320617265206E6F742048
:10568000737570706F727465640D003E3E000D0A94
:10569000436F6D6D616E6420746F6F206C6F6E6709
:1056A0002C20636C656172696E672E000D0A73773A
:1056B00073683E2000082008000D0A25730D0A00BB
:1056C00025750025753A0925730D0A00436F6D6D28
:1056D000616E64204C6973743A0D002025730925AE
:1056E000730D0A003F007072696E7420636F6D6DF8
:1056F000616E64206C6973740068656C7000666C20
:10570000617368007265626F6F7420746F20554614
:105710003220626F6F746C6F61646572006C73002D
:1057200075736167653A206C73205B504154485D26
:10573000006361740075736167653A20636174206A
:105740003C504154483E00623634656E636F646578
:105750000075736167653A20623634656E636F6405
:1057600065203C504154483E006466007072696E8A
:10577000742066696C6573797374656D20667265F3
:105780006520737061636500726D00757361676594
:105790003A20726D205B504154485D00666F726D17
:1057A00061740075736167653A20666F726D61742C
:1057B00020594553006563686F0075736167653AEA
:1057C000206563686F2054455854207B3E2C3E3E34
:1057D0007D2046494C45007374726573730074658F
:1057E0007374204344432077726974653B2075735A
:1057F0006167653A20737472657373205B4C454E24
:105800005D205B44454C41595F4D535D0020556E12
:10581000666C6F00556E64666C6F004F7672666CD6
:105820006F002D25342E31662573002D253033640D
:105830002573002D25332E316625730025357525FA
:1058400073002534752573002025303375257300CA
:1058500025342E3266257300486F62617274004EE3
:1058600075596F726B00205554432020004C6F6EA9
:10587000646F6E004C61676F7320005269796164D8
:105880006800206275726D6100436F6E66696775AE
:1058900072656420706F72742025642070696E20B8
:1058A0002564206F6E206368616E6E656C202564D0
:1058B0000A002530386C582530386C582530386C43
:1058C000582530386C58004F64646C7920537065EB
:1058D0006369666963204F626A6563747300536528
:1058E0006E736F722057617463680054696E7955E6
:1058F000534220434443002530326425303264252E
:105900003032642020002530326425303264253066
:105910003264253032640025326425326425303209
:105920006425303264002573253264004D6F0074A5
:105930007500574500744800467200534100537586
:10594000004D6F6E005475650057656400546875AE
:1059500000467269005361740053756E00415846E9
:1059600042444558430042585858435858580041FB
:1059700042474558585844004142475858584344B4
:1059800000465847425858584300415846584758CF
:105990004344004158464544435847004158584203
:1059A00058584358004146474344455842004146F1
:1059B0004742585843440025632563253264253007
:1059C000326425303264202000256325632532644B
:1059D0002532642530326420200020202020202021
:1059E0005374456262532057417443482020257305
:1059F00020257320253264202020202020002532FD
:105A0000642D25303264200053746220004A616E98
:105A100000466562004D617200417072004D61790F
:105A2000004A756E004A756C0041756700536570D9
:105A3000004F6374004E6F7600446563004D4F4E17
:105A400000545545005745440054485500465249B6
:105A5000005341540053554E0054494D45520044A3
:105A600041004441596E6F0025347500253675009C
:105A700059522020202020202020004D4F2020207F
:105A800020202020200044412020202020202020F1
:105A90000025303464253032642530326400202003
:105AA0002020436F696E7320002020202025730082
:105AB0002020202044696365200074415000744117
:105AC0005020200074456E6E504F0020202020256D
:105AD000336420202000545020202D2D2D20202004
:105AE000005B202020006C20202000206920200066
:105AF00020203120002020205D004D5525326425D6
:105B000073006D7553253264004D55002020202010
:105B1000202047414D626C72002020202020204D23
:105B2000496C6C4E5200202020202020504F6B45A5
:105B30004D4E0020202020202074457472495300CF
:105B40002020202020204A5052445920002020208C
:105B50002020206E49436B20200020202020202080
:105B60004341524D4E20002020202020204A7572B3
:105B70004153530020202020202020312075502028
:105B800000202020202020502020755020002020A0
:105B90002020202057694E785020002020202020EF
:105BA000204762205374410020202020202047629B
:105BB0002050417500202020202020574553746D2F
:105BC000690020202020202072416E67457200204D
:105BD00020202020204B694D202020002020202044
:105BE00020204D475320202000427472666C7900BB
:105BF000736E64207900736E64206E00436F6E7460
:105C0000207900436F6E74206E00474F614C202056
:105C100000202020202D202020202D00706C3120FD
:105C20002077696E7300706C32202077696E730084
:105C30002530326C750025326C7500535400535476
:105C400057006C6F636174696F6E2E753332004C50
:105C500041004C41540025632025303464004C4FF2
:105C6000004C4F4E002563253035640072490053C7
:105C7000756E7269004E6F204C6F63004E6F204C42
:105C80004F430053450053455400524953004E6F53
:105C90006E65202000253264253032642532730081
:105CA000204E65752020004E45214A202000437279
:105CB00065734E7400574158002031737420710091
:105CC0003173745174720020476962622000476228
:105CD000626F5573002046554C4C200046554C4C85
:105CE00020200057414E002033726420710033722F
:105CF000645174720054410054414C4C5900234685
:105D00000023430054454D5000424100424154009D
:105D1000205600205A002D20002A200064613032D5
:105D2000383300252E36730062550042757B64209F
:105D3000004C54004C45440020626C7565200062A4
:105D40006C756520200020677265656E00207265A5
:105D500064202000696E73746E74006E6F204C4571
:105D600064007241696E624F00746F47474C450092
:105D70002025316420536543004C6F456E6500203B
:105D80004E657665720031306E26696E003120688E
:105D90006F7572003220686F7572003620686F75FB
:105DA0007200313220687200203120646179002055
:105DB000372064617900544F00544D4F55740036BC
:105DC00030205365430032206E26696E0035206E08
:105DD00026696E0033306E26696E005349005349C0
:105DE00047005349474E414C00204800204C004298
:105DF000540042544E002062656570200062656563
:105E000070202000204E00434C00434C4F434B0079
:105E10003234680031326800414C4D00414C4152EF
:105E20004D20002020592020200020205820202014
:105E3000004C764C004C4556454C002D2D2D2D2DFB
:105E40002D002D2D4C764C2D00253164004552201F
:105E5000200052554E202000485325346400454E02
:105E6000644C530052554E4E455200204C4F534502
:105E70002000206200204500204600314600644595
:105E80006641756C005A456C644120004D41726951
:105E90004F20006C41796C4120004841727279209A
:105EA0000048417272794C004576416E674C004360
:105EB0004820253264004348004E4F20534E530083
:105EC000316F42617474004C6F4261747400253606
:105ED0006C750053430053544550200053545000F8
:105EE000534C4545502000534C00534C4545500001
:105EF0004157004157414B4500253032752530321E
:105F00007500252D3673004E58004E582D2D2D004E
:105F10006E4F20455674004E5825337500544F443B
:105F200041592000202025337520006E4557205907
:105F30004541520056414C456E74696E45530053BD
:105F4000742050417400496E44455020644159000A
:105F500048414C4C6F5745456E0043485269537455
:105F60004D4153006E4557205945415253204576C7
:105F700000454153744552004D4F744845525320DB
:105F8000644159004D454D4F5269414C206441597F
:105F9000004641744845525320644159004C4142E7
:105FA0004F5220644159007448416E6B5347695603
:105FB000696E0073657474696E67732E7533320091
:105FC000446F75626C6520746170210D0053696EB9
:105FD000676C6520746170210D006C66735F646985
:105FE000725F6F70656E006C66735F66696C655F8B
:105FF00077726974655F006C66735F66696C655F74
:106000007772697465006C66735F66696C655F7250
:106010006561645F006C66735F66696C655F72657D
:106020006164006C66735F66696C655F636C6F7357
:106030006500FFFF000000000000000000000000FD
:106040006C66735F66696C655F6F70656E006C6629
:10605000735F66735F64656D6F7665006C66735F12
:106060006469725F636F6D70616374006C66735F07
:1060700062645F73796E63006C66735F6469725FFC
:106080007472617665727365006C66735F646972C1
:106090005F72656C6F636174696E67636F6D6D6964
:1060A00074006C66735F66735F707265706F727098
:1060B00068616E73006C66735F62645F666C7573B3
:1060C00068006C66735F62645F70726F67006C6615
:1060D000735F62645F6572617365006C66735F64B1
:1060E00069725F6F727068616E696E67636F6D6D04
:1060F0006974006C66735F62645F72656164006CF2
:1061000066735F696E6974006C66735F666F726D4B
:1061100061745F00000000006410B71DC8206E3B72
:10612000AC30D9269041DC76F4516B6B5861B24D9E
:106130003C7105502083B8ED44930FF0E8A3D6D608
:106140008CB361CBB0C2649BD4D2D38678E20AA070
:106150001CF2BDBD0000000003870000198700008D
:106160002F8700003F870000100000004000000063
:10617000000100002000000064000000400000005A
:1061800010000000000000000000000000000000FF
:1061900000000000000000000000000000000000FF
:1061A00000000000000000002D5344001F1C1F1EB3
:1061B0001F1E1F1F1E1F1E1F0003020500030501D7
:1061C0000406020453616E266F610000684E4C5550
:1061D0004C550001416E636872670002536561743B
:1061E000744C000344656E766572000441727A6FE8
:1061F0006E61000543686361676F000652656769F9
:106200006E6100074E596F726B20000868614C691F
:10621000666100096E266E615573000A53746961E8
:10622000676F000B53616F504C6F000C5374204A22
:106230006E73000D20204E75756B000E20202055CA
:106240007443000F204C6F6E646E0010204C616729
:106250006F7300114265724C494E001243616972BE
:106260006F2000136E266170746F001431737261B9
:10627000654C0015684C736E6B6900164E6169724F
:106280006F62001752796164682000186E2673638C
:106290006F7500192B656872616E001A2064756253
:1062A0006169001B20316E644961001C204E6570DD
:1062B000614C001D3875726E2661001E426E676B60
:1062C0004F6B001F53686E6768690020686F6E4BE4
:1062D0006F6E0021536E67706F72002220506572DE
:1062E0007468002320546F6B796F002453656F75B9
:1062F0004C20002544617275696E002641644C6132
:1063000069640027427273624E65002820686F62DC
:10631000727400295379306E6579002A20477561BF
:106320004E37002B2B6172617761002C4175636BD6
:106330004C64002DD40000000000D80000000400D0
:10634000DC1002000800E01002000E00E410020061
:106350001300E40000001800E81002001C00E80030
:1063600000002100EC1002002500F00602002A00C7
:10637000F00000002F00F00802003300F4000000DD
:106380003B00F60602004300F80A02004800000045
:1063900000005000000A02005400040000005C00ED
:1063A000040A02006000080C0200660008000000F9
:1063B0006C00081202007000080A020066000C005F
:1063C000000075000C00000079000C0000007D004A
:1063D0000E0000008100100000008D00160000007B
:1063E00091001700000095001A0000009B001C009F
:1063F0000000A10020000000210020000000A500F6
:1064000020000000AA0020000000AE0024000000D0
:10641000B30024000000B70026000000BB002602E5
:106420000200C00028000000C60028040200CB00C3
:1064300028000200CB0028000000D100300000003E
:10644000D600300E0200DA00535354004853540073
:10645000414B2563540050256354004D256354007F
:106460004D53540043256354004353540045256362
:10647000540041256354002D3034002D30342F2D2D
:106480003033002D30332F2D3032004E2563540031
:106490002D30322F2D30310055544300474D542FAD
:1064A0004253540057415400434525635400454529
:1064B0002563540043415400492563540045415429
:1064C000002B3033004D534B002B303333302F2B08
:1064D00030343330002B303400495354002B3035E6
:1064E0003435002B30363330002B303700484B53D7
:1064F00054002B30380041575354004A5354004B3A
:1065000053540041435354004143256354004145D3
:1065100053540041452563540043685354002B31C4
:1065200032004E5A2563540008FF0F051108FF0F73
:10653000056A08FF0F051108FF0F056A08FF0F0520
:106540001101FF0F056A07FF47054E07FF0F032DD7
:1065500013FF17061017FF17086400FF07024D000E
:10656000FF07022817FF05015117FF042F2808FF16
:106570000F051107FF07056607FF47054E07FF0FC9
:10658000032D0DFFBD054E0DFF0703290B00000075
:1065900006470943453FB83B5E3834353932662FEC
:1065A000BD2C3B2ADC279F2583238521A31FDD1DCE
:1065B000301C9B1A1C19B4175F161D15EE13D01250
:1065C000C111C210D20FEE0E180E4D0D8E0CDA0B4B
:1065D0002F0B8F0AF7096809E1086108E9077707B7
:1065E0000C07A7064706ED0598054705FC04B4040B
:1065F00070043104F403BC03860353032403F6023E
:10660000CC02A4027E025A0238021802FA01DE010C
:10661000C301AA0192017B01660152013F012D01D4
:106620001C010C01FD00EF00E100D500C900BE0017
:10663000B300A9009F0096008E0086007F00000036
:10664000000000000000000000000000000000004A
:10665000000000000000000000000000000000003A
:1066600000000000000000003435363E3A383D3965
:106670002C2D2D2E313132302524262528FF25FFC3
:106680001C1D1E1A222021FF494E4C49484A4DFF2D
:1066900052565554504551FF585E5C58595A5DFF4B
:1066A000062A0400010205FF0A0E100C08090DFF5E
:1066B00012161918141115FF006022632D004420D2
:1066C000390FC070044040123F065B4F666D7D0776
:1066D0007F6F000058484C53FF777F393F79713DF9
:1066E00076890E7538B7373F7367F76D813E3EBECA
:1066F0007E6E1B39240F2308025F7C585E7B716F0E
:106700007410427530B7545C7367506D78621CBE6C
:106710007E6E1B16363401FF4C4E4F535250514D76
:106720004446474B4A4849452C282A2F2E2D29FFFD
:1067300024202227262521FF43424140595B5AFF4E
:106740003B3A393C3D3F3EFF070A0804050609FF76
:106750000F12100C0D0E11FF2B231415130B16170F
:106760001B1F1E1C181A191D3032333736343531B1
:10677000003C2263ED004420390FC0700440081231
:106780003F065B4F666D7D077F6F000058484C5396
:10679000FF77CF398F79713D76891E7538B7373FCE
:1067A0007367C76D813E3EBEF66E1B39240F23080A
:1067B000025F7C585E7B716F74100E7530B7545C4D
:1067C0007367506D781C1CBE7E6E1B163634011F1D
:1067D0001C1F1E1F1E1F1F1E1F1E1F1F1E1F1E1FD2
:1067E0001F1E1F1E1F1F1DFF0000000080DE28004F
:1067F00080C84D0000A7760000349E008012C700BC
:10680000809FEE00007E1701805C400180E96701F7
:1068100000C890010055B8014D4F4E005455450039
:1068200057454400544855004652490053415400CE
:1068300053554E004D4F00545500574500544800E5
:10684000465200534100535500020408010904094F
:10685000024B00020100A032080B000202020000FD
:10686000090400000102020004052400200105249F
:10687000010001042402020524060001070581032A
:1068800008001009040100020A00000007050202C6
:106890004000000705820240000012010002EF02E2
:1068A000014009125121000101020301030000000F
:1068B00010000000020000001000000001000000B5
:1068C00010000000000000001000000001000000A7
:1068D0001600000003000000160000000200000087
:1068E00016000000030000000E000000020000007F
:1068F0000E000000010000000E000000000000007B
:106900000F000000010000000F0000000300000065
:106910000F000000020000000F0000000300000054
:106920000100000002000000020000000000000062
:106930000200000000000000010000000100000053
:106940000100000002000000010000000100000042
:10695000020000000300000003000000020000002D
:10696000040000000000000004000000000000001F
:10697000030000000100000003000000020000000E
:1069800003000000010000000400000003000000FC
:106990000A000000030000000800000000000000E2
:1069A00005000000010000000500000003000000D9
:1069B00004000000030000000200000002000000CC
:1069C00005000000030000000600000003000000B6
:1069D00007000000020000000700000000000000A7
:1069E0000700000000000000060000000200000098
:1069F0000600000001000000060000002C59020003
:106A00002F5902003259020035590200385902004C
:106A10003B5902003E59020041590200455902000B
:106A2000495902004D5902005159020055590200BE
:106A3000595902005D590200665902006F5902005F
:106A400078590200815902008A59020093590200C4
:106A50009C590200A5590200AE5902003E4B540356
:106A60000105070809020004060809414C4D4F546E
:106A7000555745544846525341534F454431744D40
:106A800046574EFFB85602000D5A0200115A020036
:106A9000155A0200195A02001D5A0200215A02001A
:106AA000255A0200295A02002D5A0200315A0200CA
:106AB000355A0200395A02003D5A0200415A02007A
:106AC000455A0200495A02004D5A0200515A02002A
:106AD000555A02006C2F2D5C315C2D2F02040608E4
:106AE0000A0C14181E20243063302B4E33293868CA
:106AF000344528FFE15A0200E65A0200EB5A020030
:106B0000F05A0200F55A0200F05A0200EB5A020055
:106B1000E65A02000C5B02000C470000026F020004
:106B2000195B02000C4D0000A16E0200265B020002
:106B30000C5000003C6E0200335B02000C5400005D
:106B4000ED6D0200405B02000C4A0000C86D0200BF
:106B50004D5B02000C4E0000996D02005A5B020072
:106B60000C4300002E6D0200675B02000C58000011
:106B7000056D0200745B02000B310000EC6C02003A
:106B8000815B02000C320000AB6C02008E5B0200E5
:106B90000C5700008E6C02009B5B02000C42000050
:106BA000876C0200A85B02000C6200007C6C020093
:106BB000B55B02000C5100003D6C0200C25B02009C
:106BC0000C520000246C0200CF5B02000C4B000052
:106BD0000D6C0200DC5B02000C530000E06B020055
:106BE0002F0133012F0133012F0133012F01330115
:106BF0002F01330157062F0133012F0133012F01DC
:106C000033012F0133012F013301571000460622B3
:106C10000257054606220257054906570246062234
:106C2000025710004D0657084D0657084B065702ED
:106C30004D065708500657084D0657100047015794
:106C400001FE02572243015701FE02572245015718
:106C500001FE0257223E015701FE02574A3E0157EC
:106C600001FE02572245015701FE025722470157F4
:106C700001FE02572243015701FE0200330457056B
:106C80003F045705FC010033043F0857100042043D
:106C9000570C360457043D0457143B04570C360474
:106CA000570C4204570C3D04571000270227022BB3
:106CB000022E0233022E02330237023A023F023A18
:106CC000022F02330236023B0237023C023F0242ED
:106CD00002470243023102350238023D0238023EC9
:106CE000024102440249024402571000370457028D
:106CF0003A045702430457023F0457024104570223
:106D000046045710003207570731075707320D570F
:106D10000D2D0D570D2B0D570D3207570731075706
:106D200007320D570D2D0D570D2B0D5710001C065A
:106D300057061C065706250657062506570625063C
:106D4000570625062606571826065706260657060E
:106D5000230657062106570623065706210628064E
:106D6000570C250657062306570621065706210607
:106D700057122106570621065706230657122306E7
:106D8000571207065706070657060706570607064F
:106D9000090657060906571000270927095709272A
:106DA000095709220957092209270957092B0957A9
:106DB000092709571A240957092409570926095789
:106DC000092609274F571000271D2C1D271D201DA0
:106DD000271D2C1D2739271D2C1D271D2C1D302B51
:106DE0002E0E2C0E2B0E290E27395710002B0C2699
:106DF000062706290C27062606240C240627062B20
:106E00000C2906270626122706290C2B0C270C24F2
:106E10000C240C570C29122C06300C2E062C062B99
:106E20001227062B0C29062706260C2606270629DC
:106E30000C2B0C270C240C240C5710001D042104CF
:106E4000220A5702220F5702220457012204570137
:106E5000220A5702220A5702220A57022004570127
:106E60002004570120045701200457012004570132
:106E700021045701220F57042606570229125704EE
:106E80001B0E5704200657022C0E57022B042A040F
:106E900029165704200E57021F041E041D165710F2
:106EA000002E0957122C092C09572E2C0957092E90
:106EB0000957092F0957092E0957122C092C095770
:106EC0002E2C0957092E0957092F0957092C095744
:106ED000122E0957122F0957092C0957092E095745
:106EE000092F09570931095709330957373409332D
:106EF000092F092C09320931092F092C09271E579E
:106F00001000250929092C09240929092C0922091D
:106F1000250929092009240927091E09220925090B
:106F2000200924092709250929092409250E5710B4
:106F300000FF2020000000000000FFFF0000000014
:106F40000000803FA53ECC40521F0641A53E5C415B
:106F5000A53E7C41FC2EA941FC2EB941A53EE44151
:106F6000A53EEC415952004D4F0044410020200005
:106F70004852004D31005345005965617220004D63
:106F80006F6E74680044617920200020202020204A
:106F900000486F757220004D696E7574005365630B
:106FA0006E6400320200FFFF725E0200755E020036
:106FB000045E0200E95D0200785E02007B5E020072
:106FC0007E5E020056720200855E0200457202007B
:106FD0008C5E02002A720200E25B0200FF71020076
:106FE000D55B0200EA710200C85B0200D3710200A7
:106FF000935E0200B87102009A5E0200997102006D
:10700000A15E0200627102006D5B02003B71020032
:10701000A85E02000C7102007A5B0200F3700200AD
:10702000875B0200B4700200945B0200997002005A
:10703000A15B020092700200AE5B0200877002004A
:10704000BB5B02004870020047015701FE02572255
:1070500043015701FE02572245015701FE02572204
:107060003E015701FE02574A3E015701FE025722D8
:1070700045015701FE02572247015701FE025722E0
:1070800043015701FE0200330457053F045705FC36
:10709000010033043F085704004204570C360457DC
:1070A000043D0457143B04570C3604570C42045754
:1070B0000C3D0400270227022B022E0233022E026F
:1070C000330237023A023F023A022F0233023602FB
:1070D0003B0237023C023F024202470243023102B6
:1070E000350238023D0238023E02410244024902A2
:1070F000440200370457023A045702430457023F40
:10710000045702410457024604570200270D570D49
:107110002A0D570D2C0D57072A0D57072C07570717
:107120002C0757072C075707310757072F07570713
:107130002E0357032C0757072E0D00320757073130
:10714000075707320D570D2D0D570D2B0D570D32CB
:1071500007570731075707320D570D2D0D570D2BC8
:107160000D00320C5701370C57013A06570139060A
:107170005701371057013E0857013C18570139187D
:107180005701370C57013A06570139065701361097
:10719000570138085701321800320C5701370C5785
:1071A000013A06570139065701371057013E085773
:1071B000013C1857013918003C0557013F0557019C
:1071C0004105570144055701410557013F05570146
:1071D0004114004D0657084D0657084B0657024DFF
:1071E000065708500657084D060046062202570566
:1071F0004606220257054906570246062202002F7C
:107200000133012F0133012F0133012F0133012FEE
:1072100001330157062F0133012F0133012F0133B1
:10722000012F0133012F01330100370757023707C0
:10723000570A3707570B330757013707570A3A08DA
:10724000571E2E08002E082D082A08240823082B74
:10725000082F083314004B0557064B0500001F1C70
:107260001F1E1F1E1F1F1E1F1E1FFFFF2B5F020062
:1072700001010000345F0200020E00003F5F0200C7
:1072800003110000465F020007040000505F020087
:107290000A1F00005A5F02000C190000645F020020
:1072A0000C1F0000715F020004140000785F0200F0
:1072B000050B0000845F0200051A0000915F0200C8
:1072C000060F00009D5F020009010000A75F020099
:1072D0000B1B0000F5F12C442CF1F5FF3C0078006D
:1072E0002C010807FFFFFF7F58020000100E00006E
:1072F000201C000060540000C0A800008051010064
:10730000803A09000BC2000025C2000069C20000DB
:10731000E1C40000E3C4000031D1000055D10000F9
:1073200069D1000045D2000000000000CDD8000067
:1073300001D9000029D9000009DB0000000000008D
:10734000C1220100EB220100ED220100AD24010069
:10735000BD24010015260100412601005926010027
:10736000E7260100E926010075FC000091FC000001
:10737000D5FC0000F100010000000000F90301004D
:107380000F04010019040100CD04010000000000F9
:1073900029CB000099CB0000A1CC0000A1CB0000BC
:1073A000D5CB0000DFD300000DD4000069D400006D
:1073B00011D700000000000069C5000085C500006D
:1073C00095C5000075C70000000000009D29010060
:1073D000B9290100D9290100D92A010000000000C3
:1073E00009EA000025EA000039EA0000E5EA0000A9
:1073F000000000001B1301003713010055130100AA
:107400008515010000000000450701006507010027
:10741000690701003908010000000000750801003B
:10742000770801007908010011090100000000003F
:107430006120010085200100A520010061210100DB
:107440000000000065110100411201004F1201000F
:107450000513010000000000150A0100290A0100BF
:107460004D0A01007D0C0100000000000DE7000046
:1074700025E7000059E7000041E900000000000096
:10748000DB040100F1040100D5050100FD06010047
:10749000000000000BF3000027F3000055F300008C
:1074A000A9F400000000000045DB000091DB0000B3
:1074B00039E4000093DB00000000000079F10000D7
:1074C00095F10000A1F10000F1F1000000000000C2
:1074D0007D190100A9190100151A0100B11F010051
:1074E000000000002C2066756E6374696F6E3A2090
:1074F00000000000617373657274696F6E2022254D
:107500007322206661696C65643A2066696C652047
:10751000222573222C206C696E6520256425732535
:10752000730A00003031323334353637383941424E
:10753000434445460000000030313233343536379D
:10754000383961626364656600000000286E756CFE
:107550006C2900000A0000002E0000004C435F432D
:107560004F4C4C41544500004C435F4354595045E7
:10757000000000004C435F4D4F4E455441525900AE
:107580004C435F4E554D4552494300004C435F54B8
:10759000494D45004C435F4D4553534147455300CA
:1075A000494E4600696E66004E414E006E616E00A7
:1075B00030000000496E66696E6974790000000051
:1075C0004E614E0042616C6C6F632073756363653E
:1075D00065646564000000002F566F6C756D6573FF
:1075E0002F646174612F6A656E6B696E732F776F9C
:1075F000726B73706163652F474E552D746F6F6C9E
:10760000636861696E2F61726D2D31352F737263FE
:107610002F6E65776C69622D63796777696E2F6E5F
:1076200065776C69622F6C6962632F7374646C692F
:10763000622F64746F612E63000000002F566F6C20
:10764000756D65732F646174612F6A656E6B696E09
:10765000732F776F726B73706163652F474E552D73
:10766000746F6F6C636861696E2F61726D2D313557
:107670002F7372632F6E65776C69622D63796777FC
:10768000696E2F6E65776C69622F6C6962632F7308
:1076900074646C69622F6D707265632E6300FFFF06
:1076A0000000000000000080182D4454FB21094018
:1076B000182D4454FB2109C0182D4454FB21E9BF67
:1076C000D221337F7CD90240D221337F7CD902C0C2
:1076D000E2652F227F2B7A3C075C143326A6813C7F
:1076E000BDCBF07A8807703C075C143326A6913C2A
:1076F0004FBB610567ACDD3F182D4454FB21E93FCA
:107700009BF681D20B73EF3F182D4454FB21F93FB8
:1077100059F3F8C21F6EA501000000000000F03F01
:1077200000000000000000000000000000000080D9
:10773000FB21F93FFB2109407CD91240FB21194074
:107740007A6A1F407CD92240BBFD2540FB2129409D
:107750003A462C407A6A2F405C4731407CD932400F
:107760009C6B3440BBFD3540DB8F3740FB213940FB
:107770001BB43A403A463C405AD83D407A6A3F40B2
:107780004C7E40405C4741406C1042407CD94240B6
:107790008CA243409C6B4440AC344540BBFD45400B
:1077A000CBC64640DB8F4740EB584840FB21494061
:1077B00083F9A200444E6E00FC291500D157270022
:1077C000DD34F50062DBC0003C9995004190430038
:1077D0006351FE00BBDEAB00B761C5003A6E24000A
:1077E000D24D42004906E00009EA2E001C92D10069
:1077F000EB1DFE0029B11C00E83EA700F535820014
:1078000044BB2E009CE98400B4267000417E5F00DA
:10781000D6913900538339009CF439008B5F840082
:1078200028F9BD00F81F3B00DEFF97000F98050008
:10783000112FEF000A5A8B006D1F6D00CF7E3600AE
:1078400009CB2700464FB7009E663F002DEA5F0038
:10785000BA277500E5EBC7003D7BF100F73907005B
:1078600092528A00FB6BEA001FB15F00085D8D0039
:10787000300356007BFC4600F0AB6B0020BCCF0011
:1078800036F49A00E3A91D005E619100081BE60032
:1078900085996500A0145F008D40680080D8FF00C6
:1078A00027734D0006063100CA561500C9A873009B
:1078B0007BE260006B8CC00000000040FB21F93FC0
:1078C000000000002D44743E000000809846F83C03
:1078D0000000006051CC783B00000080831BF03931
:1078E0000000004020257A38000000802282E33624
:1078F000000000001DF369350200000003000000D5
:107900000400000006000000A4770100D07601000A
:10791000BA76010036770100BA7601006A77010075
:10792000BA76010036770100D0760100D0760100EA
:107930006A77010036770100A6760100A67601007D
:10794000A676010074770100D0760100D0760100A0
:10795000BA76010012780100BA7601006A77010058
:10796000BA76010012780100D0760100D0760100CD
:107970006A77010012780100A6760100A676010060
:10798000A6760100788A01002E890100A2880100F4
:10799000CE880100A2880100108A0100A28801009F
:1079A000CE8801002E8901002E890100108A010075
:1079B000CE880100C4880100C4880100C488010089
:1079C000328A01000020202020202020202028288A
:1079D000282828202020202020202020202020208F
:1079E00020202020208810101010101010101010CF
:1079F00010101010100404040404040404040410FF
:107A0000101010101010414141414141010101018C
:107A10000101010101010101010101010101010156
:107A20001010101010104242424242420202020262
:107A30000202020202020202020202020202020226
:107A400010101010200000000000000000000000D6
:107A50000000000000000000000000000000000026
:107A60000000000000000000000000000000000016
:107A70000000000000000000000000000000000006
:107A800000000000000000000000000000000000F6
:107A900000000000000000000000000000000000E6
:107AA00000000000000000000000000000000000D6
:107AB00000000000000000000000000000000000C6
:107AC0000000000000FFFFFFD6AF010094A90100F5
:107AD00094A90100CCAF010094A9010094A9010070
:107AE00094A901008CAF010094A9010094A90100A0
:107AF00044AC01003EB0010094A9010058AC010063
:107B0000F6AF010094A90100ECAF010086AA0100C4
:107B100086AA010086AA010086AA010086AA0100A1
:107B200086AA010086AA010086AA010086AA010091
:107B300094A9010094A9010094A9010094A901004D
:107B400094A9010094A9010094A9010094A901003D
:107B500094A90100C8AA0100A6AE010094A90100E1
:107B600094A9010094A9010094A9010094A901001D
:107B700094A9010094A9010094A9010094A901000D
:107B800094A9010020AE010094A9010094A901006C
:107B900094A90100BEAB010094A9010062AC0100F0
:107BA00094A9010094A901001CB4010094A901004A
:107BB00094A9010094A9010094A9010094A90100CD
:107BC00094A9010094A9010094A9010094A90100BD
:107BD00094A90100C8AA010018AB010094A90100F2
:107BE00094A9010094A9010010AE010018AB010096
:107BF000BAA8010094A9010000AE010094A90100F7
:107C0000CAAD01009EAD0100F0AC0100BAA80100B0
:107C100094A90100BEAB0100B4A80100A2AC010010
:107C200094A9010094A90100B4B4010094A9010031
:107C3000B4A80100303030303030303030303030A7
:107C400030303030202020202020202020202020F4
:107C500020202020BCD50100F8CC0100F8CC010088
:107C6000B6D50100F8CC0100F8CC0100F8CC010039
:107C700068D50100F8CC0100F8CC01000ED201005B
:107C800020D60100F8CC010024D20100DCD501008F
:107C9000F8CC0100D6D50100FACD0100FACD0100E3
:107CA000FACD0100FACD0100FACD0100FACD0100B4
:107CB000FACD0100FACD0100FACD0100F8CC0100A7
:107CC000F8CC0100F8CC0100F8CC0100F8CC0100A0
:107CD000F8CC0100F8CC01001CCE0100F8CC01006A
:107CE0000CD00100B2D101001CCE01001CCE01005D
:107CF0001CCE0100F8CC0100F8CC0100F8CC01004A
:107D0000F8CC010062D50100F8CC0100F8CC0100EC
:107D100044D50100F8CC0100F8CC0100F8CC0100FA
:107D200090CF0100F8CC0100B0D40100F8CC0100E4
:107D3000F8CC01006ADC0100F8CC0100F8CC0100AD
:107D4000F8CC0100F8CC0100F8CC0100F8CC01001F
:107D5000F8CC0100F8CC01001CCE0100F8CC0100E9
:107D60000CD00100F4CE01001CCE01001CCE01009D
:107D70001CCE01003ED20100F4CE01006ACC01000D
:107D8000F8CC010028D20100F8CC010076D4010023
:107D90009ED301003ED301006ACC0100F8CC010063
:107DA00090CF010064CC010054D20100F8CC010056
:107DB000F8CC0100C0DC0100F8CC010064CC01006B
:107DC000AEEA01002EE401002EE401002EE40100E1
:107DD00016E50100FAE501002EE401002EE40100A1
:107DE0002EE401002EE401002EE401002EE4010047
:107DF0002EE401002EE401002EE401002EE4010037
:107E00002EE401002EE401002EE401002EE4010026
:107E10002EE401002EE401002EE401002EE4010016
:107E20002EE401002EE401002EE401002EE4010006
:107E30002EE401002EE401002EE401002EE40100F6
:107E4000AEEA01002EE401002EE401002EE4010060
:107E500016E50100FAE501003030303030303030C6
:107E60003030303030303030202020202020202092
:107E7000202020202020202048F801009EEF010033
:107E80009EEF010044F801009EEF01009EEF01000B
:107E90009EEF0100F6F701009EEF01009EEF01004A
:107EA000C4F40100AAF801009EEF0100DAF4010019
:107EB00066F801009EEF010062F80100A4F00100E5
:107EC000A4F00100A4F00100A4F00100A4F001005E
:107ED000A4F00100A4F00100A4F00100A4F001004E
:107EE0009EEF01009EEF01009EEF01009EEF01005A
:107EF0009EEF01009EEF01009EEF0100C6F0010021
:107F00009EEF0100B2F3010068F40100C6F0010029
:107F1000C6F00100C6F001009EEF01009EEF0100D7
:107F20009EEF01009EEF0100C2F501009EEF0100EF
:107F30009EEF0100DEF401009EEF01009EEF0100C4
:107F40009EEF0100ECF301009EEF0100CEF6010070
:107F50009EEF01009EEF01007C0002009EEF0100F9
:107F60009EEF01009EEF01009EEF01009EEF0100D9
:107F70009EEF01009EEF01009EEF0100C6F00100A0
:107F80009EEF0100B2F30100B8F10100C6F001005C
:107F9000C6F00100C6F00100DCF50100B8F10100F7
:107FA00094F101009EEF0100C6F501009EEF010073
:107FB00094F6010066F6010004F6010094F1010058
:107FC0009EEF0100ECF301008EF10100A2F7010029
:107FD0009EEF01009EEF0100D00002009EEF010025
:107FE0008EF101004E0E0200A0070200A007020061
:107FF000A00702008408020026090200A007020070
:10800000A0070200A0070200A0070200A0070200CC
:10801000A0070200A0070200A0070200A0070200BC
:10802000A0070200A0070200A0070200A0070200AC
:10803000A0070200A0070200A0070200A00702009C
:10804000A0070200A0070200A0070200A00702008C
:10805000A0070200A0070200A0070200A00702007C
:10806000A00702004E0E0200A0070200A0070200B7
:10807000A0070200840802002609020030303030D8
:108080003030303030303030303030302020202030
:10809000202020202020202020202020050000005B
:1080A000190000007D0000000080E03779C34143E3
:1080B000176E05B5B5B89346F5F93FE9034F384D4E
:1080C000321D30F94877825A3CBF737FDD4F1575FA
:1080D000000000000000F03F00000000000024400D
:1080E00000000000000059400000000000408F40E8
:1080F000000000000088C34000000000006AF84053
:108100000000000080842E4100000000D012634176
:108110000000000084D797410000000065CDCD41EC
:10812000000000205FA00242000000E876483742CD
:10813000000000A2941A6D42000040E59C30A2426B
:108140000000901EC4BCD64200003426F56B0C43E0
:108150000080E03779C3414300A0D8855734764387
:1081600000C84E676DC1AB43003D9160E458E143E8
:10817000408CB5781DAF154450EFE2D6E41A4B445D
:1081800092D54D06CFF08044F64AE1C7022DB544A2
:08819000B49DD9794378EA445B
:04819800F8B5C04630
:04819C00F8B5C0462C
:0881A00088EEFE7F01000000E3
:1081A800F9350000980C002010000C0000000000B9
:1081B800FFFFFFFFE4560200E65602000000000041
:1081C8003D910000F9560200E6560200000000004A
:1081D8003D910000FE560200045702000000000016
:1081E800319100001D5702002057020000010000D5
:1081F8002D8A0000315702003557020001010000A6
:10820800458A00004757020051570200010100004B
:10821800B98A0000695702006C570200000000008C
:10822800498B0000885702008B57020001010000AB
:10823800618B00009C570200A35702000101000057
:108248006D8B0000B5570200BA5702000303000007
:10825800958B0000D7570200DE570200000200008D
:10826800A19000004142434445464748494A4B4C87
:108278004D4E4F505152535455565758595A6162A2
:10828800636465666768696A6B6C6D6E6F7071723E
:10829800737475767778797A303132333435363786
:1082A80038392B2F00111051502A808080FFFFFF92
:1082B8004D680200C7580200DE58020082140020F0
:1082C800EB5802000003010302023A043C043E0496
:1082D8003F0C4104430441043F0C3E043F04410465
:1082E800461800370438043604330C0033043704C6
:1082F8003A043F0C004804005B5D005D5B003235CA
:108308000035320039650065390036610061360094
:108318003345004533003030004848003838000005
:10832800025703000200110A100A0F0A00270F2B38
:108338000F2E0F0016100F0E010203040405060786
:1083480001010101010001000300000212131415CC
:1083580016170001020405060000000101000100D3
:10836800000000010F0F0E0F0E0F0E020101000397
:10837800030214141515141115010001000201025D
:108388000080010001644B0357044B0357044B035F
:1083980057044B055726F80900FFFFFFFFFFFFFFB3
:1083A80000000200FFFFFFFF0000000000000000C7
:1083B80008020020080200201002002010020020FD
:1083C80018020020180200202002002020020020AD
:1083D800280200202802002030020020300200205D
:1083E800380200203802002040020020400200200D
:1083F80048020020480200205002002050020020BD
:10840800580200205802002060020020600200206C
:10841800680200206802002070020020700200201C
:1084280078020020780200208002002080020020CC
:10843800880200208802002090020020900200207C
:108448009802002098020020A0020020A00200202C
:10845800A8020020A8020020B0020020B0020020DC
:10846800B8020020B8020020C0020020C00200208C
:10847800C8020020C8020020D0020020D00200203C
:10848800D8020020D8020020E0020020E0020020EC
:10849800E8020020E8020020F0020020F00200209C
:1084A800F8020020F802002000030020000300204A
:1084B80008030020080300201003002010030020F8
:1084C80018030020180300202003002020030020A8
:1084D8002803002028030020300300203003002058
:1084E8003803002038030020400300204003002008
:1084F80048030020480300205003002050030020B8
:108508005803002058030020600300206003002067
:108518006803002068030020700300207003002017
:1085280078030020780300208003002080030020C7
:108538008803002088030020900300209003002077
:108548009803002098030020A0030020A003002027
:10855800A8030020A8030020B0030020B0030020D7
:10856800B8030020B8030020C0030020C003002087
:10857800C8030020C8030020D0030020D003002037
:10858800D8030020D8030020E0030020E0030020E7
:10859800E8030020E8030020F0030020F003002097
:1085A800F8030020F8030020000400200004002045
:1085B80008040020080400201004002010040020F3
:1085C80018040020180400202004002020040020A3
:1085D8002804002028040020300400203004002053
:1085E8003804002038040020400400204004002003
:1085F80048040020480400205004002050040020B3
:108608005804002058040020600400206004002062
:108618006804002068040020700400207004002012
:1086280078040020780400208004002080040020C2
:108638008804002088040020900400209004002072
:108648009804002098040020A0040020A004002022
:10865800A8040020A8040020B0040020B0040020D2
:10866800B8040020B8040020C0040020C004002082
:10867800C8040020C8040020D0040020D004002032
:10868800D8040020D8040020E0040020E0040020E2
:10869800E8040020E8040020F0040020F004002092
:1086A800F8040020F8040020000500200005002040
:1086B80008050020080500201005002010050020EE
:1086C800180500201805002020050020200500209E
:1086D800280500202805002030050020300500204E
:1086E80038050020380500204005002040050020FE
:1086F80048050020480500205005002050050020AE
:10870800580500205805002060050020600500205D
:10871800680500206805002070050020700500200D
:1087280078050020780500208005002080050020BD
:10873800880500208805002090050020900500206D
:108748009805002098050020A0050020A00500201D
:10875800A8050020A8050020B0050020B0050020CD
:10876800B8050020B8050020C0050020C00500207D
:10877800C8050020C8050020D0050020D00500202D
:10878800D8050020D8050020E0050020E0050020DD
:10879800E8050020E8050020F0050020F00500208D
:1087A800F8050020F805002000060020000600203B
:1087B8000000000003000000F41B0020430000003C
:1087C80000000000000000000000000000000000A1
:1087D800000000000000000000000000430000004E
:1087E8000000000000000000000000000000000081
:1087F800000000000000000000000000430000002E
:108808000000000000000000000000000000000060
:10881800000000000000000000000000430000000D
:108828000000000000000000000000000000000040
:1088380000000000000000000000000043000000ED
:108848000000000000000000000000000000000020
:1088580000000000000000000000000043000000CD
:108868000000000000000000000000000000000000
:1088780000000000000000000000000043000000AD
:1088880000000000000000000000000000000000E0
:10889800000000000000000000000000430000008D
:1088A80000000000000000000000000000000000C0
:1088B80000000000000000000000000000000000B0
:1088C80000000000000000000000000000000000A0
:1088D8000000000000000000000000000000000090
:1088E8000000000000000000000000000000000080
:1088F8000000000000000000000000000000000070
:10890800000000000000000000000000000000005F
:10891800000000000000000000000000000000004F
:10892800000000000000000000000000000000003F
:10893800000000000000000000000000000000002F
:10894800000000000000000000000000000000001F
:10895800000000000000000000000000000000000F
:1089680000000000000000000000000000000000FF
:1089780000000000000000000000000000000000EF
:1089880000000000351C020051CB0100000000006F
:10899800C479020058750200F0740200F0740200F5
:1089A800F0740200F0740200F0740200F074020027
:1089B800F0740200F0740200F0740200FFFFFFFF81
:1089C800FFFFFFFFFFFFFFFFFFFF00000100415314
:1089D80043494900000000000000000000000000BA
:1089E80000000000000000000000000000004153EB
:1089F800434949000000000000000000000000009A
:108A0800000000000000000000000000000000005E
:108A180078080020FFFFFFFF00000000F41B002083
:108A28005C1C0020C41C00200000000000000000A6
:108A3800000000000000000000000000000000002E
:108A4800000000000000000000000000000000001E
:108A5800000000000000000000000000000000000E
:108A680000000000000000000000000000000000FE
:108A780000000000000000000000000000000000EE
:108A880000000000000000000000000000000000DE
:108A980000000000000000000000000000000000CE
:108AA80000000000000000000000000000000000BE
:108AB80001000000000000000E33CDAB34126DE65B
:108AC800ECDE05000B0000000000000000000000C4
:108AD800000000000000000000000000000000008E
:108AE800000000000000000000000000000000007E
:108AF800000000000000000000000000000000006E
:108B0800000000000000000000000000000000005D
:108B1800000000000000000000000000000000004D
:108B2800000000000000000000000000000000003D
:108B3800000000000000000000000000000000002D
:108B4800000000000000000000000000000000001D
:108B5800000000000000000000000000000000000D
:108B680000000000000000000000000000000000FD
:108B780000000000000000000000000000000000ED
:108B880000000000000000000000000000000000DD
:108B980000000000000000000000000000000000CD
:108BA80000000000000000000000000000000000BD
:108BB80000000000000000000000000000000000AD
:108BC800000000000000000000000000000000009D
:108BD800000000000000000000000000000000008D
:108BE800000000000000000000000000000000007D
:108BF800000000000000000000000000000000006D
:108C0800000000000000000000000000000000005C
:088C1800000000000000000054
:04000003000020AD2C
:00000001FF
